Copyright 1986-2022 Xilinx, Inc. All Rights Reserved. Copyright 2022-2024 Advanced Micro Devices, Inc. All Rights Reserved.
------------------------------------------------------------------------------------------------------------------------------------------------------------------------------------------------------------------
| Tool Version : Vivado v.2024.1 (win64) Build 5076996 Wed May 22 18:37:14 MDT 2024
| Date         : Mon Aug 24 15:20:39 2026
| Host         : WINSKYK-PR7FMTG running 64-bit major release  (build 9200)
| Command      : report_timing_summary -max_paths 10 -report_unconstrained -file GPS_Top_timing_summary_routed.rpt -pb GPS_Top_timing_summary_routed.pb -rpx GPS_Top_timing_summary_routed.rpx -warn_on_violation
| Design       : GPS_Top
| Device       : 7s15-ftgb196
| Speed File   : -1  PRODUCTION 1.23 2018-06-13
| Design State : Routed
------------------------------------------------------------------------------------------------------------------------------------------------------------------------------------------------------------------

Timing Summary Report

------------------------------------------------------------------------------------------------
| Timer Settings
| --------------
------------------------------------------------------------------------------------------------

  Enable Multi Corner Analysis               :  Yes
  Enable Pessimism Removal                   :  Yes
  Pessimism Removal Resolution               :  Nearest Common Node
  Enable Input Delay Default Clock           :  No
  Enable Preset / Clear Arcs                 :  No
  Disable Flight Delays                      :  No
  Ignore I/O Paths                           :  No
  Timing Early Launch at Borrowing Latches   :  No
  Borrow Time for Max Delay Exceptions       :  Yes
  Merge Timing Exceptions                    :  Yes
  Inter-SLR Compensation                     :  Conservative

  Corner  Analyze    Analyze    
  Name    Max Paths  Min Paths  
  ------  ---------  ---------  
  Slow    Yes        Yes        
  Fast    Yes        Yes        


------------------------------------------------------------------------------------------------
| Report Methodology
| ------------------
------------------------------------------------------------------------------------------------

Rule       Severity          Description                    Violations  
---------  ----------------  -----------------------------  ----------  
TIMING-17  Critical Warning  Non-clocked sequential cell    1000        
TIMING-16  Warning           Large setup violation          30          
TIMING-18  Warning           Missing input or output delay  9           

Note: This report is based on the most recent report_methodology run and may not be up-to-date. Run report_methodology on the current design for the latest report.



check_timing report

Table of Contents
-----------------
1. checking no_clock (2492)
2. checking constant_clock (0)
3. checking pulse_width_clock (0)
4. checking unconstrained_internal_endpoints (5617)
5. checking no_input_delay (5)
6. checking no_output_delay (7)
7. checking multiple_clock (0)
8. checking generated_clocks (0)
9. checking loops (0)
10. checking partial_input_delay (0)
11. checking partial_output_delay (0)
12. checking latch_loops (0)

1. checking no_clock (2492)
---------------------------
 There are 1176 register/latch pins with no clock driven by root clock pin: DATA_HANDLER/ADC_CLOCK/ADC_Tick_reg_reg/Q (HIGH)

 There are 129 register/latch pins with no clock driven by root clock pin: DATA_HANDLER/sample_tick_reg_reg/Q (HIGH)

 There are 1187 register/latch pins with no clock driven by root clock pin: SPI_CLOCK/SPI_Tick_reg_reg/Q (HIGH)


2. checking constant_clock (0)
------------------------------
 There are 0 register/latch pins with constant_clock.


3. checking pulse_width_clock (0)
---------------------------------
 There are 0 register/latch pins which need pulse_width check


4. checking unconstrained_internal_endpoints (5617)
---------------------------------------------------
 There are 5617 pins that are not constrained for maximum delay. (HIGH)

 There are 0 pins that are not constrained for maximum delay due to constant clock.


5. checking no_input_delay (5)
------------------------------
 There are 5 input ports with no input delay specified. (HIGH)

 There are 0 input ports with no input delay but user has a false path constraint.


6. checking no_output_delay (7)
-------------------------------
 There are 7 ports with no output delay specified. (HIGH)

 There are 0 ports with no output delay but user has a false path constraint

 There are 0 ports with no output delay but with a timing clock defined on it or propagating through it


7. checking multiple_clock (0)
------------------------------
 There are 0 register/latch pins with multiple clocks.


8. checking generated_clocks (0)
--------------------------------
 There are 0 generated clocks that are not connected to a clock source.


9. checking loops (0)
---------------------
 There are 0 combinational loops in the design.


10. checking partial_input_delay (0)
------------------------------------
 There are 0 input ports with partial input delay specified.


11. checking partial_output_delay (0)
-------------------------------------
 There are 0 ports with partial output delay specified.


12. checking latch_loops (0)
----------------------------
 There are 0 combinational latch loops in the design through latch input



------------------------------------------------------------------------------------------------
| Design Timing Summary
| ---------------------
------------------------------------------------------------------------------------------------

    WNS(ns)      TNS(ns)  TNS Failing Endpoints  TNS Total Endpoints      WHS(ns)      THS(ns)  THS Failing Endpoints  THS Total Endpoints     WPWS(ns)     TPWS(ns)  TPWS Failing Endpoints  TPWS Total Endpoints  
    -------      -------  ---------------------  -------------------      -------      -------  ---------------------  -------------------     --------     --------  ----------------------  --------------------  
     -1.213      -45.785                     49                 1739        0.068        0.000                      0                 1705        4.500        0.000                       0                   900  


Timing constraints are not met.


------------------------------------------------------------------------------------------------
| Clock Summary
| -------------
------------------------------------------------------------------------------------------------

Clock        Waveform(ns)       Period(ns)      Frequency(MHz)
-----        ------------       ----------      --------------
sys_clk_pin  {0.000 5.000}      10.000          100.000         


------------------------------------------------------------------------------------------------
| Intra Clock Table
| -----------------
------------------------------------------------------------------------------------------------

Clock             WNS(ns)      TNS(ns)  TNS Failing Endpoints  TNS Total Endpoints      WHS(ns)      THS(ns)  THS Failing Endpoints  THS Total Endpoints     WPWS(ns)     TPWS(ns)  TPWS Failing Endpoints  TPWS Total Endpoints  
-----             -------      -------  ---------------------  -------------------      -------      -------  ---------------------  -------------------     --------     --------  ----------------------  --------------------  
sys_clk_pin        -1.213      -45.785                     49                 1664        0.068        0.000                      0                 1664        4.500        0.000                       0                   900  


------------------------------------------------------------------------------------------------
| Inter Clock Table
| -----------------
------------------------------------------------------------------------------------------------

From Clock    To Clock          WNS(ns)      TNS(ns)  TNS Failing Endpoints  TNS Total Endpoints      WHS(ns)      THS(ns)  THS Failing Endpoints  THS Total Endpoints  
----------    --------          -------      -------  ---------------------  -------------------      -------      -------  ---------------------  -------------------  
              sys_clk_pin       998.728        0.000                      0                   17                                                                        


------------------------------------------------------------------------------------------------
| Other Path Groups Table
| -----------------------
------------------------------------------------------------------------------------------------

Path Group         From Clock         To Clock               WNS(ns)      TNS(ns)  TNS Failing Endpoints  TNS Total Endpoints      WHS(ns)      THS(ns)  THS Failing Endpoints  THS Total Endpoints  
----------         ----------         --------               -------      -------  ---------------------  -------------------      -------      -------  ---------------------  -------------------  
**async_default**  sys_clk_pin        sys_clk_pin              5.959        0.000                      0                   41        1.300        0.000                      0                   41  
**default**        sys_clk_pin                                 8.560        0.000                      0                   17                                                                        


------------------------------------------------------------------------------------------------
| User Ignored Path Table
| -----------------------
------------------------------------------------------------------------------------------------

Path Group    From Clock    To Clock    
----------    ----------    --------    
(none)        sys_clk_pin                 
(none)                      sys_clk_pin   


------------------------------------------------------------------------------------------------
| Unconstrained Path Table
| ------------------------
------------------------------------------------------------------------------------------------

Path Group    From Clock    To Clock    
----------    ----------    --------    
(none)                                    
(none)        sys_clk_pin                 
(none)                      sys_clk_pin   


------------------------------------------------------------------------------------------------
| Timing Details
| --------------
------------------------------------------------------------------------------------------------


---------------------------------------------------------------------------------------------------
From Clock:  sys_clk_pin
  To Clock:  sys_clk_pin

Setup :           49  Failing Endpoints,  Worst Slack       -1.213ns,  Total Violation      -45.785ns
Hold  :            0  Failing Endpoints,  Worst Slack        0.068ns,  Total Violation        0.000ns
PW    :            0  Failing Endpoints,  Worst Slack        4.500ns,  Total Violation        0.000ns
---------------------------------------------------------------------------------------------------


Max Delay Paths
--------------------------------------------------------------------------------------
Slack (VIOLATED) :        -1.213ns  (required time - arrival time)
  Source:                 GPS_CONTROL/PRNG/seed_reg[4]/C
                            (rising edge-triggered cell FDRE clocked by sys_clk_pin  {rise@0.000ns fall@5.000ns period=10.000ns})
  Destination:            GPS_CONTROL/delay_counter3/B[3]
                            (rising edge-triggered cell DSP48E1 clocked by sys_clk_pin  {rise@0.000ns fall@5.000ns period=10.000ns})
  Path Group:             sys_clk_pin
  Path Type:              Setup (Max at Slow Process Corner)
  Requirement:            10.000ns  (sys_clk_pin rise@10.000ns - sys_clk_pin rise@0.000ns)
  Data Path Delay:        10.778ns  (logic 5.582ns (51.793%)  route 5.196ns (48.207%))
  Logic Levels:           13  (CARRY4=8 LUT2=2 LUT3=1 LUT5=2)
  Clock Path Skew:        0.050ns (DCD - SCD + CPR)
    Destination Clock Delay (DCD):    4.933ns = ( 14.933 - 10.000 ) 
    Source Clock Delay      (SCD):    5.142ns
    Clock Pessimism Removal (CPR):    0.259ns
  Clock Uncertainty:      0.035ns  ((TSJ^2 + TIJ^2)^1/2 + DJ) / 2 + PE
    Total System Jitter     (TSJ):    0.071ns
    Total Input Jitter      (TIJ):    0.000ns
    Discrete Jitter          (DJ):    0.000ns
    Phase Error              (PE):    0.000ns

    Location             Delay type                Incr(ns)  Path(ns)    Netlist Resource(s)
  -------------------------------------------------------------------    -------------------
                         (clock sys_clk_pin rise edge)
                                                      0.000     0.000 r  
    G4                                                0.000     0.000 r  clk (IN)
                         net (fo=0)                   0.000     0.000    clk
    G4                   IBUF (Prop_ibuf_I_O)         1.432     1.432 r  clk_IBUF_inst/O
                         net (fo=1, routed)           1.990     3.422    clk_IBUF
    BUFGCTRL_X0Y2        BUFG (Prop_bufg_I_O)         0.096     3.518 r  clk_IBUF_BUFG_inst/O
                         net (fo=900, routed)         1.624     5.142    GPS_CONTROL/PRNG/clk_IBUF_BUFG
    SLICE_X27Y0          FDRE                                         r  GPS_CONTROL/PRNG/seed_reg[4]/C
  -------------------------------------------------------------------    -------------------
    SLICE_X27Y0          FDRE (Prop_fdre_C_Q)         0.456     5.598 r  GPS_CONTROL/PRNG/seed_reg[4]/Q
                         net (fo=4, routed)           0.637     6.235    GPS_CONTROL/PRNG/seed[4]
    SLICE_X24Y0          LUT2 (Prop_lut2_I0_O)        0.124     6.359 r  GPS_CONTROL/PRNG/random_number_reg2_carry_i_1/O
                         net (fo=1, routed)           0.000     6.359    GPS_CONTROL/PRNG/random_number_reg2_carry_i_1_n_0
    SLICE_X24Y0          CARRY4 (Prop_carry4_S[3]_CO[3])
                                                      0.376     6.735 r  GPS_CONTROL/PRNG/random_number_reg2_carry/CO[3]
                         net (fo=1, routed)           0.000     6.735    GPS_CONTROL/PRNG/random_number_reg2_carry_n_0
    SLICE_X24Y1          CARRY4 (Prop_carry4_CI_O[0])
                                                      0.219     6.954 r  GPS_CONTROL/PRNG/random_number_reg2_carry__0/O[0]
                         net (fo=1, routed)           0.473     7.427    GPS_CONTROL/PRNG/random_number_reg2[5]
    SLICE_X23Y1          CARRY4 (Prop_carry4_S[1]_CO[3])
                                                      0.845     8.272 r  GPS_CONTROL/PRNG/random_number_reg1_carry__0/CO[3]
                         net (fo=1, routed)           0.000     8.272    GPS_CONTROL/PRNG/random_number_reg1_carry__0_n_0
    SLICE_X23Y2          CARRY4 (Prop_carry4_CI_O[1])
                                                      0.334     8.606 r  GPS_CONTROL/PRNG/random_number_reg1_carry__1/O[1]
                         net (fo=11, routed)          0.704     9.310    GPS_CONTROL/PRNG/random_number_reg1[9]
    SLICE_X20Y2          LUT3 (Prop_lut3_I0_O)        0.303     9.613 r  GPS_CONTROL/PRNG/random_number_reg0__6_carry__1_i_9/O
                         net (fo=4, routed)           0.514    10.126    GPS_CONTROL/PRNG/random_number_reg0__6_carry__1_i_9_n_0
    SLICE_X21Y2          LUT5 (Prop_lut5_I1_O)        0.124    10.250 r  GPS_CONTROL/PRNG/random_number_reg0__6_carry__1_i_1/O
                         net (fo=1, routed)           0.749    11.000    GPS_CONTROL/PRNG/random_number_reg0__6_carry__1_i_1_n_0
    SLICE_X25Y2          CARRY4 (Prop_carry4_DI[3]_CO[3])
                                                      0.385    11.385 r  GPS_CONTROL/PRNG/random_number_reg0__6_carry__1/CO[3]
                         net (fo=1, routed)           0.000    11.385    GPS_CONTROL/PRNG/random_number_reg0__6_carry__1_n_0
    SLICE_X25Y3          CARRY4 (Prop_carry4_CI_O[3])
                                                      0.313    11.698 r  GPS_CONTROL/PRNG/random_number_reg0__6_carry__2/O[3]
                         net (fo=2, routed)           0.500    12.198    GPS_CONTROL/PRNG/random_number_reg0__6_carry__2_n_4
    SLICE_X26Y3          CARRY4 (Prop_carry4_S[0]_O[3])
                                                      0.914    13.112 r  GPS_CONTROL/PRNG/random_number_reg0__44_carry/O[3]
                         net (fo=1, routed)           0.608    13.720    GPS_CONTROL/PRNG/random_number_reg0__44_carry_n_4
    SLICE_X27Y3          LUT2 (Prop_lut2_I1_O)        0.307    14.027 r  GPS_CONTROL/PRNG/random_number_reg0__53_carry__0_i_2/O
                         net (fo=1, routed)           0.000    14.027    GPS_CONTROL/PRNG/random_number_reg0__53_carry__0_i_2_n_0
    SLICE_X27Y3          CARRY4 (Prop_carry4_S[1]_O[2])
                                                      0.580    14.607 r  GPS_CONTROL/PRNG/random_number_reg0__53_carry__0/O[2]
                         net (fo=4, routed)           0.489    15.095    GPS_CONTROL/PRNG/random_number_reg0__53_carry__0_n_5
    SLICE_X28Y2          LUT5 (Prop_lut5_I4_O)        0.302    15.397 r  GPS_CONTROL/PRNG/random_number_reg[3]_i_1/O
                         net (fo=2, routed)           0.522    15.920    GPS_CONTROL/p_1_in[3]
    DSP48_X0Y0           DSP48E1                                      r  GPS_CONTROL/delay_counter3/B[3]
  -------------------------------------------------------------------    -------------------

                         (clock sys_clk_pin rise edge)
                                                     10.000    10.000 r  
    G4                                                0.000    10.000 r  clk (IN)
                         net (fo=0)                   0.000    10.000    clk
    G4                   IBUF (Prop_ibuf_I_O)         1.362    11.362 r  clk_IBUF_inst/O
                         net (fo=1, routed)           1.886    13.248    clk_IBUF
    BUFGCTRL_X0Y2        BUFG (Prop_bufg_I_O)         0.091    13.339 r  clk_IBUF_BUFG_inst/O
                         net (fo=900, routed)         1.594    14.933    GPS_CONTROL/clk_IBUF_BUFG
    DSP48_X0Y0           DSP48E1                                      r  GPS_CONTROL/delay_counter3/CLK
                         clock pessimism              0.259    15.192    
                         clock uncertainty           -0.035    15.156    
    DSP48_X0Y0           DSP48E1 (Setup_dsp48e1_CLK_B[3])
                                                     -0.450    14.706    GPS_CONTROL/delay_counter3
  -------------------------------------------------------------------
                         required time                         14.706    
                         arrival time                         -15.920    
  -------------------------------------------------------------------
                         slack                                 -1.213    

Slack (VIOLATED) :        -1.159ns  (required time - arrival time)
  Source:                 GPS_CONTROL/PRNG/seed_reg[4]/C
                            (rising edge-triggered cell FDRE clocked by sys_clk_pin  {rise@0.000ns fall@5.000ns period=10.000ns})
  Destination:            GPS_CONTROL/delay_counter3/B[5]
                            (rising edge-triggered cell DSP48E1 clocked by sys_clk_pin  {rise@0.000ns fall@5.000ns period=10.000ns})
  Path Group:             sys_clk_pin
  Path Type:              Setup (Max at Slow Process Corner)
  Requirement:            10.000ns  (sys_clk_pin rise@10.000ns - sys_clk_pin rise@0.000ns)
  Data Path Delay:        10.724ns  (logic 5.556ns (51.811%)  route 5.168ns (48.189%))
  Logic Levels:           14  (CARRY4=9 LUT2=2 LUT3=1 LUT5=2)
  Clock Path Skew:        0.050ns (DCD - SCD + CPR)
    Destination Clock Delay (DCD):    4.933ns = ( 14.933 - 10.000 ) 
    Source Clock Delay      (SCD):    5.142ns
    Clock Pessimism Removal (CPR):    0.259ns
  Clock Uncertainty:      0.035ns  ((TSJ^2 + TIJ^2)^1/2 + DJ) / 2 + PE
    Total System Jitter     (TSJ):    0.071ns
    Total Input Jitter      (TIJ):    0.000ns
    Discrete Jitter          (DJ):    0.000ns
    Phase Error              (PE):    0.000ns

    Location             Delay type                Incr(ns)  Path(ns)    Netlist Resource(s)
  -------------------------------------------------------------------    -------------------
                         (clock sys_clk_pin rise edge)
                                                      0.000     0.000 r  
    G4                                                0.000     0.000 r  clk (IN)
                         net (fo=0)                   0.000     0.000    clk
    G4                   IBUF (Prop_ibuf_I_O)         1.432     1.432 r  clk_IBUF_inst/O
                         net (fo=1, routed)           1.990     3.422    clk_IBUF
    BUFGCTRL_X0Y2        BUFG (Prop_bufg_I_O)         0.096     3.518 r  clk_IBUF_BUFG_inst/O
                         net (fo=900, routed)         1.624     5.142    GPS_CONTROL/PRNG/clk_IBUF_BUFG
    SLICE_X27Y0          FDRE                                         r  GPS_CONTROL/PRNG/seed_reg[4]/C
  -------------------------------------------------------------------    -------------------
    SLICE_X27Y0          FDRE (Prop_fdre_C_Q)         0.456     5.598 r  GPS_CONTROL/PRNG/seed_reg[4]/Q
                         net (fo=4, routed)           0.637     6.235    GPS_CONTROL/PRNG/seed[4]
    SLICE_X24Y0          LUT2 (Prop_lut2_I0_O)        0.124     6.359 r  GPS_CONTROL/PRNG/random_number_reg2_carry_i_1/O
                         net (fo=1, routed)           0.000     6.359    GPS_CONTROL/PRNG/random_number_reg2_carry_i_1_n_0
    SLICE_X24Y0          CARRY4 (Prop_carry4_S[3]_CO[3])
                                                      0.376     6.735 r  GPS_CONTROL/PRNG/random_number_reg2_carry/CO[3]
                         net (fo=1, routed)           0.000     6.735    GPS_CONTROL/PRNG/random_number_reg2_carry_n_0
    SLICE_X24Y1          CARRY4 (Prop_carry4_CI_O[0])
                                                      0.219     6.954 r  GPS_CONTROL/PRNG/random_number_reg2_carry__0/O[0]
                         net (fo=1, routed)           0.473     7.427    GPS_CONTROL/PRNG/random_number_reg2[5]
    SLICE_X23Y1          CARRY4 (Prop_carry4_S[1]_CO[3])
                                                      0.845     8.272 r  GPS_CONTROL/PRNG/random_number_reg1_carry__0/CO[3]
                         net (fo=1, routed)           0.000     8.272    GPS_CONTROL/PRNG/random_number_reg1_carry__0_n_0
    SLICE_X23Y2          CARRY4 (Prop_carry4_CI_O[1])
                                                      0.334     8.606 r  GPS_CONTROL/PRNG/random_number_reg1_carry__1/O[1]
                         net (fo=11, routed)          0.704     9.310    GPS_CONTROL/PRNG/random_number_reg1[9]
    SLICE_X20Y2          LUT3 (Prop_lut3_I0_O)        0.303     9.613 r  GPS_CONTROL/PRNG/random_number_reg0__6_carry__1_i_9/O
                         net (fo=4, routed)           0.514    10.126    GPS_CONTROL/PRNG/random_number_reg0__6_carry__1_i_9_n_0
    SLICE_X21Y2          LUT5 (Prop_lut5_I1_O)        0.124    10.250 r  GPS_CONTROL/PRNG/random_number_reg0__6_carry__1_i_1/O
                         net (fo=1, routed)           0.749    11.000    GPS_CONTROL/PRNG/random_number_reg0__6_carry__1_i_1_n_0
    SLICE_X25Y2          CARRY4 (Prop_carry4_DI[3]_CO[3])
                                                      0.385    11.385 r  GPS_CONTROL/PRNG/random_number_reg0__6_carry__1/CO[3]
                         net (fo=1, routed)           0.000    11.385    GPS_CONTROL/PRNG/random_number_reg0__6_carry__1_n_0
    SLICE_X25Y3          CARRY4 (Prop_carry4_CI_O[3])
                                                      0.313    11.698 r  GPS_CONTROL/PRNG/random_number_reg0__6_carry__2/O[3]
                         net (fo=2, routed)           0.500    12.198    GPS_CONTROL/PRNG/random_number_reg0__6_carry__2_n_4
    SLICE_X26Y3          CARRY4 (Prop_carry4_S[0]_O[1])
                                                      0.733    12.931 r  GPS_CONTROL/PRNG/random_number_reg0__44_carry/O[1]
                         net (fo=1, routed)           0.407    13.338    GPS_CONTROL/PRNG/random_number_reg0__44_carry_n_6
    SLICE_X27Y2          LUT2 (Prop_lut2_I1_O)        0.306    13.644 r  GPS_CONTROL/PRNG/random_number_reg0__53_carry_i_1/O
                         net (fo=1, routed)           0.000    13.644    GPS_CONTROL/PRNG/random_number_reg0__53_carry_i_1_n_0
    SLICE_X27Y2          CARRY4 (Prop_carry4_S[3]_CO[3])
                                                      0.401    14.045 r  GPS_CONTROL/PRNG/random_number_reg0__53_carry/CO[3]
                         net (fo=1, routed)           0.000    14.045    GPS_CONTROL/PRNG/random_number_reg0__53_carry_n_0
    SLICE_X27Y3          CARRY4 (Prop_carry4_CI_O[1])
                                                      0.334    14.379 r  GPS_CONTROL/PRNG/random_number_reg0__53_carry__0/O[1]
                         net (fo=4, routed)           0.769    15.148    GPS_CONTROL/PRNG/random_number_reg0__53_carry__0_n_6
    SLICE_X26Y2          LUT5 (Prop_lut5_I3_O)        0.303    15.451 r  GPS_CONTROL/PRNG/random_number_reg[5]_i_1/O
                         net (fo=2, routed)           0.415    15.866    GPS_CONTROL/p_1_in[5]
    DSP48_X0Y0           DSP48E1                                      r  GPS_CONTROL/delay_counter3/B[5]
  -------------------------------------------------------------------    -------------------

                         (clock sys_clk_pin rise edge)
                                                     10.000    10.000 r  
    G4                                                0.000    10.000 r  clk (IN)
                         net (fo=0)                   0.000    10.000    clk
    G4                   IBUF (Prop_ibuf_I_O)         1.362    11.362 r  clk_IBUF_inst/O
                         net (fo=1, routed)           1.886    13.248    clk_IBUF
    BUFGCTRL_X0Y2        BUFG (Prop_bufg_I_O)         0.091    13.339 r  clk_IBUF_BUFG_inst/O
                         net (fo=900, routed)         1.594    14.933    GPS_CONTROL/clk_IBUF_BUFG
    DSP48_X0Y0           DSP48E1                                      r  GPS_CONTROL/delay_counter3/CLK
                         clock pessimism              0.259    15.192    
                         clock uncertainty           -0.035    15.156    
    DSP48_X0Y0           DSP48E1 (Setup_dsp48e1_CLK_B[5])
                                                     -0.450    14.706    GPS_CONTROL/delay_counter3
  -------------------------------------------------------------------
                         required time                         14.706    
                         arrival time                         -15.866    
  -------------------------------------------------------------------
                         slack                                 -1.159    

Slack (VIOLATED) :        -1.114ns  (required time - arrival time)
  Source:                 GPS_CONTROL/PRNG/seed_reg[4]/C
                            (rising edge-triggered cell FDRE clocked by sys_clk_pin  {rise@0.000ns fall@5.000ns period=10.000ns})
  Destination:            GPS_CONTROL/delay_counter3/B[4]
                            (rising edge-triggered cell DSP48E1 clocked by sys_clk_pin  {rise@0.000ns fall@5.000ns period=10.000ns})
  Path Group:             sys_clk_pin
  Path Type:              Setup (Max at Slow Process Corner)
  Requirement:            10.000ns  (sys_clk_pin rise@10.000ns - sys_clk_pin rise@0.000ns)
  Data Path Delay:        10.678ns  (logic 5.582ns (52.277%)  route 5.096ns (47.723%))
  Logic Levels:           13  (CARRY4=8 LUT2=2 LUT3=1 LUT5=2)
  Clock Path Skew:        0.050ns (DCD - SCD + CPR)
    Destination Clock Delay (DCD):    4.933ns = ( 14.933 - 10.000 ) 
    Source Clock Delay      (SCD):    5.142ns
    Clock Pessimism Removal (CPR):    0.259ns
  Clock Uncertainty:      0.035ns  ((TSJ^2 + TIJ^2)^1/2 + DJ) / 2 + PE
    Total System Jitter     (TSJ):    0.071ns
    Total Input Jitter      (TIJ):    0.000ns
    Discrete Jitter          (DJ):    0.000ns
    Phase Error              (PE):    0.000ns

    Location             Delay type                Incr(ns)  Path(ns)    Netlist Resource(s)
  -------------------------------------------------------------------    -------------------
                         (clock sys_clk_pin rise edge)
                                                      0.000     0.000 r  
    G4                                                0.000     0.000 r  clk (IN)
                         net (fo=0)                   0.000     0.000    clk
    G4                   IBUF (Prop_ibuf_I_O)         1.432     1.432 r  clk_IBUF_inst/O
                         net (fo=1, routed)           1.990     3.422    clk_IBUF
    BUFGCTRL_X0Y2        BUFG (Prop_bufg_I_O)         0.096     3.518 r  clk_IBUF_BUFG_inst/O
                         net (fo=900, routed)         1.624     5.142    GPS_CONTROL/PRNG/clk_IBUF_BUFG
    SLICE_X27Y0          FDRE                                         r  GPS_CONTROL/PRNG/seed_reg[4]/C
  -------------------------------------------------------------------    -------------------
    SLICE_X27Y0          FDRE (Prop_fdre_C_Q)         0.456     5.598 r  GPS_CONTROL/PRNG/seed_reg[4]/Q
                         net (fo=4, routed)           0.637     6.235    GPS_CONTROL/PRNG/seed[4]
    SLICE_X24Y0          LUT2 (Prop_lut2_I0_O)        0.124     6.359 r  GPS_CONTROL/PRNG/random_number_reg2_carry_i_1/O
                         net (fo=1, routed)           0.000     6.359    GPS_CONTROL/PRNG/random_number_reg2_carry_i_1_n_0
    SLICE_X24Y0          CARRY4 (Prop_carry4_S[3]_CO[3])
                                                      0.376     6.735 r  GPS_CONTROL/PRNG/random_number_reg2_carry/CO[3]
                         net (fo=1, routed)           0.000     6.735    GPS_CONTROL/PRNG/random_number_reg2_carry_n_0
    SLICE_X24Y1          CARRY4 (Prop_carry4_CI_O[0])
                                                      0.219     6.954 r  GPS_CONTROL/PRNG/random_number_reg2_carry__0/O[0]
                         net (fo=1, routed)           0.473     7.427    GPS_CONTROL/PRNG/random_number_reg2[5]
    SLICE_X23Y1          CARRY4 (Prop_carry4_S[1]_CO[3])
                                                      0.845     8.272 r  GPS_CONTROL/PRNG/random_number_reg1_carry__0/CO[3]
                         net (fo=1, routed)           0.000     8.272    GPS_CONTROL/PRNG/random_number_reg1_carry__0_n_0
    SLICE_X23Y2          CARRY4 (Prop_carry4_CI_O[1])
                                                      0.334     8.606 r  GPS_CONTROL/PRNG/random_number_reg1_carry__1/O[1]
                         net (fo=11, routed)          0.704     9.310    GPS_CONTROL/PRNG/random_number_reg1[9]
    SLICE_X20Y2          LUT3 (Prop_lut3_I0_O)        0.303     9.613 r  GPS_CONTROL/PRNG/random_number_reg0__6_carry__1_i_9/O
                         net (fo=4, routed)           0.514    10.126    GPS_CONTROL/PRNG/random_number_reg0__6_carry__1_i_9_n_0
    SLICE_X21Y2          LUT5 (Prop_lut5_I1_O)        0.124    10.250 r  GPS_CONTROL/PRNG/random_number_reg0__6_carry__1_i_1/O
                         net (fo=1, routed)           0.749    11.000    GPS_CONTROL/PRNG/random_number_reg0__6_carry__1_i_1_n_0
    SLICE_X25Y2          CARRY4 (Prop_carry4_DI[3]_CO[3])
                                                      0.385    11.385 r  GPS_CONTROL/PRNG/random_number_reg0__6_carry__1/CO[3]
                         net (fo=1, routed)           0.000    11.385    GPS_CONTROL/PRNG/random_number_reg0__6_carry__1_n_0
    SLICE_X25Y3          CARRY4 (Prop_carry4_CI_O[3])
                                                      0.313    11.698 r  GPS_CONTROL/PRNG/random_number_reg0__6_carry__2/O[3]
                         net (fo=2, routed)           0.500    12.198    GPS_CONTROL/PRNG/random_number_reg0__6_carry__2_n_4
    SLICE_X26Y3          CARRY4 (Prop_carry4_S[0]_O[3])
                                                      0.914    13.112 r  GPS_CONTROL/PRNG/random_number_reg0__44_carry/O[3]
                         net (fo=1, routed)           0.608    13.720    GPS_CONTROL/PRNG/random_number_reg0__44_carry_n_4
    SLICE_X27Y3          LUT2 (Prop_lut2_I1_O)        0.307    14.027 r  GPS_CONTROL/PRNG/random_number_reg0__53_carry__0_i_2/O
                         net (fo=1, routed)           0.000    14.027    GPS_CONTROL/PRNG/random_number_reg0__53_carry__0_i_2_n_0
    SLICE_X27Y3          CARRY4 (Prop_carry4_S[1]_O[2])
                                                      0.580    14.607 r  GPS_CONTROL/PRNG/random_number_reg0__53_carry__0/O[2]
                         net (fo=4, routed)           0.496    15.103    GPS_CONTROL/PRNG/random_number_reg0__53_carry__0_n_5
    SLICE_X26Y2          LUT5 (Prop_lut5_I4_O)        0.302    15.405 r  GPS_CONTROL/PRNG/random_number_reg[4]_i_1/O
                         net (fo=2, routed)           0.415    15.820    GPS_CONTROL/p_1_in[4]
    DSP48_X0Y0           DSP48E1                                      r  GPS_CONTROL/delay_counter3/B[4]
  -------------------------------------------------------------------    -------------------

                         (clock sys_clk_pin rise edge)
                                                     10.000    10.000 r  
    G4                                                0.000    10.000 r  clk (IN)
                         net (fo=0)                   0.000    10.000    clk
    G4                   IBUF (Prop_ibuf_I_O)         1.362    11.362 r  clk_IBUF_inst/O
                         net (fo=1, routed)           1.886    13.248    clk_IBUF
    BUFGCTRL_X0Y2        BUFG (Prop_bufg_I_O)         0.091    13.339 r  clk_IBUF_BUFG_inst/O
                         net (fo=900, routed)         1.594    14.933    GPS_CONTROL/clk_IBUF_BUFG
    DSP48_X0Y0           DSP48E1                                      r  GPS_CONTROL/delay_counter3/CLK
                         clock pessimism              0.259    15.192    
                         clock uncertainty           -0.035    15.156    
    DSP48_X0Y0           DSP48E1 (Setup_dsp48e1_CLK_B[4])
                                                     -0.450    14.706    GPS_CONTROL/delay_counter3
  -------------------------------------------------------------------
                         required time                         14.706    
                         arrival time                         -15.820    
  -------------------------------------------------------------------
                         slack                                 -1.114    

Slack (VIOLATED) :        -1.112ns  (required time - arrival time)
  Source:                 GPS_CONTROL/PRNG/seed_reg[4]/C
                            (rising edge-triggered cell FDRE clocked by sys_clk_pin  {rise@0.000ns fall@5.000ns period=10.000ns})
  Destination:            GPS_CONTROL/delay_counter3/B[2]
                            (rising edge-triggered cell DSP48E1 clocked by sys_clk_pin  {rise@0.000ns fall@5.000ns period=10.000ns})
  Path Group:             sys_clk_pin
  Path Type:              Setup (Max at Slow Process Corner)
  Requirement:            10.000ns  (sys_clk_pin rise@10.000ns - sys_clk_pin rise@0.000ns)
  Data Path Delay:        10.676ns  (logic 5.440ns (50.957%)  route 5.236ns (49.043%))
  Logic Levels:           14  (CARRY4=9 LUT2=2 LUT3=1 LUT5=2)
  Clock Path Skew:        0.050ns (DCD - SCD + CPR)
    Destination Clock Delay (DCD):    4.933ns = ( 14.933 - 10.000 ) 
    Source Clock Delay      (SCD):    5.142ns
    Clock Pessimism Removal (CPR):    0.259ns
  Clock Uncertainty:      0.035ns  ((TSJ^2 + TIJ^2)^1/2 + DJ) / 2 + PE
    Total System Jitter     (TSJ):    0.071ns
    Total Input Jitter      (TIJ):    0.000ns
    Discrete Jitter          (DJ):    0.000ns
    Phase Error              (PE):    0.000ns

    Location             Delay type                Incr(ns)  Path(ns)    Netlist Resource(s)
  -------------------------------------------------------------------    -------------------
                         (clock sys_clk_pin rise edge)
                                                      0.000     0.000 r  
    G4                                                0.000     0.000 r  clk (IN)
                         net (fo=0)                   0.000     0.000    clk
    G4                   IBUF (Prop_ibuf_I_O)         1.432     1.432 r  clk_IBUF_inst/O
                         net (fo=1, routed)           1.990     3.422    clk_IBUF
    BUFGCTRL_X0Y2        BUFG (Prop_bufg_I_O)         0.096     3.518 r  clk_IBUF_BUFG_inst/O
                         net (fo=900, routed)         1.624     5.142    GPS_CONTROL/PRNG/clk_IBUF_BUFG
    SLICE_X27Y0          FDRE                                         r  GPS_CONTROL/PRNG/seed_reg[4]/C
  -------------------------------------------------------------------    -------------------
    SLICE_X27Y0          FDRE (Prop_fdre_C_Q)         0.456     5.598 r  GPS_CONTROL/PRNG/seed_reg[4]/Q
                         net (fo=4, routed)           0.637     6.235    GPS_CONTROL/PRNG/seed[4]
    SLICE_X24Y0          LUT2 (Prop_lut2_I0_O)        0.124     6.359 r  GPS_CONTROL/PRNG/random_number_reg2_carry_i_1/O
                         net (fo=1, routed)           0.000     6.359    GPS_CONTROL/PRNG/random_number_reg2_carry_i_1_n_0
    SLICE_X24Y0          CARRY4 (Prop_carry4_S[3]_CO[3])
                                                      0.376     6.735 r  GPS_CONTROL/PRNG/random_number_reg2_carry/CO[3]
                         net (fo=1, routed)           0.000     6.735    GPS_CONTROL/PRNG/random_number_reg2_carry_n_0
    SLICE_X24Y1          CARRY4 (Prop_carry4_CI_O[0])
                                                      0.219     6.954 r  GPS_CONTROL/PRNG/random_number_reg2_carry__0/O[0]
                         net (fo=1, routed)           0.473     7.427    GPS_CONTROL/PRNG/random_number_reg2[5]
    SLICE_X23Y1          CARRY4 (Prop_carry4_S[1]_CO[3])
                                                      0.845     8.272 r  GPS_CONTROL/PRNG/random_number_reg1_carry__0/CO[3]
                         net (fo=1, routed)           0.000     8.272    GPS_CONTROL/PRNG/random_number_reg1_carry__0_n_0
    SLICE_X23Y2          CARRY4 (Prop_carry4_CI_O[1])
                                                      0.334     8.606 r  GPS_CONTROL/PRNG/random_number_reg1_carry__1/O[1]
                         net (fo=11, routed)          0.704     9.310    GPS_CONTROL/PRNG/random_number_reg1[9]
    SLICE_X20Y2          LUT3 (Prop_lut3_I0_O)        0.303     9.613 r  GPS_CONTROL/PRNG/random_number_reg0__6_carry__1_i_9/O
                         net (fo=4, routed)           0.514    10.126    GPS_CONTROL/PRNG/random_number_reg0__6_carry__1_i_9_n_0
    SLICE_X21Y2          LUT5 (Prop_lut5_I1_O)        0.124    10.250 r  GPS_CONTROL/PRNG/random_number_reg0__6_carry__1_i_1/O
                         net (fo=1, routed)           0.749    11.000    GPS_CONTROL/PRNG/random_number_reg0__6_carry__1_i_1_n_0
    SLICE_X25Y2          CARRY4 (Prop_carry4_DI[3]_CO[3])
                                                      0.385    11.385 r  GPS_CONTROL/PRNG/random_number_reg0__6_carry__1/CO[3]
                         net (fo=1, routed)           0.000    11.385    GPS_CONTROL/PRNG/random_number_reg0__6_carry__1_n_0
    SLICE_X25Y3          CARRY4 (Prop_carry4_CI_O[3])
                                                      0.313    11.698 r  GPS_CONTROL/PRNG/random_number_reg0__6_carry__2/O[3]
                         net (fo=2, routed)           0.500    12.198    GPS_CONTROL/PRNG/random_number_reg0__6_carry__2_n_4
    SLICE_X26Y3          CARRY4 (Prop_carry4_S[0]_O[1])
                                                      0.733    12.931 r  GPS_CONTROL/PRNG/random_number_reg0__44_carry/O[1]
                         net (fo=1, routed)           0.407    13.338    GPS_CONTROL/PRNG/random_number_reg0__44_carry_n_6
    SLICE_X27Y2          LUT2 (Prop_lut2_I1_O)        0.306    13.644 r  GPS_CONTROL/PRNG/random_number_reg0__53_carry_i_1/O
                         net (fo=1, routed)           0.000    13.644    GPS_CONTROL/PRNG/random_number_reg0__53_carry_i_1_n_0
    SLICE_X27Y2          CARRY4 (Prop_carry4_S[3]_CO[3])
                                                      0.401    14.045 r  GPS_CONTROL/PRNG/random_number_reg0__53_carry/CO[3]
                         net (fo=1, routed)           0.000    14.045    GPS_CONTROL/PRNG/random_number_reg0__53_carry_n_0
    SLICE_X27Y3          CARRY4 (Prop_carry4_CI_O[0])
                                                      0.222    14.267 f  GPS_CONTROL/PRNG/random_number_reg0__53_carry__0/O[0]
                         net (fo=4, routed)           0.852    15.119    GPS_CONTROL/PRNG/random_number_reg0__53_carry__0_n_7
    SLICE_X26Y0          LUT5 (Prop_lut5_I3_O)        0.299    15.418 r  GPS_CONTROL/PRNG/random_number_reg[2]_i_1/O
                         net (fo=2, routed)           0.400    15.818    GPS_CONTROL/p_1_in[2]
    DSP48_X0Y0           DSP48E1                                      r  GPS_CONTROL/delay_counter3/B[2]
  -------------------------------------------------------------------    -------------------

                         (clock sys_clk_pin rise edge)
                                                     10.000    10.000 r  
    G4                                                0.000    10.000 r  clk (IN)
                         net (fo=0)                   0.000    10.000    clk
    G4                   IBUF (Prop_ibuf_I_O)         1.362    11.362 r  clk_IBUF_inst/O
                         net (fo=1, routed)           1.886    13.248    clk_IBUF
    BUFGCTRL_X0Y2        BUFG (Prop_bufg_I_O)         0.091    13.339 r  clk_IBUF_BUFG_inst/O
                         net (fo=900, routed)         1.594    14.933    GPS_CONTROL/clk_IBUF_BUFG
    DSP48_X0Y0           DSP48E1                                      r  GPS_CONTROL/delay_counter3/CLK
                         clock pessimism              0.259    15.192    
                         clock uncertainty           -0.035    15.156    
    DSP48_X0Y0           DSP48E1 (Setup_dsp48e1_CLK_B[2])
                                                     -0.450    14.706    GPS_CONTROL/delay_counter3
  -------------------------------------------------------------------
                         required time                         14.706    
                         arrival time                         -15.818    
  -------------------------------------------------------------------
                         slack                                 -1.112    

Slack (VIOLATED) :        -1.042ns  (required time - arrival time)
  Source:                 GPS_CONTROL/delay_counter3/CLK
                            (rising edge-triggered cell DSP48E1 clocked by sys_clk_pin  {rise@0.000ns fall@5.000ns period=10.000ns})
  Destination:            GPS_CONTROL/delay_counter_reg[32]/R
                            (rising edge-triggered cell FDRE clocked by sys_clk_pin  {rise@0.000ns fall@5.000ns period=10.000ns})
  Path Group:             sys_clk_pin
  Path Type:              Setup (Max at Slow Process Corner)
  Requirement:            10.000ns  (sys_clk_pin rise@10.000ns - sys_clk_pin rise@0.000ns)
  Data Path Delay:        10.440ns  (logic 7.423ns (71.101%)  route 3.017ns (28.899%))
  Logic Levels:           10  (CARRY4=7 LUT2=2 LUT6=1)
  Clock Path Skew:        -0.138ns (DCD - SCD + CPR)
    Destination Clock Delay (DCD):    4.836ns = ( 14.836 - 10.000 ) 
    Source Clock Delay      (SCD):    5.233ns
    Clock Pessimism Removal (CPR):    0.259ns
  Clock Uncertainty:      0.035ns  ((TSJ^2 + TIJ^2)^1/2 + DJ) / 2 + PE
    Total System Jitter     (TSJ):    0.071ns
    Total Input Jitter      (TIJ):    0.000ns
    Discrete Jitter          (DJ):    0.000ns
    Phase Error              (PE):    0.000ns

    Location             Delay type                Incr(ns)  Path(ns)    Netlist Resource(s)
  -------------------------------------------------------------------    -------------------
                         (clock sys_clk_pin rise edge)
                                                      0.000     0.000 r  
    G4                                                0.000     0.000 r  clk (IN)
                         net (fo=0)                   0.000     0.000    clk
    G4                   IBUF (Prop_ibuf_I_O)         1.432     1.432 r  clk_IBUF_inst/O
                         net (fo=1, routed)           1.990     3.422    clk_IBUF
    BUFGCTRL_X0Y2        BUFG (Prop_bufg_I_O)         0.096     3.518 r  clk_IBUF_BUFG_inst/O
                         net (fo=900, routed)         1.715     5.233    GPS_CONTROL/clk_IBUF_BUFG
    DSP48_X0Y0           DSP48E1                                      r  GPS_CONTROL/delay_counter3/CLK
  -------------------------------------------------------------------    -------------------
    DSP48_X0Y0           DSP48E1 (Prop_dsp48e1_CLK_P[25])
                                                      3.813     9.046 r  GPS_CONTROL/delay_counter3/P[25]
                         net (fo=2, routed)           0.832     9.878    GPS_CONTROL/delay_counter3_n_80
    SLICE_X28Y4          LUT2 (Prop_lut2_I0_O)        0.124    10.002 r  GPS_CONTROL/i__carry_i_3/O
                         net (fo=1, routed)           0.000    10.002    GPS_CONTROL/i__carry_i_3_n_0
    SLICE_X28Y4          CARRY4 (Prop_carry4_S[1]_CO[3])
                                                      0.533    10.535 r  GPS_CONTROL/delay_counter3_inferred__0/i__carry/CO[3]
                         net (fo=1, routed)           0.000    10.535    GPS_CONTROL/delay_counter3_inferred__0/i__carry_n_0
    SLICE_X28Y5          CARRY4 (Prop_carry4_CI_O[1])
                                                      0.323    10.858 r  GPS_CONTROL/delay_counter3_inferred__0/i__carry__0/O[1]
                         net (fo=1, routed)           0.440    11.298    GPS_CONTROL/delay_counter30_out[5]
    SLICE_X29Y7          CARRY4 (Prop_carry4_S[0]_CO[3])
                                                      0.838    12.136 r  GPS_CONTROL/delay_counter2_carry__6/CO[3]
                         net (fo=1, routed)           0.000    12.136    GPS_CONTROL/delay_counter2_carry__6_n_0
    SLICE_X29Y8          CARRY4 (Prop_carry4_CI_O[0])
                                                      0.222    12.358 r  GPS_CONTROL/delay_counter2_carry__7/O[0]
                         net (fo=1, routed)           0.611    12.969    GPS_CONTROL/PRNG/O[0]
    SLICE_X22Y8          LUT2 (Prop_lut2_I1_O)        0.299    13.268 r  GPS_CONTROL/PRNG/i__carry__7_i_3/O
                         net (fo=1, routed)           0.000    13.268    GPS_CONTROL/PRNG_n_20
    SLICE_X22Y8          CARRY4 (Prop_carry4_S[1]_CO[3])
                                                      0.533    13.801 r  GPS_CONTROL/_inferred__0/i__carry__7/CO[3]
                         net (fo=1, routed)           0.000    13.801    GPS_CONTROL/_inferred__0/i__carry__7_n_0
    SLICE_X22Y9          CARRY4 (Prop_carry4_CI_CO[3])
                                                      0.117    13.918 r  GPS_CONTROL/_inferred__0/i__carry__8/CO[3]
                         net (fo=1, routed)           0.000    13.918    GPS_CONTROL/_inferred__0/i__carry__8_n_0
    SLICE_X22Y10         CARRY4 (Prop_carry4_CI_CO[0])
                                                      0.254    14.172 r  GPS_CONTROL/_inferred__0/i__carry__9/CO[0]
                         net (fo=3, routed)           0.319    14.491    GPS_CONTROL/_inferred__0/i__carry__9_n_3
    SLICE_X23Y8          LUT6 (Prop_lut6_I5_O)        0.367    14.858 r  GPS_CONTROL/delay_counter[0]_i_1_replica/O
                         net (fo=37, routed)          0.815    15.673    GPS_CONTROL/delay_counter[0]_i_1_n_0_repN
    SLICE_X19Y10         FDRE                                         r  GPS_CONTROL/delay_counter_reg[32]/R
  -------------------------------------------------------------------    -------------------

                         (clock sys_clk_pin rise edge)
                                                     10.000    10.000 r  
    G4                                                0.000    10.000 r  clk (IN)
                         net (fo=0)                   0.000    10.000    clk
    G4                   IBUF (Prop_ibuf_I_O)         1.362    11.362 r  clk_IBUF_inst/O
                         net (fo=1, routed)           1.886    13.248    clk_IBUF
    BUFGCTRL_X0Y2        BUFG (Prop_bufg_I_O)         0.091    13.339 r  clk_IBUF_BUFG_inst/O
                         net (fo=900, routed)         1.497    14.836    GPS_CONTROL/clk_IBUF_BUFG
    SLICE_X19Y10         FDRE                                         r  GPS_CONTROL/delay_counter_reg[32]/C
                         clock pessimism              0.259    15.095    
                         clock uncertainty           -0.035    15.060    
    SLICE_X19Y10         FDRE (Setup_fdre_C_R)       -0.429    14.631    GPS_CONTROL/delay_counter_reg[32]
  -------------------------------------------------------------------
                         required time                         14.631    
                         arrival time                         -15.673    
  -------------------------------------------------------------------
                         slack                                 -1.042    

Slack (VIOLATED) :        -1.042ns  (required time - arrival time)
  Source:                 GPS_CONTROL/delay_counter3/CLK
                            (rising edge-triggered cell DSP48E1 clocked by sys_clk_pin  {rise@0.000ns fall@5.000ns period=10.000ns})
  Destination:            GPS_CONTROL/delay_counter_reg[33]/R
                            (rising edge-triggered cell FDRE clocked by sys_clk_pin  {rise@0.000ns fall@5.000ns period=10.000ns})
  Path Group:             sys_clk_pin
  Path Type:              Setup (Max at Slow Process Corner)
  Requirement:            10.000ns  (sys_clk_pin rise@10.000ns - sys_clk_pin rise@0.000ns)
  Data Path Delay:        10.440ns  (logic 7.423ns (71.101%)  route 3.017ns (28.899%))
  Logic Levels:           10  (CARRY4=7 LUT2=2 LUT6=1)
  Clock Path Skew:        -0.138ns (DCD - SCD + CPR)
    Destination Clock Delay (DCD):    4.836ns = ( 14.836 - 10.000 ) 
    Source Clock Delay      (SCD):    5.233ns
    Clock Pessimism Removal (CPR):    0.259ns
  Clock Uncertainty:      0.035ns  ((TSJ^2 + TIJ^2)^1/2 + DJ) / 2 + PE
    Total System Jitter     (TSJ):    0.071ns
    Total Input Jitter      (TIJ):    0.000ns
    Discrete Jitter          (DJ):    0.000ns
    Phase Error              (PE):    0.000ns

    Location             Delay type                Incr(ns)  Path(ns)    Netlist Resource(s)
  -------------------------------------------------------------------    -------------------
                         (clock sys_clk_pin rise edge)
                                                      0.000     0.000 r  
    G4                                                0.000     0.000 r  clk (IN)
                         net (fo=0)                   0.000     0.000    clk
    G4                   IBUF (Prop_ibuf_I_O)         1.432     1.432 r  clk_IBUF_inst/O
                         net (fo=1, routed)           1.990     3.422    clk_IBUF
    BUFGCTRL_X0Y2        BUFG (Prop_bufg_I_O)         0.096     3.518 r  clk_IBUF_BUFG_inst/O
                         net (fo=900, routed)         1.715     5.233    GPS_CONTROL/clk_IBUF_BUFG
    DSP48_X0Y0           DSP48E1                                      r  GPS_CONTROL/delay_counter3/CLK
  -------------------------------------------------------------------    -------------------
    DSP48_X0Y0           DSP48E1 (Prop_dsp48e1_CLK_P[25])
                                                      3.813     9.046 r  GPS_CONTROL/delay_counter3/P[25]
                         net (fo=2, routed)           0.832     9.878    GPS_CONTROL/delay_counter3_n_80
    SLICE_X28Y4          LUT2 (Prop_lut2_I0_O)        0.124    10.002 r  GPS_CONTROL/i__carry_i_3/O
                         net (fo=1, routed)           0.000    10.002    GPS_CONTROL/i__carry_i_3_n_0
    SLICE_X28Y4          CARRY4 (Prop_carry4_S[1]_CO[3])
                                                      0.533    10.535 r  GPS_CONTROL/delay_counter3_inferred__0/i__carry/CO[3]
                         net (fo=1, routed)           0.000    10.535    GPS_CONTROL/delay_counter3_inferred__0/i__carry_n_0
    SLICE_X28Y5          CARRY4 (Prop_carry4_CI_O[1])
                                                      0.323    10.858 r  GPS_CONTROL/delay_counter3_inferred__0/i__carry__0/O[1]
                         net (fo=1, routed)           0.440    11.298    GPS_CONTROL/delay_counter30_out[5]
    SLICE_X29Y7          CARRY4 (Prop_carry4_S[0]_CO[3])
                                                      0.838    12.136 r  GPS_CONTROL/delay_counter2_carry__6/CO[3]
                         net (fo=1, routed)           0.000    12.136    GPS_CONTROL/delay_counter2_carry__6_n_0
    SLICE_X29Y8          CARRY4 (Prop_carry4_CI_O[0])
                                                      0.222    12.358 r  GPS_CONTROL/delay_counter2_carry__7/O[0]
                         net (fo=1, routed)           0.611    12.969    GPS_CONTROL/PRNG/O[0]
    SLICE_X22Y8          LUT2 (Prop_lut2_I1_O)        0.299    13.268 r  GPS_CONTROL/PRNG/i__carry__7_i_3/O
                         net (fo=1, routed)           0.000    13.268    GPS_CONTROL/PRNG_n_20
    SLICE_X22Y8          CARRY4 (Prop_carry4_S[1]_CO[3])
                                                      0.533    13.801 r  GPS_CONTROL/_inferred__0/i__carry__7/CO[3]
                         net (fo=1, routed)           0.000    13.801    GPS_CONTROL/_inferred__0/i__carry__7_n_0
    SLICE_X22Y9          CARRY4 (Prop_carry4_CI_CO[3])
                                                      0.117    13.918 r  GPS_CONTROL/_inferred__0/i__carry__8/CO[3]
                         net (fo=1, routed)           0.000    13.918    GPS_CONTROL/_inferred__0/i__carry__8_n_0
    SLICE_X22Y10         CARRY4 (Prop_carry4_CI_CO[0])
                                                      0.254    14.172 r  GPS_CONTROL/_inferred__0/i__carry__9/CO[0]
                         net (fo=3, routed)           0.319    14.491    GPS_CONTROL/_inferred__0/i__carry__9_n_3
    SLICE_X23Y8          LUT6 (Prop_lut6_I5_O)        0.367    14.858 r  GPS_CONTROL/delay_counter[0]_i_1_replica/O
                         net (fo=37, routed)          0.815    15.673    GPS_CONTROL/delay_counter[0]_i_1_n_0_repN
    SLICE_X19Y10         FDRE                                         r  GPS_CONTROL/delay_counter_reg[33]/R
  -------------------------------------------------------------------    -------------------

                         (clock sys_clk_pin rise edge)
                                                     10.000    10.000 r  
    G4                                                0.000    10.000 r  clk (IN)
                         net (fo=0)                   0.000    10.000    clk
    G4                   IBUF (Prop_ibuf_I_O)         1.362    11.362 r  clk_IBUF_inst/O
                         net (fo=1, routed)           1.886    13.248    clk_IBUF
    BUFGCTRL_X0Y2        BUFG (Prop_bufg_I_O)         0.091    13.339 r  clk_IBUF_BUFG_inst/O
                         net (fo=900, routed)         1.497    14.836    GPS_CONTROL/clk_IBUF_BUFG
    SLICE_X19Y10         FDRE                                         r  GPS_CONTROL/delay_counter_reg[33]/C
                         clock pessimism              0.259    15.095    
                         clock uncertainty           -0.035    15.060    
    SLICE_X19Y10         FDRE (Setup_fdre_C_R)       -0.429    14.631    GPS_CONTROL/delay_counter_reg[33]
  -------------------------------------------------------------------
                         required time                         14.631    
                         arrival time                         -15.673    
  -------------------------------------------------------------------
                         slack                                 -1.042    

Slack (VIOLATED) :        -1.042ns  (required time - arrival time)
  Source:                 GPS_CONTROL/delay_counter3/CLK
                            (rising edge-triggered cell DSP48E1 clocked by sys_clk_pin  {rise@0.000ns fall@5.000ns period=10.000ns})
  Destination:            GPS_CONTROL/delay_counter_reg[34]/R
                            (rising edge-triggered cell FDRE clocked by sys_clk_pin  {rise@0.000ns fall@5.000ns period=10.000ns})
  Path Group:             sys_clk_pin
  Path Type:              Setup (Max at Slow Process Corner)
  Requirement:            10.000ns  (sys_clk_pin rise@10.000ns - sys_clk_pin rise@0.000ns)
  Data Path Delay:        10.440ns  (logic 7.423ns (71.101%)  route 3.017ns (28.899%))
  Logic Levels:           10  (CARRY4=7 LUT2=2 LUT6=1)
  Clock Path Skew:        -0.138ns (DCD - SCD + CPR)
    Destination Clock Delay (DCD):    4.836ns = ( 14.836 - 10.000 ) 
    Source Clock Delay      (SCD):    5.233ns
    Clock Pessimism Removal (CPR):    0.259ns
  Clock Uncertainty:      0.035ns  ((TSJ^2 + TIJ^2)^1/2 + DJ) / 2 + PE
    Total System Jitter     (TSJ):    0.071ns
    Total Input Jitter      (TIJ):    0.000ns
    Discrete Jitter          (DJ):    0.000ns
    Phase Error              (PE):    0.000ns

    Location             Delay type                Incr(ns)  Path(ns)    Netlist Resource(s)
  -------------------------------------------------------------------    -------------------
                         (clock sys_clk_pin rise edge)
                                                      0.000     0.000 r  
    G4                                                0.000     0.000 r  clk (IN)
                         net (fo=0)                   0.000     0.000    clk
    G4                   IBUF (Prop_ibuf_I_O)         1.432     1.432 r  clk_IBUF_inst/O
                         net (fo=1, routed)           1.990     3.422    clk_IBUF
    BUFGCTRL_X0Y2        BUFG (Prop_bufg_I_O)         0.096     3.518 r  clk_IBUF_BUFG_inst/O
                         net (fo=900, routed)         1.715     5.233    GPS_CONTROL/clk_IBUF_BUFG
    DSP48_X0Y0           DSP48E1                                      r  GPS_CONTROL/delay_counter3/CLK
  -------------------------------------------------------------------    -------------------
    DSP48_X0Y0           DSP48E1 (Prop_dsp48e1_CLK_P[25])
                                                      3.813     9.046 r  GPS_CONTROL/delay_counter3/P[25]
                         net (fo=2, routed)           0.832     9.878    GPS_CONTROL/delay_counter3_n_80
    SLICE_X28Y4          LUT2 (Prop_lut2_I0_O)        0.124    10.002 r  GPS_CONTROL/i__carry_i_3/O
                         net (fo=1, routed)           0.000    10.002    GPS_CONTROL/i__carry_i_3_n_0
    SLICE_X28Y4          CARRY4 (Prop_carry4_S[1]_CO[3])
                                                      0.533    10.535 r  GPS_CONTROL/delay_counter3_inferred__0/i__carry/CO[3]
                         net (fo=1, routed)           0.000    10.535    GPS_CONTROL/delay_counter3_inferred__0/i__carry_n_0
    SLICE_X28Y5          CARRY4 (Prop_carry4_CI_O[1])
                                                      0.323    10.858 r  GPS_CONTROL/delay_counter3_inferred__0/i__carry__0/O[1]
                         net (fo=1, routed)           0.440    11.298    GPS_CONTROL/delay_counter30_out[5]
    SLICE_X29Y7          CARRY4 (Prop_carry4_S[0]_CO[3])
                                                      0.838    12.136 r  GPS_CONTROL/delay_counter2_carry__6/CO[3]
                         net (fo=1, routed)           0.000    12.136    GPS_CONTROL/delay_counter2_carry__6_n_0
    SLICE_X29Y8          CARRY4 (Prop_carry4_CI_O[0])
                                                      0.222    12.358 r  GPS_CONTROL/delay_counter2_carry__7/O[0]
                         net (fo=1, routed)           0.611    12.969    GPS_CONTROL/PRNG/O[0]
    SLICE_X22Y8          LUT2 (Prop_lut2_I1_O)        0.299    13.268 r  GPS_CONTROL/PRNG/i__carry__7_i_3/O
                         net (fo=1, routed)           0.000    13.268    GPS_CONTROL/PRNG_n_20
    SLICE_X22Y8          CARRY4 (Prop_carry4_S[1]_CO[3])
                                                      0.533    13.801 r  GPS_CONTROL/_inferred__0/i__carry__7/CO[3]
                         net (fo=1, routed)           0.000    13.801    GPS_CONTROL/_inferred__0/i__carry__7_n_0
    SLICE_X22Y9          CARRY4 (Prop_carry4_CI_CO[3])
                                                      0.117    13.918 r  GPS_CONTROL/_inferred__0/i__carry__8/CO[3]
                         net (fo=1, routed)           0.000    13.918    GPS_CONTROL/_inferred__0/i__carry__8_n_0
    SLICE_X22Y10         CARRY4 (Prop_carry4_CI_CO[0])
                                                      0.254    14.172 r  GPS_CONTROL/_inferred__0/i__carry__9/CO[0]
                         net (fo=3, routed)           0.319    14.491    GPS_CONTROL/_inferred__0/i__carry__9_n_3
    SLICE_X23Y8          LUT6 (Prop_lut6_I5_O)        0.367    14.858 r  GPS_CONTROL/delay_counter[0]_i_1_replica/O
                         net (fo=37, routed)          0.815    15.673    GPS_CONTROL/delay_counter[0]_i_1_n_0_repN
    SLICE_X19Y10         FDRE                                         r  GPS_CONTROL/delay_counter_reg[34]/R
  -------------------------------------------------------------------    -------------------

                         (clock sys_clk_pin rise edge)
                                                     10.000    10.000 r  
    G4                                                0.000    10.000 r  clk (IN)
                         net (fo=0)                   0.000    10.000    clk
    G4                   IBUF (Prop_ibuf_I_O)         1.362    11.362 r  clk_IBUF_inst/O
                         net (fo=1, routed)           1.886    13.248    clk_IBUF
    BUFGCTRL_X0Y2        BUFG (Prop_bufg_I_O)         0.091    13.339 r  clk_IBUF_BUFG_inst/O
                         net (fo=900, routed)         1.497    14.836    GPS_CONTROL/clk_IBUF_BUFG
    SLICE_X19Y10         FDRE                                         r  GPS_CONTROL/delay_counter_reg[34]/C
                         clock pessimism              0.259    15.095    
                         clock uncertainty           -0.035    15.060    
    SLICE_X19Y10         FDRE (Setup_fdre_C_R)       -0.429    14.631    GPS_CONTROL/delay_counter_reg[34]
  -------------------------------------------------------------------
                         required time                         14.631    
                         arrival time                         -15.673    
  -------------------------------------------------------------------
                         slack                                 -1.042    

Slack (VIOLATED) :        -1.042ns  (required time - arrival time)
  Source:                 GPS_CONTROL/delay_counter3/CLK
                            (rising edge-triggered cell DSP48E1 clocked by sys_clk_pin  {rise@0.000ns fall@5.000ns period=10.000ns})
  Destination:            GPS_CONTROL/delay_counter_reg[35]/R
                            (rising edge-triggered cell FDRE clocked by sys_clk_pin  {rise@0.000ns fall@5.000ns period=10.000ns})
  Path Group:             sys_clk_pin
  Path Type:              Setup (Max at Slow Process Corner)
  Requirement:            10.000ns  (sys_clk_pin rise@10.000ns - sys_clk_pin rise@0.000ns)
  Data Path Delay:        10.440ns  (logic 7.423ns (71.101%)  route 3.017ns (28.899%))
  Logic Levels:           10  (CARRY4=7 LUT2=2 LUT6=1)
  Clock Path Skew:        -0.138ns (DCD - SCD + CPR)
    Destination Clock Delay (DCD):    4.836ns = ( 14.836 - 10.000 ) 
    Source Clock Delay      (SCD):    5.233ns
    Clock Pessimism Removal (CPR):    0.259ns
  Clock Uncertainty:      0.035ns  ((TSJ^2 + TIJ^2)^1/2 + DJ) / 2 + PE
    Total System Jitter     (TSJ):    0.071ns
    Total Input Jitter      (TIJ):    0.000ns
    Discrete Jitter          (DJ):    0.000ns
    Phase Error              (PE):    0.000ns

    Location             Delay type                Incr(ns)  Path(ns)    Netlist Resource(s)
  -------------------------------------------------------------------    -------------------
                         (clock sys_clk_pin rise edge)
                                                      0.000     0.000 r  
    G4                                                0.000     0.000 r  clk (IN)
                         net (fo=0)                   0.000     0.000    clk
    G4                   IBUF (Prop_ibuf_I_O)         1.432     1.432 r  clk_IBUF_inst/O
                         net (fo=1, routed)           1.990     3.422    clk_IBUF
    BUFGCTRL_X0Y2        BUFG (Prop_bufg_I_O)         0.096     3.518 r  clk_IBUF_BUFG_inst/O
                         net (fo=900, routed)         1.715     5.233    GPS_CONTROL/clk_IBUF_BUFG
    DSP48_X0Y0           DSP48E1                                      r  GPS_CONTROL/delay_counter3/CLK
  -------------------------------------------------------------------    -------------------
    DSP48_X0Y0           DSP48E1 (Prop_dsp48e1_CLK_P[25])
                                                      3.813     9.046 r  GPS_CONTROL/delay_counter3/P[25]
                         net (fo=2, routed)           0.832     9.878    GPS_CONTROL/delay_counter3_n_80
    SLICE_X28Y4          LUT2 (Prop_lut2_I0_O)        0.124    10.002 r  GPS_CONTROL/i__carry_i_3/O
                         net (fo=1, routed)           0.000    10.002    GPS_CONTROL/i__carry_i_3_n_0
    SLICE_X28Y4          CARRY4 (Prop_carry4_S[1]_CO[3])
                                                      0.533    10.535 r  GPS_CONTROL/delay_counter3_inferred__0/i__carry/CO[3]
                         net (fo=1, routed)           0.000    10.535    GPS_CONTROL/delay_counter3_inferred__0/i__carry_n_0
    SLICE_X28Y5          CARRY4 (Prop_carry4_CI_O[1])
                                                      0.323    10.858 r  GPS_CONTROL/delay_counter3_inferred__0/i__carry__0/O[1]
                         net (fo=1, routed)           0.440    11.298    GPS_CONTROL/delay_counter30_out[5]
    SLICE_X29Y7          CARRY4 (Prop_carry4_S[0]_CO[3])
                                                      0.838    12.136 r  GPS_CONTROL/delay_counter2_carry__6/CO[3]
                         net (fo=1, routed)           0.000    12.136    GPS_CONTROL/delay_counter2_carry__6_n_0
    SLICE_X29Y8          CARRY4 (Prop_carry4_CI_O[0])
                                                      0.222    12.358 r  GPS_CONTROL/delay_counter2_carry__7/O[0]
                         net (fo=1, routed)           0.611    12.969    GPS_CONTROL/PRNG/O[0]
    SLICE_X22Y8          LUT2 (Prop_lut2_I1_O)        0.299    13.268 r  GPS_CONTROL/PRNG/i__carry__7_i_3/O
                         net (fo=1, routed)           0.000    13.268    GPS_CONTROL/PRNG_n_20
    SLICE_X22Y8          CARRY4 (Prop_carry4_S[1]_CO[3])
                                                      0.533    13.801 r  GPS_CONTROL/_inferred__0/i__carry__7/CO[3]
                         net (fo=1, routed)           0.000    13.801    GPS_CONTROL/_inferred__0/i__carry__7_n_0
    SLICE_X22Y9          CARRY4 (Prop_carry4_CI_CO[3])
                                                      0.117    13.918 r  GPS_CONTROL/_inferred__0/i__carry__8/CO[3]
                         net (fo=1, routed)           0.000    13.918    GPS_CONTROL/_inferred__0/i__carry__8_n_0
    SLICE_X22Y10         CARRY4 (Prop_carry4_CI_CO[0])
                                                      0.254    14.172 r  GPS_CONTROL/_inferred__0/i__carry__9/CO[0]
                         net (fo=3, routed)           0.319    14.491    GPS_CONTROL/_inferred__0/i__carry__9_n_3
    SLICE_X23Y8          LUT6 (Prop_lut6_I5_O)        0.367    14.858 r  GPS_CONTROL/delay_counter[0]_i_1_replica/O
                         net (fo=37, routed)          0.815    15.673    GPS_CONTROL/delay_counter[0]_i_1_n_0_repN
    SLICE_X19Y10         FDRE                                         r  GPS_CONTROL/delay_counter_reg[35]/R
  -------------------------------------------------------------------    -------------------

                         (clock sys_clk_pin rise edge)
                                                     10.000    10.000 r  
    G4                                                0.000    10.000 r  clk (IN)
                         net (fo=0)                   0.000    10.000    clk
    G4                   IBUF (Prop_ibuf_I_O)         1.362    11.362 r  clk_IBUF_inst/O
                         net (fo=1, routed)           1.886    13.248    clk_IBUF
    BUFGCTRL_X0Y2        BUFG (Prop_bufg_I_O)         0.091    13.339 r  clk_IBUF_BUFG_inst/O
                         net (fo=900, routed)         1.497    14.836    GPS_CONTROL/clk_IBUF_BUFG
    SLICE_X19Y10         FDRE                                         r  GPS_CONTROL/delay_counter_reg[35]/C
                         clock pessimism              0.259    15.095    
                         clock uncertainty           -0.035    15.060    
    SLICE_X19Y10         FDRE (Setup_fdre_C_R)       -0.429    14.631    GPS_CONTROL/delay_counter_reg[35]
  -------------------------------------------------------------------
                         required time                         14.631    
                         arrival time                         -15.673    
  -------------------------------------------------------------------
                         slack                                 -1.042    

Slack (VIOLATED) :        -1.042ns  (required time - arrival time)
  Source:                 GPS_CONTROL/delay_counter3/CLK
                            (rising edge-triggered cell DSP48E1 clocked by sys_clk_pin  {rise@0.000ns fall@5.000ns period=10.000ns})
  Destination:            GPS_CONTROL/delay_counter_reg[4]/R
                            (rising edge-triggered cell FDRE clocked by sys_clk_pin  {rise@0.000ns fall@5.000ns period=10.000ns})
  Path Group:             sys_clk_pin
  Path Type:              Setup (Max at Slow Process Corner)
  Requirement:            10.000ns  (sys_clk_pin rise@10.000ns - sys_clk_pin rise@0.000ns)
  Data Path Delay:        10.440ns  (logic 7.423ns (71.101%)  route 3.017ns (28.899%))
  Logic Levels:           10  (CARRY4=7 LUT2=2 LUT6=1)
  Clock Path Skew:        -0.138ns (DCD - SCD + CPR)
    Destination Clock Delay (DCD):    4.836ns = ( 14.836 - 10.000 ) 
    Source Clock Delay      (SCD):    5.233ns
    Clock Pessimism Removal (CPR):    0.259ns
  Clock Uncertainty:      0.035ns  ((TSJ^2 + TIJ^2)^1/2 + DJ) / 2 + PE
    Total System Jitter     (TSJ):    0.071ns
    Total Input Jitter      (TIJ):    0.000ns
    Discrete Jitter          (DJ):    0.000ns
    Phase Error              (PE):    0.000ns

    Location             Delay type                Incr(ns)  Path(ns)    Netlist Resource(s)
  -------------------------------------------------------------------    -------------------
                         (clock sys_clk_pin rise edge)
                                                      0.000     0.000 r  
    G4                                                0.000     0.000 r  clk (IN)
                         net (fo=0)                   0.000     0.000    clk
    G4                   IBUF (Prop_ibuf_I_O)         1.432     1.432 r  clk_IBUF_inst/O
                         net (fo=1, routed)           1.990     3.422    clk_IBUF
    BUFGCTRL_X0Y2        BUFG (Prop_bufg_I_O)         0.096     3.518 r  clk_IBUF_BUFG_inst/O
                         net (fo=900, routed)         1.715     5.233    GPS_CONTROL/clk_IBUF_BUFG
    DSP48_X0Y0           DSP48E1                                      r  GPS_CONTROL/delay_counter3/CLK
  -------------------------------------------------------------------    -------------------
    DSP48_X0Y0           DSP48E1 (Prop_dsp48e1_CLK_P[25])
                                                      3.813     9.046 r  GPS_CONTROL/delay_counter3/P[25]
                         net (fo=2, routed)           0.832     9.878    GPS_CONTROL/delay_counter3_n_80
    SLICE_X28Y4          LUT2 (Prop_lut2_I0_O)        0.124    10.002 r  GPS_CONTROL/i__carry_i_3/O
                         net (fo=1, routed)           0.000    10.002    GPS_CONTROL/i__carry_i_3_n_0
    SLICE_X28Y4          CARRY4 (Prop_carry4_S[1]_CO[3])
                                                      0.533    10.535 r  GPS_CONTROL/delay_counter3_inferred__0/i__carry/CO[3]
                         net (fo=1, routed)           0.000    10.535    GPS_CONTROL/delay_counter3_inferred__0/i__carry_n_0
    SLICE_X28Y5          CARRY4 (Prop_carry4_CI_O[1])
                                                      0.323    10.858 r  GPS_CONTROL/delay_counter3_inferred__0/i__carry__0/O[1]
                         net (fo=1, routed)           0.440    11.298    GPS_CONTROL/delay_counter30_out[5]
    SLICE_X29Y7          CARRY4 (Prop_carry4_S[0]_CO[3])
                                                      0.838    12.136 r  GPS_CONTROL/delay_counter2_carry__6/CO[3]
                         net (fo=1, routed)           0.000    12.136    GPS_CONTROL/delay_counter2_carry__6_n_0
    SLICE_X29Y8          CARRY4 (Prop_carry4_CI_O[0])
                                                      0.222    12.358 r  GPS_CONTROL/delay_counter2_carry__7/O[0]
                         net (fo=1, routed)           0.611    12.969    GPS_CONTROL/PRNG/O[0]
    SLICE_X22Y8          LUT2 (Prop_lut2_I1_O)        0.299    13.268 r  GPS_CONTROL/PRNG/i__carry__7_i_3/O
                         net (fo=1, routed)           0.000    13.268    GPS_CONTROL/PRNG_n_20
    SLICE_X22Y8          CARRY4 (Prop_carry4_S[1]_CO[3])
                                                      0.533    13.801 r  GPS_CONTROL/_inferred__0/i__carry__7/CO[3]
                         net (fo=1, routed)           0.000    13.801    GPS_CONTROL/_inferred__0/i__carry__7_n_0
    SLICE_X22Y9          CARRY4 (Prop_carry4_CI_CO[3])
                                                      0.117    13.918 r  GPS_CONTROL/_inferred__0/i__carry__8/CO[3]
                         net (fo=1, routed)           0.000    13.918    GPS_CONTROL/_inferred__0/i__carry__8_n_0
    SLICE_X22Y10         CARRY4 (Prop_carry4_CI_CO[0])
                                                      0.254    14.172 r  GPS_CONTROL/_inferred__0/i__carry__9/CO[0]
                         net (fo=3, routed)           0.319    14.491    GPS_CONTROL/_inferred__0/i__carry__9_n_3
    SLICE_X23Y8          LUT6 (Prop_lut6_I5_O)        0.367    14.858 r  GPS_CONTROL/delay_counter[0]_i_1_replica/O
                         net (fo=37, routed)          0.815    15.673    GPS_CONTROL/delay_counter[0]_i_1_n_0_repN
    SLICE_X19Y10         FDRE                                         r  GPS_CONTROL/delay_counter_reg[4]/R
  -------------------------------------------------------------------    -------------------

                         (clock sys_clk_pin rise edge)
                                                     10.000    10.000 r  
    G4                                                0.000    10.000 r  clk (IN)
                         net (fo=0)                   0.000    10.000    clk
    G4                   IBUF (Prop_ibuf_I_O)         1.362    11.362 r  clk_IBUF_inst/O
                         net (fo=1, routed)           1.886    13.248    clk_IBUF
    BUFGCTRL_X0Y2        BUFG (Prop_bufg_I_O)         0.091    13.339 r  clk_IBUF_BUFG_inst/O
                         net (fo=900, routed)         1.497    14.836    GPS_CONTROL/clk_IBUF_BUFG
    SLICE_X19Y10         FDRE                                         r  GPS_CONTROL/delay_counter_reg[4]/C
                         clock pessimism              0.259    15.095    
                         clock uncertainty           -0.035    15.060    
    SLICE_X19Y10         FDRE (Setup_fdre_C_R)       -0.429    14.631    GPS_CONTROL/delay_counter_reg[4]
  -------------------------------------------------------------------
                         required time                         14.631    
                         arrival time                         -15.673    
  -------------------------------------------------------------------
                         slack                                 -1.042    

Slack (VIOLATED) :        -1.042ns  (required time - arrival time)
  Source:                 GPS_CONTROL/delay_counter3/CLK
                            (rising edge-triggered cell DSP48E1 clocked by sys_clk_pin  {rise@0.000ns fall@5.000ns period=10.000ns})
  Destination:            GPS_CONTROL/delay_counter_reg[5]/R
                            (rising edge-triggered cell FDRE clocked by sys_clk_pin  {rise@0.000ns fall@5.000ns period=10.000ns})
  Path Group:             sys_clk_pin
  Path Type:              Setup (Max at Slow Process Corner)
  Requirement:            10.000ns  (sys_clk_pin rise@10.000ns - sys_clk_pin rise@0.000ns)
  Data Path Delay:        10.440ns  (logic 7.423ns (71.101%)  route 3.017ns (28.899%))
  Logic Levels:           10  (CARRY4=7 LUT2=2 LUT6=1)
  Clock Path Skew:        -0.138ns (DCD - SCD + CPR)
    Destination Clock Delay (DCD):    4.836ns = ( 14.836 - 10.000 ) 
    Source Clock Delay      (SCD):    5.233ns
    Clock Pessimism Removal (CPR):    0.259ns
  Clock Uncertainty:      0.035ns  ((TSJ^2 + TIJ^2)^1/2 + DJ) / 2 + PE
    Total System Jitter     (TSJ):    0.071ns
    Total Input Jitter      (TIJ):    0.000ns
    Discrete Jitter          (DJ):    0.000ns
    Phase Error              (PE):    0.000ns

    Location             Delay type                Incr(ns)  Path(ns)    Netlist Resource(s)
  -------------------------------------------------------------------    -------------------
                         (clock sys_clk_pin rise edge)
                                                      0.000     0.000 r  
    G4                                                0.000     0.000 r  clk (IN)
                         net (fo=0)                   0.000     0.000    clk
    G4                   IBUF (Prop_ibuf_I_O)         1.432     1.432 r  clk_IBUF_inst/O
                         net (fo=1, routed)           1.990     3.422    clk_IBUF
    BUFGCTRL_X0Y2        BUFG (Prop_bufg_I_O)         0.096     3.518 r  clk_IBUF_BUFG_inst/O
                         net (fo=900, routed)         1.715     5.233    GPS_CONTROL/clk_IBUF_BUFG
    DSP48_X0Y0           DSP48E1                                      r  GPS_CONTROL/delay_counter3/CLK
  -------------------------------------------------------------------    -------------------
    DSP48_X0Y0           DSP48E1 (Prop_dsp48e1_CLK_P[25])
                                                      3.813     9.046 r  GPS_CONTROL/delay_counter3/P[25]
                         net (fo=2, routed)           0.832     9.878    GPS_CONTROL/delay_counter3_n_80
    SLICE_X28Y4          LUT2 (Prop_lut2_I0_O)        0.124    10.002 r  GPS_CONTROL/i__carry_i_3/O
                         net (fo=1, routed)           0.000    10.002    GPS_CONTROL/i__carry_i_3_n_0
    SLICE_X28Y4          CARRY4 (Prop_carry4_S[1]_CO[3])
                                                      0.533    10.535 r  GPS_CONTROL/delay_counter3_inferred__0/i__carry/CO[3]
                         net (fo=1, routed)           0.000    10.535    GPS_CONTROL/delay_counter3_inferred__0/i__carry_n_0
    SLICE_X28Y5          CARRY4 (Prop_carry4_CI_O[1])
                                                      0.323    10.858 r  GPS_CONTROL/delay_counter3_inferred__0/i__carry__0/O[1]
                         net (fo=1, routed)           0.440    11.298    GPS_CONTROL/delay_counter30_out[5]
    SLICE_X29Y7          CARRY4 (Prop_carry4_S[0]_CO[3])
                                                      0.838    12.136 r  GPS_CONTROL/delay_counter2_carry__6/CO[3]
                         net (fo=1, routed)           0.000    12.136    GPS_CONTROL/delay_counter2_carry__6_n_0
    SLICE_X29Y8          CARRY4 (Prop_carry4_CI_O[0])
                                                      0.222    12.358 r  GPS_CONTROL/delay_counter2_carry__7/O[0]
                         net (fo=1, routed)           0.611    12.969    GPS_CONTROL/PRNG/O[0]
    SLICE_X22Y8          LUT2 (Prop_lut2_I1_O)        0.299    13.268 r  GPS_CONTROL/PRNG/i__carry__7_i_3/O
                         net (fo=1, routed)           0.000    13.268    GPS_CONTROL/PRNG_n_20
    SLICE_X22Y8          CARRY4 (Prop_carry4_S[1]_CO[3])
                                                      0.533    13.801 r  GPS_CONTROL/_inferred__0/i__carry__7/CO[3]
                         net (fo=1, routed)           0.000    13.801    GPS_CONTROL/_inferred__0/i__carry__7_n_0
    SLICE_X22Y9          CARRY4 (Prop_carry4_CI_CO[3])
                                                      0.117    13.918 r  GPS_CONTROL/_inferred__0/i__carry__8/CO[3]
                         net (fo=1, routed)           0.000    13.918    GPS_CONTROL/_inferred__0/i__carry__8_n_0
    SLICE_X22Y10         CARRY4 (Prop_carry4_CI_CO[0])
                                                      0.254    14.172 r  GPS_CONTROL/_inferred__0/i__carry__9/CO[0]
                         net (fo=3, routed)           0.319    14.491    GPS_CONTROL/_inferred__0/i__carry__9_n_3
    SLICE_X23Y8          LUT6 (Prop_lut6_I5_O)        0.367    14.858 r  GPS_CONTROL/delay_counter[0]_i_1_replica/O
                         net (fo=37, routed)          0.815    15.673    GPS_CONTROL/delay_counter[0]_i_1_n_0_repN
    SLICE_X19Y10         FDRE                                         r  GPS_CONTROL/delay_counter_reg[5]/R
  -------------------------------------------------------------------    -------------------

                         (clock sys_clk_pin rise edge)
                                                     10.000    10.000 r  
    G4                                                0.000    10.000 r  clk (IN)
                         net (fo=0)                   0.000    10.000    clk
    G4                   IBUF (Prop_ibuf_I_O)         1.362    11.362 r  clk_IBUF_inst/O
                         net (fo=1, routed)           1.886    13.248    clk_IBUF
    BUFGCTRL_X0Y2        BUFG (Prop_bufg_I_O)         0.091    13.339 r  clk_IBUF_BUFG_inst/O
                         net (fo=900, routed)         1.497    14.836    GPS_CONTROL/clk_IBUF_BUFG
    SLICE_X19Y10         FDRE                                         r  GPS_CONTROL/delay_counter_reg[5]/C
                         clock pessimism              0.259    15.095    
                         clock uncertainty           -0.035    15.060    
    SLICE_X19Y10         FDRE (Setup_fdre_C_R)       -0.429    14.631    GPS_CONTROL/delay_counter_reg[5]
  -------------------------------------------------------------------
                         required time                         14.631    
                         arrival time                         -15.673    
  -------------------------------------------------------------------
                         slack                                 -1.042    





Min Delay Paths
--------------------------------------------------------------------------------------
Slack (MET) :             0.068ns  (arrival time - required time)
  Source:                 DATA_HANDLER/FIFO/U0/inst_fifo_gen/gconvfifo.rf/grf.rf/gntv_or_sync_fifo.gl0.rd/rpntr/gc0.count_d1_reg[12]/C
                            (rising edge-triggered cell FDRE clocked by sys_clk_pin  {rise@0.000ns fall@5.000ns period=10.000ns})
  Destination:            DATA_HANDLER/FIFO/U0/inst_fifo_gen/gconvfifo.rf/grf.rf/gntv_or_sync_fifo.mem/gbm.gbmg.gbmga.ngecc.bmg/inst_blk_mem_gen/gnbram.gnativebmg.native_blk_mem_gen/valid.cstr/ramloop[3].ram.r/prim_noinit.ram/DEVICE_7SERIES.NO_BMM_INFO.SDP.CASCADED_PRIM36.ram_B/ADDRBWRADDR[12]
                            (rising edge-triggered cell RAMB36E1 clocked by sys_clk_pin  {rise@0.000ns fall@5.000ns period=10.000ns})
  Path Group:             sys_clk_pin
  Path Type:              Hold (Min at Fast Process Corner)
  Requirement:            0.000ns  (sys_clk_pin rise@0.000ns - sys_clk_pin rise@0.000ns)
  Data Path Delay:        0.311ns  (logic 0.141ns (45.360%)  route 0.170ns (54.640%))
  Logic Levels:           0  
  Clock Path Skew:        0.059ns (DCD - SCD - CPR)
    Destination Clock Delay (DCD):    1.979ns
    Source Clock Delay      (SCD):    1.422ns
    Clock Pessimism Removal (CPR):    0.497ns

    Location             Delay type                Incr(ns)  Path(ns)    Netlist Resource(s)
  -------------------------------------------------------------------    -------------------
                         (clock sys_clk_pin rise edge)
                                                      0.000     0.000 r  
    G4                                                0.000     0.000 r  clk (IN)
                         net (fo=0)                   0.000     0.000    clk
    G4                   IBUF (Prop_ibuf_I_O)         0.200     0.200 r  clk_IBUF_inst/O
                         net (fo=1, routed)           0.630     0.831    clk_IBUF
    BUFGCTRL_X0Y2        BUFG (Prop_bufg_I_O)         0.026     0.857 r  clk_IBUF_BUFG_inst/O
                         net (fo=900, routed)         0.566     1.422    DATA_HANDLER/FIFO/U0/inst_fifo_gen/gconvfifo.rf/grf.rf/gntv_or_sync_fifo.gl0.rd/rpntr/rd_clk
    SLICE_X31Y4          FDRE                                         r  DATA_HANDLER/FIFO/U0/inst_fifo_gen/gconvfifo.rf/grf.rf/gntv_or_sync_fifo.gl0.rd/rpntr/gc0.count_d1_reg[12]/C
  -------------------------------------------------------------------    -------------------
    SLICE_X31Y4          FDRE (Prop_fdre_C_Q)         0.141     1.563 r  DATA_HANDLER/FIFO/U0/inst_fifo_gen/gconvfifo.rf/grf.rf/gntv_or_sync_fifo.gl0.rd/rpntr/gc0.count_d1_reg[12]/Q
                         net (fo=11, routed)          0.170     1.733    DATA_HANDLER/FIFO/U0/inst_fifo_gen/gconvfifo.rf/grf.rf/gntv_or_sync_fifo.mem/gbm.gbmg.gbmga.ngecc.bmg/inst_blk_mem_gen/gnbram.gnativebmg.native_blk_mem_gen/valid.cstr/ramloop[3].ram.r/prim_noinit.ram/Q[12]
    RAMB36_X0Y0          RAMB36E1                                     r  DATA_HANDLER/FIFO/U0/inst_fifo_gen/gconvfifo.rf/grf.rf/gntv_or_sync_fifo.mem/gbm.gbmg.gbmga.ngecc.bmg/inst_blk_mem_gen/gnbram.gnativebmg.native_blk_mem_gen/valid.cstr/ramloop[3].ram.r/prim_noinit.ram/DEVICE_7SERIES.NO_BMM_INFO.SDP.CASCADED_PRIM36.ram_B/ADDRBWRADDR[12]
  -------------------------------------------------------------------    -------------------

                         (clock sys_clk_pin rise edge)
                                                      0.000     0.000 r  
    G4                                                0.000     0.000 r  clk (IN)
                         net (fo=0)                   0.000     0.000    clk
    G4                   IBUF (Prop_ibuf_I_O)         0.388     0.388 r  clk_IBUF_inst/O
                         net (fo=1, routed)           0.684     1.072    clk_IBUF
    BUFGCTRL_X0Y2        BUFG (Prop_bufg_I_O)         0.029     1.101 r  clk_IBUF_BUFG_inst/O
                         net (fo=900, routed)         0.878     1.979    DATA_HANDLER/FIFO/U0/inst_fifo_gen/gconvfifo.rf/grf.rf/gntv_or_sync_fifo.mem/gbm.gbmg.gbmga.ngecc.bmg/inst_blk_mem_gen/gnbram.gnativebmg.native_blk_mem_gen/valid.cstr/ramloop[3].ram.r/prim_noinit.ram/rd_clk
    RAMB36_X0Y0          RAMB36E1                                     r  DATA_HANDLER/FIFO/U0/inst_fifo_gen/gconvfifo.rf/grf.rf/gntv_or_sync_fifo.mem/gbm.gbmg.gbmga.ngecc.bmg/inst_blk_mem_gen/gnbram.gnativebmg.native_blk_mem_gen/valid.cstr/ramloop[3].ram.r/prim_noinit.ram/DEVICE_7SERIES.NO_BMM_INFO.SDP.CASCADED_PRIM36.ram_B/CLKBWRCLK
                         clock pessimism             -0.497     1.482    
    RAMB36_X0Y0          RAMB36E1 (Hold_ramb36e1_CLKBWRCLK_ADDRBWRADDR[12])
                                                      0.183     1.665    DATA_HANDLER/FIFO/U0/inst_fifo_gen/gconvfifo.rf/grf.rf/gntv_or_sync_fifo.mem/gbm.gbmg.gbmga.ngecc.bmg/inst_blk_mem_gen/gnbram.gnativebmg.native_blk_mem_gen/valid.cstr/ramloop[3].ram.r/prim_noinit.ram/DEVICE_7SERIES.NO_BMM_INFO.SDP.CASCADED_PRIM36.ram_B
  -------------------------------------------------------------------
                         required time                         -1.665    
                         arrival time                           1.733    
  -------------------------------------------------------------------
                         slack                                  0.068    

Slack (MET) :             0.079ns  (arrival time - required time)
  Source:                 DATA_HANDLER/FIFO/U0/inst_fifo_gen/gconvfifo.rf/grf.rf/gntv_or_sync_fifo.gl0.rd/rpntr/gc0.count_d1_reg[3]/C
                            (rising edge-triggered cell FDRE clocked by sys_clk_pin  {rise@0.000ns fall@5.000ns period=10.000ns})
  Destination:            DATA_HANDLER/FIFO/U0/inst_fifo_gen/gconvfifo.rf/grf.rf/gntv_or_sync_fifo.mem/gbm.gbmg.gbmga.ngecc.bmg/inst_blk_mem_gen/gnbram.gnativebmg.native_blk_mem_gen/valid.cstr/ramloop[3].ram.r/prim_noinit.ram/DEVICE_7SERIES.NO_BMM_INFO.SDP.CASCADED_PRIM36.ram_B/ADDRBWRADDR[3]
                            (rising edge-triggered cell RAMB36E1 clocked by sys_clk_pin  {rise@0.000ns fall@5.000ns period=10.000ns})
  Path Group:             sys_clk_pin
  Path Type:              Hold (Min at Fast Process Corner)
  Requirement:            0.000ns  (sys_clk_pin rise@0.000ns - sys_clk_pin rise@0.000ns)
  Data Path Delay:        0.320ns  (logic 0.141ns (44.003%)  route 0.179ns (55.997%))
  Logic Levels:           0  
  Clock Path Skew:        0.058ns (DCD - SCD - CPR)
    Destination Clock Delay (DCD):    1.979ns
    Source Clock Delay      (SCD):    1.423ns
    Clock Pessimism Removal (CPR):    0.497ns

    Location             Delay type                Incr(ns)  Path(ns)    Netlist Resource(s)
  -------------------------------------------------------------------    -------------------
                         (clock sys_clk_pin rise edge)
                                                      0.000     0.000 r  
    G4                                                0.000     0.000 r  clk (IN)
                         net (fo=0)                   0.000     0.000    clk
    G4                   IBUF (Prop_ibuf_I_O)         0.200     0.200 r  clk_IBUF_inst/O
                         net (fo=1, routed)           0.630     0.831    clk_IBUF
    BUFGCTRL_X0Y2        BUFG (Prop_bufg_I_O)         0.026     0.857 r  clk_IBUF_BUFG_inst/O
                         net (fo=900, routed)         0.567     1.423    DATA_HANDLER/FIFO/U0/inst_fifo_gen/gconvfifo.rf/grf.rf/gntv_or_sync_fifo.gl0.rd/rpntr/rd_clk
    SLICE_X31Y2          FDRE                                         r  DATA_HANDLER/FIFO/U0/inst_fifo_gen/gconvfifo.rf/grf.rf/gntv_or_sync_fifo.gl0.rd/rpntr/gc0.count_d1_reg[3]/C
  -------------------------------------------------------------------    -------------------
    SLICE_X31Y2          FDRE (Prop_fdre_C_Q)         0.141     1.564 r  DATA_HANDLER/FIFO/U0/inst_fifo_gen/gconvfifo.rf/grf.rf/gntv_or_sync_fifo.gl0.rd/rpntr/gc0.count_d1_reg[3]/Q
                         net (fo=11, routed)          0.179     1.744    DATA_HANDLER/FIFO/U0/inst_fifo_gen/gconvfifo.rf/grf.rf/gntv_or_sync_fifo.mem/gbm.gbmg.gbmga.ngecc.bmg/inst_blk_mem_gen/gnbram.gnativebmg.native_blk_mem_gen/valid.cstr/ramloop[3].ram.r/prim_noinit.ram/Q[3]
    RAMB36_X0Y0          RAMB36E1                                     r  DATA_HANDLER/FIFO/U0/inst_fifo_gen/gconvfifo.rf/grf.rf/gntv_or_sync_fifo.mem/gbm.gbmg.gbmga.ngecc.bmg/inst_blk_mem_gen/gnbram.gnativebmg.native_blk_mem_gen/valid.cstr/ramloop[3].ram.r/prim_noinit.ram/DEVICE_7SERIES.NO_BMM_INFO.SDP.CASCADED_PRIM36.ram_B/ADDRBWRADDR[3]
  -------------------------------------------------------------------    -------------------

                         (clock sys_clk_pin rise edge)
                                                      0.000     0.000 r  
    G4                                                0.000     0.000 r  clk (IN)
                         net (fo=0)                   0.000     0.000    clk
    G4                   IBUF (Prop_ibuf_I_O)         0.388     0.388 r  clk_IBUF_inst/O
                         net (fo=1, routed)           0.684     1.072    clk_IBUF
    BUFGCTRL_X0Y2        BUFG (Prop_bufg_I_O)         0.029     1.101 r  clk_IBUF_BUFG_inst/O
                         net (fo=900, routed)         0.878     1.979    DATA_HANDLER/FIFO/U0/inst_fifo_gen/gconvfifo.rf/grf.rf/gntv_or_sync_fifo.mem/gbm.gbmg.gbmga.ngecc.bmg/inst_blk_mem_gen/gnbram.gnativebmg.native_blk_mem_gen/valid.cstr/ramloop[3].ram.r/prim_noinit.ram/rd_clk
    RAMB36_X0Y0          RAMB36E1                                     r  DATA_HANDLER/FIFO/U0/inst_fifo_gen/gconvfifo.rf/grf.rf/gntv_or_sync_fifo.mem/gbm.gbmg.gbmga.ngecc.bmg/inst_blk_mem_gen/gnbram.gnativebmg.native_blk_mem_gen/valid.cstr/ramloop[3].ram.r/prim_noinit.ram/DEVICE_7SERIES.NO_BMM_INFO.SDP.CASCADED_PRIM36.ram_B/CLKBWRCLK
                         clock pessimism             -0.497     1.482    
    RAMB36_X0Y0          RAMB36E1 (Hold_ramb36e1_CLKBWRCLK_ADDRBWRADDR[3])
                                                      0.183     1.665    DATA_HANDLER/FIFO/U0/inst_fifo_gen/gconvfifo.rf/grf.rf/gntv_or_sync_fifo.mem/gbm.gbmg.gbmga.ngecc.bmg/inst_blk_mem_gen/gnbram.gnativebmg.native_blk_mem_gen/valid.cstr/ramloop[3].ram.r/prim_noinit.ram/DEVICE_7SERIES.NO_BMM_INFO.SDP.CASCADED_PRIM36.ram_B
  -------------------------------------------------------------------
                         required time                         -1.665    
                         arrival time                           1.744    
  -------------------------------------------------------------------
                         slack                                  0.079    

Slack (MET) :             0.080ns  (arrival time - required time)
  Source:                 DATA_HANDLER/FIFO/U0/inst_fifo_gen/gconvfifo.rf/grf.rf/gntv_or_sync_fifo.gl0.rd/rpntr/gc0.count_d1_reg[1]/C
                            (rising edge-triggered cell FDRE clocked by sys_clk_pin  {rise@0.000ns fall@5.000ns period=10.000ns})
  Destination:            DATA_HANDLER/FIFO/U0/inst_fifo_gen/gconvfifo.rf/grf.rf/gntv_or_sync_fifo.mem/gbm.gbmg.gbmga.ngecc.bmg/inst_blk_mem_gen/gnbram.gnativebmg.native_blk_mem_gen/valid.cstr/ramloop[3].ram.r/prim_noinit.ram/DEVICE_7SERIES.NO_BMM_INFO.SDP.CASCADED_PRIM36.ram_B/ADDRBWRADDR[1]
                            (rising edge-triggered cell RAMB36E1 clocked by sys_clk_pin  {rise@0.000ns fall@5.000ns period=10.000ns})
  Path Group:             sys_clk_pin
  Path Type:              Hold (Min at Fast Process Corner)
  Requirement:            0.000ns  (sys_clk_pin rise@0.000ns - sys_clk_pin rise@0.000ns)
  Data Path Delay:        0.322ns  (logic 0.141ns (43.819%)  route 0.181ns (56.181%))
  Logic Levels:           0  
  Clock Path Skew:        0.058ns (DCD - SCD - CPR)
    Destination Clock Delay (DCD):    1.979ns
    Source Clock Delay      (SCD):    1.423ns
    Clock Pessimism Removal (CPR):    0.497ns

    Location             Delay type                Incr(ns)  Path(ns)    Netlist Resource(s)
  -------------------------------------------------------------------    -------------------
                         (clock sys_clk_pin rise edge)
                                                      0.000     0.000 r  
    G4                                                0.000     0.000 r  clk (IN)
                         net (fo=0)                   0.000     0.000    clk
    G4                   IBUF (Prop_ibuf_I_O)         0.200     0.200 r  clk_IBUF_inst/O
                         net (fo=1, routed)           0.630     0.831    clk_IBUF
    BUFGCTRL_X0Y2        BUFG (Prop_bufg_I_O)         0.026     0.857 r  clk_IBUF_BUFG_inst/O
                         net (fo=900, routed)         0.567     1.423    DATA_HANDLER/FIFO/U0/inst_fifo_gen/gconvfifo.rf/grf.rf/gntv_or_sync_fifo.gl0.rd/rpntr/rd_clk
    SLICE_X31Y1          FDRE                                         r  DATA_HANDLER/FIFO/U0/inst_fifo_gen/gconvfifo.rf/grf.rf/gntv_or_sync_fifo.gl0.rd/rpntr/gc0.count_d1_reg[1]/C
  -------------------------------------------------------------------    -------------------
    SLICE_X31Y1          FDRE (Prop_fdre_C_Q)         0.141     1.564 r  DATA_HANDLER/FIFO/U0/inst_fifo_gen/gconvfifo.rf/grf.rf/gntv_or_sync_fifo.gl0.rd/rpntr/gc0.count_d1_reg[1]/Q
                         net (fo=11, routed)          0.181     1.745    DATA_HANDLER/FIFO/U0/inst_fifo_gen/gconvfifo.rf/grf.rf/gntv_or_sync_fifo.mem/gbm.gbmg.gbmga.ngecc.bmg/inst_blk_mem_gen/gnbram.gnativebmg.native_blk_mem_gen/valid.cstr/ramloop[3].ram.r/prim_noinit.ram/Q[1]
    RAMB36_X0Y0          RAMB36E1                                     r  DATA_HANDLER/FIFO/U0/inst_fifo_gen/gconvfifo.rf/grf.rf/gntv_or_sync_fifo.mem/gbm.gbmg.gbmga.ngecc.bmg/inst_blk_mem_gen/gnbram.gnativebmg.native_blk_mem_gen/valid.cstr/ramloop[3].ram.r/prim_noinit.ram/DEVICE_7SERIES.NO_BMM_INFO.SDP.CASCADED_PRIM36.ram_B/ADDRBWRADDR[1]
  -------------------------------------------------------------------    -------------------

                         (clock sys_clk_pin rise edge)
                                                      0.000     0.000 r  
    G4                                                0.000     0.000 r  clk (IN)
                         net (fo=0)                   0.000     0.000    clk
    G4                   IBUF (Prop_ibuf_I_O)         0.388     0.388 r  clk_IBUF_inst/O
                         net (fo=1, routed)           0.684     1.072    clk_IBUF
    BUFGCTRL_X0Y2        BUFG (Prop_bufg_I_O)         0.029     1.101 r  clk_IBUF_BUFG_inst/O
                         net (fo=900, routed)         0.878     1.979    DATA_HANDLER/FIFO/U0/inst_fifo_gen/gconvfifo.rf/grf.rf/gntv_or_sync_fifo.mem/gbm.gbmg.gbmga.ngecc.bmg/inst_blk_mem_gen/gnbram.gnativebmg.native_blk_mem_gen/valid.cstr/ramloop[3].ram.r/prim_noinit.ram/rd_clk
    RAMB36_X0Y0          RAMB36E1                                     r  DATA_HANDLER/FIFO/U0/inst_fifo_gen/gconvfifo.rf/grf.rf/gntv_or_sync_fifo.mem/gbm.gbmg.gbmga.ngecc.bmg/inst_blk_mem_gen/gnbram.gnativebmg.native_blk_mem_gen/valid.cstr/ramloop[3].ram.r/prim_noinit.ram/DEVICE_7SERIES.NO_BMM_INFO.SDP.CASCADED_PRIM36.ram_B/CLKBWRCLK
                         clock pessimism             -0.497     1.482    
    RAMB36_X0Y0          RAMB36E1 (Hold_ramb36e1_CLKBWRCLK_ADDRBWRADDR[1])
                                                      0.183     1.665    DATA_HANDLER/FIFO/U0/inst_fifo_gen/gconvfifo.rf/grf.rf/gntv_or_sync_fifo.mem/gbm.gbmg.gbmga.ngecc.bmg/inst_blk_mem_gen/gnbram.gnativebmg.native_blk_mem_gen/valid.cstr/ramloop[3].ram.r/prim_noinit.ram/DEVICE_7SERIES.NO_BMM_INFO.SDP.CASCADED_PRIM36.ram_B
  -------------------------------------------------------------------
                         required time                         -1.665    
                         arrival time                           1.745    
  -------------------------------------------------------------------
                         slack                                  0.080    

Slack (MET) :             0.090ns  (arrival time - required time)
  Source:                 DATA_HANDLER/FIFO/U0/inst_fifo_gen/gconvfifo.rf/grf.rf/gntv_or_sync_fifo.gl0.rd/rpntr/gc0.count_d1_reg[4]/C
                            (rising edge-triggered cell FDRE clocked by sys_clk_pin  {rise@0.000ns fall@5.000ns period=10.000ns})
  Destination:            DATA_HANDLER/FIFO/U0/inst_fifo_gen/gconvfifo.rf/grf.rf/gntv_or_sync_fifo.mem/gbm.gbmg.gbmga.ngecc.bmg/inst_blk_mem_gen/gnbram.gnativebmg.native_blk_mem_gen/valid.cstr/ramloop[3].ram.r/prim_noinit.ram/DEVICE_7SERIES.NO_BMM_INFO.SDP.CASCADED_PRIM36.ram_B/ADDRBWRADDR[4]
                            (rising edge-triggered cell RAMB36E1 clocked by sys_clk_pin  {rise@0.000ns fall@5.000ns period=10.000ns})
  Path Group:             sys_clk_pin
  Path Type:              Hold (Min at Fast Process Corner)
  Requirement:            0.000ns  (sys_clk_pin rise@0.000ns - sys_clk_pin rise@0.000ns)
  Data Path Delay:        0.332ns  (logic 0.141ns (42.533%)  route 0.191ns (57.467%))
  Logic Levels:           0  
  Clock Path Skew:        0.058ns (DCD - SCD - CPR)
    Destination Clock Delay (DCD):    1.979ns
    Source Clock Delay      (SCD):    1.423ns
    Clock Pessimism Removal (CPR):    0.497ns

    Location             Delay type                Incr(ns)  Path(ns)    Netlist Resource(s)
  -------------------------------------------------------------------    -------------------
                         (clock sys_clk_pin rise edge)
                                                      0.000     0.000 r  
    G4                                                0.000     0.000 r  clk (IN)
                         net (fo=0)                   0.000     0.000    clk
    G4                   IBUF (Prop_ibuf_I_O)         0.200     0.200 r  clk_IBUF_inst/O
                         net (fo=1, routed)           0.630     0.831    clk_IBUF
    BUFGCTRL_X0Y2        BUFG (Prop_bufg_I_O)         0.026     0.857 r  clk_IBUF_BUFG_inst/O
                         net (fo=900, routed)         0.567     1.423    DATA_HANDLER/FIFO/U0/inst_fifo_gen/gconvfifo.rf/grf.rf/gntv_or_sync_fifo.gl0.rd/rpntr/rd_clk
    SLICE_X31Y2          FDRE                                         r  DATA_HANDLER/FIFO/U0/inst_fifo_gen/gconvfifo.rf/grf.rf/gntv_or_sync_fifo.gl0.rd/rpntr/gc0.count_d1_reg[4]/C
  -------------------------------------------------------------------    -------------------
    SLICE_X31Y2          FDRE (Prop_fdre_C_Q)         0.141     1.564 r  DATA_HANDLER/FIFO/U0/inst_fifo_gen/gconvfifo.rf/grf.rf/gntv_or_sync_fifo.gl0.rd/rpntr/gc0.count_d1_reg[4]/Q
                         net (fo=11, routed)          0.191     1.755    DATA_HANDLER/FIFO/U0/inst_fifo_gen/gconvfifo.rf/grf.rf/gntv_or_sync_fifo.mem/gbm.gbmg.gbmga.ngecc.bmg/inst_blk_mem_gen/gnbram.gnativebmg.native_blk_mem_gen/valid.cstr/ramloop[3].ram.r/prim_noinit.ram/Q[4]
    RAMB36_X0Y0          RAMB36E1                                     r  DATA_HANDLER/FIFO/U0/inst_fifo_gen/gconvfifo.rf/grf.rf/gntv_or_sync_fifo.mem/gbm.gbmg.gbmga.ngecc.bmg/inst_blk_mem_gen/gnbram.gnativebmg.native_blk_mem_gen/valid.cstr/ramloop[3].ram.r/prim_noinit.ram/DEVICE_7SERIES.NO_BMM_INFO.SDP.CASCADED_PRIM36.ram_B/ADDRBWRADDR[4]
  -------------------------------------------------------------------    -------------------

                         (clock sys_clk_pin rise edge)
                                                      0.000     0.000 r  
    G4                                                0.000     0.000 r  clk (IN)
                         net (fo=0)                   0.000     0.000    clk
    G4                   IBUF (Prop_ibuf_I_O)         0.388     0.388 r  clk_IBUF_inst/O
                         net (fo=1, routed)           0.684     1.072    clk_IBUF
    BUFGCTRL_X0Y2        BUFG (Prop_bufg_I_O)         0.029     1.101 r  clk_IBUF_BUFG_inst/O
                         net (fo=900, routed)         0.878     1.979    DATA_HANDLER/FIFO/U0/inst_fifo_gen/gconvfifo.rf/grf.rf/gntv_or_sync_fifo.mem/gbm.gbmg.gbmga.ngecc.bmg/inst_blk_mem_gen/gnbram.gnativebmg.native_blk_mem_gen/valid.cstr/ramloop[3].ram.r/prim_noinit.ram/rd_clk
    RAMB36_X0Y0          RAMB36E1                                     r  DATA_HANDLER/FIFO/U0/inst_fifo_gen/gconvfifo.rf/grf.rf/gntv_or_sync_fifo.mem/gbm.gbmg.gbmga.ngecc.bmg/inst_blk_mem_gen/gnbram.gnativebmg.native_blk_mem_gen/valid.cstr/ramloop[3].ram.r/prim_noinit.ram/DEVICE_7SERIES.NO_BMM_INFO.SDP.CASCADED_PRIM36.ram_B/CLKBWRCLK
                         clock pessimism             -0.497     1.482    
    RAMB36_X0Y0          RAMB36E1 (Hold_ramb36e1_CLKBWRCLK_ADDRBWRADDR[4])
                                                      0.183     1.665    DATA_HANDLER/FIFO/U0/inst_fifo_gen/gconvfifo.rf/grf.rf/gntv_or_sync_fifo.mem/gbm.gbmg.gbmga.ngecc.bmg/inst_blk_mem_gen/gnbram.gnativebmg.native_blk_mem_gen/valid.cstr/ramloop[3].ram.r/prim_noinit.ram/DEVICE_7SERIES.NO_BMM_INFO.SDP.CASCADED_PRIM36.ram_B
  -------------------------------------------------------------------
                         required time                         -1.665    
                         arrival time                           1.755    
  -------------------------------------------------------------------
                         slack                                  0.090    

Slack (MET) :             0.121ns  (arrival time - required time)
  Source:                 DATA_HANDLER/FIFO/U0/inst_fifo_gen/gconvfifo.rf/grf.rf/gntv_or_sync_fifo.gcx.clkx/wr_pntr_cdc_inst/dest_graysync_ff_reg[0][15]/C
                            (rising edge-triggered cell FDRE clocked by sys_clk_pin  {rise@0.000ns fall@5.000ns period=10.000ns})
  Destination:            DATA_HANDLER/FIFO/U0/inst_fifo_gen/gconvfifo.rf/grf.rf/gntv_or_sync_fifo.gcx.clkx/wr_pntr_cdc_inst/dest_graysync_ff_reg[1][15]/D
                            (rising edge-triggered cell FDRE clocked by sys_clk_pin  {rise@0.000ns fall@5.000ns period=10.000ns})
  Path Group:             sys_clk_pin
  Path Type:              Hold (Min at Fast Process Corner)
  Requirement:            0.000ns  (sys_clk_pin rise@0.000ns - sys_clk_pin rise@0.000ns)
  Data Path Delay:        0.197ns  (logic 0.141ns (71.611%)  route 0.056ns (28.389%))
  Logic Levels:           0  
  Clock Path Skew:        0.000ns (DCD - SCD - CPR)
    Destination Clock Delay (DCD):    1.963ns
    Source Clock Delay      (SCD):    1.449ns
    Clock Pessimism Removal (CPR):    0.514ns

    Location             Delay type                Incr(ns)  Path(ns)    Netlist Resource(s)
  -------------------------------------------------------------------    -------------------
                         (clock sys_clk_pin rise edge)
                                                      0.000     0.000 r  
    G4                                                0.000     0.000 r  clk (IN)
                         net (fo=0)                   0.000     0.000    clk
    G4                   IBUF (Prop_ibuf_I_O)         0.200     0.200 r  clk_IBUF_inst/O
                         net (fo=1, routed)           0.630     0.831    clk_IBUF
    BUFGCTRL_X0Y2        BUFG (Prop_bufg_I_O)         0.026     0.857 r  clk_IBUF_BUFG_inst/O
                         net (fo=900, routed)         0.593     1.449    DATA_HANDLER/FIFO/U0/inst_fifo_gen/gconvfifo.rf/grf.rf/gntv_or_sync_fifo.gcx.clkx/wr_pntr_cdc_inst/dest_clk
    SLICE_X33Y5          FDRE                                         r  DATA_HANDLER/FIFO/U0/inst_fifo_gen/gconvfifo.rf/grf.rf/gntv_or_sync_fifo.gcx.clkx/wr_pntr_cdc_inst/dest_graysync_ff_reg[0][15]/C
  -------------------------------------------------------------------    -------------------
    SLICE_X33Y5          FDRE (Prop_fdre_C_Q)         0.141     1.590 r  DATA_HANDLER/FIFO/U0/inst_fifo_gen/gconvfifo.rf/grf.rf/gntv_or_sync_fifo.gcx.clkx/wr_pntr_cdc_inst/dest_graysync_ff_reg[0][15]/Q
                         net (fo=1, routed)           0.056     1.646    DATA_HANDLER/FIFO/U0/inst_fifo_gen/gconvfifo.rf/grf.rf/gntv_or_sync_fifo.gcx.clkx/wr_pntr_cdc_inst/dest_graysync_ff[0][15]
    SLICE_X33Y5          FDRE                                         r  DATA_HANDLER/FIFO/U0/inst_fifo_gen/gconvfifo.rf/grf.rf/gntv_or_sync_fifo.gcx.clkx/wr_pntr_cdc_inst/dest_graysync_ff_reg[1][15]/D
  -------------------------------------------------------------------    -------------------

                         (clock sys_clk_pin rise edge)
                                                      0.000     0.000 r  
    G4                                                0.000     0.000 r  clk (IN)
                         net (fo=0)                   0.000     0.000    clk
    G4                   IBUF (Prop_ibuf_I_O)         0.388     0.388 r  clk_IBUF_inst/O
                         net (fo=1, routed)           0.684     1.072    clk_IBUF
    BUFGCTRL_X0Y2        BUFG (Prop_bufg_I_O)         0.029     1.101 r  clk_IBUF_BUFG_inst/O
                         net (fo=900, routed)         0.863     1.963    DATA_HANDLER/FIFO/U0/inst_fifo_gen/gconvfifo.rf/grf.rf/gntv_or_sync_fifo.gcx.clkx/wr_pntr_cdc_inst/dest_clk
    SLICE_X33Y5          FDRE                                         r  DATA_HANDLER/FIFO/U0/inst_fifo_gen/gconvfifo.rf/grf.rf/gntv_or_sync_fifo.gcx.clkx/wr_pntr_cdc_inst/dest_graysync_ff_reg[1][15]/C
                         clock pessimism             -0.514     1.449    
    SLICE_X33Y5          FDRE (Hold_fdre_C_D)         0.076     1.525    DATA_HANDLER/FIFO/U0/inst_fifo_gen/gconvfifo.rf/grf.rf/gntv_or_sync_fifo.gcx.clkx/wr_pntr_cdc_inst/dest_graysync_ff_reg[1][15]
  -------------------------------------------------------------------
                         required time                         -1.525    
                         arrival time                           1.646    
  -------------------------------------------------------------------
                         slack                                  0.121    

Slack (MET) :             0.121ns  (arrival time - required time)
  Source:                 DATA_HANDLER/FIFO/U0/inst_fifo_gen/gconvfifo.rf/grf.rf/gntv_or_sync_fifo.gcx.clkx/wr_pntr_cdc_inst/dest_graysync_ff_reg[0][16]/C
                            (rising edge-triggered cell FDRE clocked by sys_clk_pin  {rise@0.000ns fall@5.000ns period=10.000ns})
  Destination:            DATA_HANDLER/FIFO/U0/inst_fifo_gen/gconvfifo.rf/grf.rf/gntv_or_sync_fifo.gcx.clkx/wr_pntr_cdc_inst/dest_graysync_ff_reg[1][16]/D
                            (rising edge-triggered cell FDRE clocked by sys_clk_pin  {rise@0.000ns fall@5.000ns period=10.000ns})
  Path Group:             sys_clk_pin
  Path Type:              Hold (Min at Fast Process Corner)
  Requirement:            0.000ns  (sys_clk_pin rise@0.000ns - sys_clk_pin rise@0.000ns)
  Data Path Delay:        0.197ns  (logic 0.141ns (71.611%)  route 0.056ns (28.389%))
  Logic Levels:           0  
  Clock Path Skew:        0.000ns (DCD - SCD - CPR)
    Destination Clock Delay (DCD):    1.964ns
    Source Clock Delay      (SCD):    1.449ns
    Clock Pessimism Removal (CPR):    0.515ns

    Location             Delay type                Incr(ns)  Path(ns)    Netlist Resource(s)
  -------------------------------------------------------------------    -------------------
                         (clock sys_clk_pin rise edge)
                                                      0.000     0.000 r  
    G4                                                0.000     0.000 r  clk (IN)
                         net (fo=0)                   0.000     0.000    clk
    G4                   IBUF (Prop_ibuf_I_O)         0.200     0.200 r  clk_IBUF_inst/O
                         net (fo=1, routed)           0.630     0.831    clk_IBUF
    BUFGCTRL_X0Y2        BUFG (Prop_bufg_I_O)         0.026     0.857 r  clk_IBUF_BUFG_inst/O
                         net (fo=900, routed)         0.593     1.449    DATA_HANDLER/FIFO/U0/inst_fifo_gen/gconvfifo.rf/grf.rf/gntv_or_sync_fifo.gcx.clkx/wr_pntr_cdc_inst/dest_clk
    SLICE_X37Y3          FDRE                                         r  DATA_HANDLER/FIFO/U0/inst_fifo_gen/gconvfifo.rf/grf.rf/gntv_or_sync_fifo.gcx.clkx/wr_pntr_cdc_inst/dest_graysync_ff_reg[0][16]/C
  -------------------------------------------------------------------    -------------------
    SLICE_X37Y3          FDRE (Prop_fdre_C_Q)         0.141     1.590 r  DATA_HANDLER/FIFO/U0/inst_fifo_gen/gconvfifo.rf/grf.rf/gntv_or_sync_fifo.gcx.clkx/wr_pntr_cdc_inst/dest_graysync_ff_reg[0][16]/Q
                         net (fo=1, routed)           0.056     1.646    DATA_HANDLER/FIFO/U0/inst_fifo_gen/gconvfifo.rf/grf.rf/gntv_or_sync_fifo.gcx.clkx/wr_pntr_cdc_inst/dest_graysync_ff[0][16]
    SLICE_X37Y3          FDRE                                         r  DATA_HANDLER/FIFO/U0/inst_fifo_gen/gconvfifo.rf/grf.rf/gntv_or_sync_fifo.gcx.clkx/wr_pntr_cdc_inst/dest_graysync_ff_reg[1][16]/D
  -------------------------------------------------------------------    -------------------

                         (clock sys_clk_pin rise edge)
                                                      0.000     0.000 r  
    G4                                                0.000     0.000 r  clk (IN)
                         net (fo=0)                   0.000     0.000    clk
    G4                   IBUF (Prop_ibuf_I_O)         0.388     0.388 r  clk_IBUF_inst/O
                         net (fo=1, routed)           0.684     1.072    clk_IBUF
    BUFGCTRL_X0Y2        BUFG (Prop_bufg_I_O)         0.029     1.101 r  clk_IBUF_BUFG_inst/O
                         net (fo=900, routed)         0.864     1.964    DATA_HANDLER/FIFO/U0/inst_fifo_gen/gconvfifo.rf/grf.rf/gntv_or_sync_fifo.gcx.clkx/wr_pntr_cdc_inst/dest_clk
    SLICE_X37Y3          FDRE                                         r  DATA_HANDLER/FIFO/U0/inst_fifo_gen/gconvfifo.rf/grf.rf/gntv_or_sync_fifo.gcx.clkx/wr_pntr_cdc_inst/dest_graysync_ff_reg[1][16]/C
                         clock pessimism             -0.515     1.449    
    SLICE_X37Y3          FDRE (Hold_fdre_C_D)         0.076     1.525    DATA_HANDLER/FIFO/U0/inst_fifo_gen/gconvfifo.rf/grf.rf/gntv_or_sync_fifo.gcx.clkx/wr_pntr_cdc_inst/dest_graysync_ff_reg[1][16]
  -------------------------------------------------------------------
                         required time                         -1.525    
                         arrival time                           1.646    
  -------------------------------------------------------------------
                         slack                                  0.121    

Slack (MET) :             0.122ns  (arrival time - required time)
  Source:                 DATA_HANDLER/FIFO/U0/inst_fifo_gen/gconvfifo.rf/grf.rf/gntv_or_sync_fifo.gcx.clkx/wr_pntr_cdc_inst/dest_graysync_ff_reg[0][11]/C
                            (rising edge-triggered cell FDRE clocked by sys_clk_pin  {rise@0.000ns fall@5.000ns period=10.000ns})
  Destination:            DATA_HANDLER/FIFO/U0/inst_fifo_gen/gconvfifo.rf/grf.rf/gntv_or_sync_fifo.gcx.clkx/wr_pntr_cdc_inst/dest_graysync_ff_reg[1][11]/D
                            (rising edge-triggered cell FDRE clocked by sys_clk_pin  {rise@0.000ns fall@5.000ns period=10.000ns})
  Path Group:             sys_clk_pin
  Path Type:              Hold (Min at Fast Process Corner)
  Requirement:            0.000ns  (sys_clk_pin rise@0.000ns - sys_clk_pin rise@0.000ns)
  Data Path Delay:        0.197ns  (logic 0.141ns (71.611%)  route 0.056ns (28.389%))
  Logic Levels:           0  
  Clock Path Skew:        0.000ns (DCD - SCD - CPR)
    Destination Clock Delay (DCD):    1.964ns
    Source Clock Delay      (SCD):    1.449ns
    Clock Pessimism Removal (CPR):    0.515ns

    Location             Delay type                Incr(ns)  Path(ns)    Netlist Resource(s)
  -------------------------------------------------------------------    -------------------
                         (clock sys_clk_pin rise edge)
                                                      0.000     0.000 r  
    G4                                                0.000     0.000 r  clk (IN)
                         net (fo=0)                   0.000     0.000    clk
    G4                   IBUF (Prop_ibuf_I_O)         0.200     0.200 r  clk_IBUF_inst/O
                         net (fo=1, routed)           0.630     0.831    clk_IBUF
    BUFGCTRL_X0Y2        BUFG (Prop_bufg_I_O)         0.026     0.857 r  clk_IBUF_BUFG_inst/O
                         net (fo=900, routed)         0.593     1.449    DATA_HANDLER/FIFO/U0/inst_fifo_gen/gconvfifo.rf/grf.rf/gntv_or_sync_fifo.gcx.clkx/wr_pntr_cdc_inst/dest_clk
    SLICE_X37Y3          FDRE                                         r  DATA_HANDLER/FIFO/U0/inst_fifo_gen/gconvfifo.rf/grf.rf/gntv_or_sync_fifo.gcx.clkx/wr_pntr_cdc_inst/dest_graysync_ff_reg[0][11]/C
  -------------------------------------------------------------------    -------------------
    SLICE_X37Y3          FDRE (Prop_fdre_C_Q)         0.141     1.590 r  DATA_HANDLER/FIFO/U0/inst_fifo_gen/gconvfifo.rf/grf.rf/gntv_or_sync_fifo.gcx.clkx/wr_pntr_cdc_inst/dest_graysync_ff_reg[0][11]/Q
                         net (fo=1, routed)           0.056     1.646    DATA_HANDLER/FIFO/U0/inst_fifo_gen/gconvfifo.rf/grf.rf/gntv_or_sync_fifo.gcx.clkx/wr_pntr_cdc_inst/dest_graysync_ff[0][11]
    SLICE_X37Y3          FDRE                                         r  DATA_HANDLER/FIFO/U0/inst_fifo_gen/gconvfifo.rf/grf.rf/gntv_or_sync_fifo.gcx.clkx/wr_pntr_cdc_inst/dest_graysync_ff_reg[1][11]/D
  -------------------------------------------------------------------    -------------------

                         (clock sys_clk_pin rise edge)
                                                      0.000     0.000 r  
    G4                                                0.000     0.000 r  clk (IN)
                         net (fo=0)                   0.000     0.000    clk
    G4                   IBUF (Prop_ibuf_I_O)         0.388     0.388 r  clk_IBUF_inst/O
                         net (fo=1, routed)           0.684     1.072    clk_IBUF
    BUFGCTRL_X0Y2        BUFG (Prop_bufg_I_O)         0.029     1.101 r  clk_IBUF_BUFG_inst/O
                         net (fo=900, routed)         0.864     1.964    DATA_HANDLER/FIFO/U0/inst_fifo_gen/gconvfifo.rf/grf.rf/gntv_or_sync_fifo.gcx.clkx/wr_pntr_cdc_inst/dest_clk
    SLICE_X37Y3          FDRE                                         r  DATA_HANDLER/FIFO/U0/inst_fifo_gen/gconvfifo.rf/grf.rf/gntv_or_sync_fifo.gcx.clkx/wr_pntr_cdc_inst/dest_graysync_ff_reg[1][11]/C
                         clock pessimism             -0.515     1.449    
    SLICE_X37Y3          FDRE (Hold_fdre_C_D)         0.075     1.524    DATA_HANDLER/FIFO/U0/inst_fifo_gen/gconvfifo.rf/grf.rf/gntv_or_sync_fifo.gcx.clkx/wr_pntr_cdc_inst/dest_graysync_ff_reg[1][11]
  -------------------------------------------------------------------
                         required time                         -1.524    
                         arrival time                           1.646    
  -------------------------------------------------------------------
                         slack                                  0.122    

Slack (MET) :             0.122ns  (arrival time - required time)
  Source:                 DATA_HANDLER/FIFO/U0/inst_fifo_gen/gconvfifo.rf/grf.rf/gntv_or_sync_fifo.gcx.clkx/wr_pntr_cdc_inst/dest_graysync_ff_reg[0][12]/C
                            (rising edge-triggered cell FDRE clocked by sys_clk_pin  {rise@0.000ns fall@5.000ns period=10.000ns})
  Destination:            DATA_HANDLER/FIFO/U0/inst_fifo_gen/gconvfifo.rf/grf.rf/gntv_or_sync_fifo.gcx.clkx/wr_pntr_cdc_inst/dest_graysync_ff_reg[1][12]/D
                            (rising edge-triggered cell FDRE clocked by sys_clk_pin  {rise@0.000ns fall@5.000ns period=10.000ns})
  Path Group:             sys_clk_pin
  Path Type:              Hold (Min at Fast Process Corner)
  Requirement:            0.000ns  (sys_clk_pin rise@0.000ns - sys_clk_pin rise@0.000ns)
  Data Path Delay:        0.197ns  (logic 0.141ns (71.611%)  route 0.056ns (28.389%))
  Logic Levels:           0  
  Clock Path Skew:        0.000ns (DCD - SCD - CPR)
    Destination Clock Delay (DCD):    1.963ns
    Source Clock Delay      (SCD):    1.449ns
    Clock Pessimism Removal (CPR):    0.514ns

    Location             Delay type                Incr(ns)  Path(ns)    Netlist Resource(s)
  -------------------------------------------------------------------    -------------------
                         (clock sys_clk_pin rise edge)
                                                      0.000     0.000 r  
    G4                                                0.000     0.000 r  clk (IN)
                         net (fo=0)                   0.000     0.000    clk
    G4                   IBUF (Prop_ibuf_I_O)         0.200     0.200 r  clk_IBUF_inst/O
                         net (fo=1, routed)           0.630     0.831    clk_IBUF
    BUFGCTRL_X0Y2        BUFG (Prop_bufg_I_O)         0.026     0.857 r  clk_IBUF_BUFG_inst/O
                         net (fo=900, routed)         0.593     1.449    DATA_HANDLER/FIFO/U0/inst_fifo_gen/gconvfifo.rf/grf.rf/gntv_or_sync_fifo.gcx.clkx/wr_pntr_cdc_inst/dest_clk
    SLICE_X33Y5          FDRE                                         r  DATA_HANDLER/FIFO/U0/inst_fifo_gen/gconvfifo.rf/grf.rf/gntv_or_sync_fifo.gcx.clkx/wr_pntr_cdc_inst/dest_graysync_ff_reg[0][12]/C
  -------------------------------------------------------------------    -------------------
    SLICE_X33Y5          FDRE (Prop_fdre_C_Q)         0.141     1.590 r  DATA_HANDLER/FIFO/U0/inst_fifo_gen/gconvfifo.rf/grf.rf/gntv_or_sync_fifo.gcx.clkx/wr_pntr_cdc_inst/dest_graysync_ff_reg[0][12]/Q
                         net (fo=1, routed)           0.056     1.646    DATA_HANDLER/FIFO/U0/inst_fifo_gen/gconvfifo.rf/grf.rf/gntv_or_sync_fifo.gcx.clkx/wr_pntr_cdc_inst/dest_graysync_ff[0][12]
    SLICE_X33Y5          FDRE                                         r  DATA_HANDLER/FIFO/U0/inst_fifo_gen/gconvfifo.rf/grf.rf/gntv_or_sync_fifo.gcx.clkx/wr_pntr_cdc_inst/dest_graysync_ff_reg[1][12]/D
  -------------------------------------------------------------------    -------------------

                         (clock sys_clk_pin rise edge)
                                                      0.000     0.000 r  
    G4                                                0.000     0.000 r  clk (IN)
                         net (fo=0)                   0.000     0.000    clk
    G4                   IBUF (Prop_ibuf_I_O)         0.388     0.388 r  clk_IBUF_inst/O
                         net (fo=1, routed)           0.684     1.072    clk_IBUF
    BUFGCTRL_X0Y2        BUFG (Prop_bufg_I_O)         0.029     1.101 r  clk_IBUF_BUFG_inst/O
                         net (fo=900, routed)         0.863     1.963    DATA_HANDLER/FIFO/U0/inst_fifo_gen/gconvfifo.rf/grf.rf/gntv_or_sync_fifo.gcx.clkx/wr_pntr_cdc_inst/dest_clk
    SLICE_X33Y5          FDRE                                         r  DATA_HANDLER/FIFO/U0/inst_fifo_gen/gconvfifo.rf/grf.rf/gntv_or_sync_fifo.gcx.clkx/wr_pntr_cdc_inst/dest_graysync_ff_reg[1][12]/C
                         clock pessimism             -0.514     1.449    
    SLICE_X33Y5          FDRE (Hold_fdre_C_D)         0.075     1.524    DATA_HANDLER/FIFO/U0/inst_fifo_gen/gconvfifo.rf/grf.rf/gntv_or_sync_fifo.gcx.clkx/wr_pntr_cdc_inst/dest_graysync_ff_reg[1][12]
  -------------------------------------------------------------------
                         required time                         -1.524    
                         arrival time                           1.646    
  -------------------------------------------------------------------
                         slack                                  0.122    

Slack (MET) :             0.122ns  (arrival time - required time)
  Source:                 DATA_HANDLER/FIFO/U0/inst_fifo_gen/gconvfifo.rf/grf.rf/gntv_or_sync_fifo.gcx.clkx/wr_pntr_cdc_inst/dest_graysync_ff_reg[0][4]/C
                            (rising edge-triggered cell FDRE clocked by sys_clk_pin  {rise@0.000ns fall@5.000ns period=10.000ns})
  Destination:            DATA_HANDLER/FIFO/U0/inst_fifo_gen/gconvfifo.rf/grf.rf/gntv_or_sync_fifo.gcx.clkx/wr_pntr_cdc_inst/dest_graysync_ff_reg[1][4]/D
                            (rising edge-triggered cell FDRE clocked by sys_clk_pin  {rise@0.000ns fall@5.000ns period=10.000ns})
  Path Group:             sys_clk_pin
  Path Type:              Hold (Min at Fast Process Corner)
  Requirement:            0.000ns  (sys_clk_pin rise@0.000ns - sys_clk_pin rise@0.000ns)
  Data Path Delay:        0.197ns  (logic 0.141ns (71.611%)  route 0.056ns (28.389%))
  Logic Levels:           0  
  Clock Path Skew:        0.000ns (DCD - SCD - CPR)
    Destination Clock Delay (DCD):    1.964ns
    Source Clock Delay      (SCD):    1.450ns
    Clock Pessimism Removal (CPR):    0.514ns

    Location             Delay type                Incr(ns)  Path(ns)    Netlist Resource(s)
  -------------------------------------------------------------------    -------------------
                         (clock sys_clk_pin rise edge)
                                                      0.000     0.000 r  
    G4                                                0.000     0.000 r  clk (IN)
                         net (fo=0)                   0.000     0.000    clk
    G4                   IBUF (Prop_ibuf_I_O)         0.200     0.200 r  clk_IBUF_inst/O
                         net (fo=1, routed)           0.630     0.831    clk_IBUF
    BUFGCTRL_X0Y2        BUFG (Prop_bufg_I_O)         0.026     0.857 r  clk_IBUF_BUFG_inst/O
                         net (fo=900, routed)         0.594     1.450    DATA_HANDLER/FIFO/U0/inst_fifo_gen/gconvfifo.rf/grf.rf/gntv_or_sync_fifo.gcx.clkx/wr_pntr_cdc_inst/dest_clk
    SLICE_X33Y1          FDRE                                         r  DATA_HANDLER/FIFO/U0/inst_fifo_gen/gconvfifo.rf/grf.rf/gntv_or_sync_fifo.gcx.clkx/wr_pntr_cdc_inst/dest_graysync_ff_reg[0][4]/C
  -------------------------------------------------------------------    -------------------
    SLICE_X33Y1          FDRE (Prop_fdre_C_Q)         0.141     1.591 r  DATA_HANDLER/FIFO/U0/inst_fifo_gen/gconvfifo.rf/grf.rf/gntv_or_sync_fifo.gcx.clkx/wr_pntr_cdc_inst/dest_graysync_ff_reg[0][4]/Q
                         net (fo=1, routed)           0.056     1.647    DATA_HANDLER/FIFO/U0/inst_fifo_gen/gconvfifo.rf/grf.rf/gntv_or_sync_fifo.gcx.clkx/wr_pntr_cdc_inst/dest_graysync_ff[0][4]
    SLICE_X33Y1          FDRE                                         r  DATA_HANDLER/FIFO/U0/inst_fifo_gen/gconvfifo.rf/grf.rf/gntv_or_sync_fifo.gcx.clkx/wr_pntr_cdc_inst/dest_graysync_ff_reg[1][4]/D
  -------------------------------------------------------------------    -------------------

                         (clock sys_clk_pin rise edge)
                                                      0.000     0.000 r  
    G4                                                0.000     0.000 r  clk (IN)
                         net (fo=0)                   0.000     0.000    clk
    G4                   IBUF (Prop_ibuf_I_O)         0.388     0.388 r  clk_IBUF_inst/O
                         net (fo=1, routed)           0.684     1.072    clk_IBUF
    BUFGCTRL_X0Y2        BUFG (Prop_bufg_I_O)         0.029     1.101 r  clk_IBUF_BUFG_inst/O
                         net (fo=900, routed)         0.864     1.964    DATA_HANDLER/FIFO/U0/inst_fifo_gen/gconvfifo.rf/grf.rf/gntv_or_sync_fifo.gcx.clkx/wr_pntr_cdc_inst/dest_clk
    SLICE_X33Y1          FDRE                                         r  DATA_HANDLER/FIFO/U0/inst_fifo_gen/gconvfifo.rf/grf.rf/gntv_or_sync_fifo.gcx.clkx/wr_pntr_cdc_inst/dest_graysync_ff_reg[1][4]/C
                         clock pessimism             -0.514     1.450    
    SLICE_X33Y1          FDRE (Hold_fdre_C_D)         0.075     1.525    DATA_HANDLER/FIFO/U0/inst_fifo_gen/gconvfifo.rf/grf.rf/gntv_or_sync_fifo.gcx.clkx/wr_pntr_cdc_inst/dest_graysync_ff_reg[1][4]
  -------------------------------------------------------------------
                         required time                         -1.525    
                         arrival time                           1.647    
  -------------------------------------------------------------------
                         slack                                  0.122    

Slack (MET) :             0.122ns  (arrival time - required time)
  Source:                 DATA_HANDLER/FIFO/U0/inst_fifo_gen/gconvfifo.rf/grf.rf/gntv_or_sync_fifo.gcx.clkx/wr_pntr_cdc_inst/dest_graysync_ff_reg[0][8]/C
                            (rising edge-triggered cell FDRE clocked by sys_clk_pin  {rise@0.000ns fall@5.000ns period=10.000ns})
  Destination:            DATA_HANDLER/FIFO/U0/inst_fifo_gen/gconvfifo.rf/grf.rf/gntv_or_sync_fifo.gcx.clkx/wr_pntr_cdc_inst/dest_graysync_ff_reg[1][8]/D
                            (rising edge-triggered cell FDRE clocked by sys_clk_pin  {rise@0.000ns fall@5.000ns period=10.000ns})
  Path Group:             sys_clk_pin
  Path Type:              Hold (Min at Fast Process Corner)
  Requirement:            0.000ns  (sys_clk_pin rise@0.000ns - sys_clk_pin rise@0.000ns)
  Data Path Delay:        0.197ns  (logic 0.141ns (71.611%)  route 0.056ns (28.389%))
  Logic Levels:           0  
  Clock Path Skew:        0.000ns (DCD - SCD - CPR)
    Destination Clock Delay (DCD):    1.964ns
    Source Clock Delay      (SCD):    1.450ns
    Clock Pessimism Removal (CPR):    0.514ns

    Location             Delay type                Incr(ns)  Path(ns)    Netlist Resource(s)
  -------------------------------------------------------------------    -------------------
                         (clock sys_clk_pin rise edge)
                                                      0.000     0.000 r  
    G4                                                0.000     0.000 r  clk (IN)
                         net (fo=0)                   0.000     0.000    clk
    G4                   IBUF (Prop_ibuf_I_O)         0.200     0.200 r  clk_IBUF_inst/O
                         net (fo=1, routed)           0.630     0.831    clk_IBUF
    BUFGCTRL_X0Y2        BUFG (Prop_bufg_I_O)         0.026     0.857 r  clk_IBUF_BUFG_inst/O
                         net (fo=900, routed)         0.594     1.450    DATA_HANDLER/FIFO/U0/inst_fifo_gen/gconvfifo.rf/grf.rf/gntv_or_sync_fifo.gcx.clkx/wr_pntr_cdc_inst/dest_clk
    SLICE_X33Y0          FDRE                                         r  DATA_HANDLER/FIFO/U0/inst_fifo_gen/gconvfifo.rf/grf.rf/gntv_or_sync_fifo.gcx.clkx/wr_pntr_cdc_inst/dest_graysync_ff_reg[0][8]/C
  -------------------------------------------------------------------    -------------------
    SLICE_X33Y0          FDRE (Prop_fdre_C_Q)         0.141     1.591 r  DATA_HANDLER/FIFO/U0/inst_fifo_gen/gconvfifo.rf/grf.rf/gntv_or_sync_fifo.gcx.clkx/wr_pntr_cdc_inst/dest_graysync_ff_reg[0][8]/Q
                         net (fo=1, routed)           0.056     1.647    DATA_HANDLER/FIFO/U0/inst_fifo_gen/gconvfifo.rf/grf.rf/gntv_or_sync_fifo.gcx.clkx/wr_pntr_cdc_inst/dest_graysync_ff[0][8]
    SLICE_X33Y0          FDRE                                         r  DATA_HANDLER/FIFO/U0/inst_fifo_gen/gconvfifo.rf/grf.rf/gntv_or_sync_fifo.gcx.clkx/wr_pntr_cdc_inst/dest_graysync_ff_reg[1][8]/D
  -------------------------------------------------------------------    -------------------

                         (clock sys_clk_pin rise edge)
                                                      0.000     0.000 r  
    G4                                                0.000     0.000 r  clk (IN)
                         net (fo=0)                   0.000     0.000    clk
    G4                   IBUF (Prop_ibuf_I_O)         0.388     0.388 r  clk_IBUF_inst/O
                         net (fo=1, routed)           0.684     1.072    clk_IBUF
    BUFGCTRL_X0Y2        BUFG (Prop_bufg_I_O)         0.029     1.101 r  clk_IBUF_BUFG_inst/O
                         net (fo=900, routed)         0.864     1.964    DATA_HANDLER/FIFO/U0/inst_fifo_gen/gconvfifo.rf/grf.rf/gntv_or_sync_fifo.gcx.clkx/wr_pntr_cdc_inst/dest_clk
    SLICE_X33Y0          FDRE                                         r  DATA_HANDLER/FIFO/U0/inst_fifo_gen/gconvfifo.rf/grf.rf/gntv_or_sync_fifo.gcx.clkx/wr_pntr_cdc_inst/dest_graysync_ff_reg[1][8]/C
                         clock pessimism             -0.514     1.450    
    SLICE_X33Y0          FDRE (Hold_fdre_C_D)         0.075     1.525    DATA_HANDLER/FIFO/U0/inst_fifo_gen/gconvfifo.rf/grf.rf/gntv_or_sync_fifo.gcx.clkx/wr_pntr_cdc_inst/dest_graysync_ff_reg[1][8]
  -------------------------------------------------------------------
                         required time                         -1.525    
                         arrival time                           1.647    
  -------------------------------------------------------------------
                         slack                                  0.122    





Pulse Width Checks
--------------------------------------------------------------------------------------
Clock Name:         sys_clk_pin
Waveform(ns):       { 0.000 5.000 }
Period(ns):         10.000
Sources:            { clk }

Check Type        Corner  Lib Pin             Reference Pin  Required(ns)  Actual(ns)  Slack(ns)  Location       Pin
Min Period        n/a     RAMB36E1/CLKBWRCLK  n/a            2.892         10.000      7.108      RAMB36_X0Y6    DATA_HANDLER/FIFO/U0/inst_fifo_gen/gconvfifo.rf/grf.rf/gntv_or_sync_fifo.mem/gbm.gbmg.gbmga.ngecc.bmg/inst_blk_mem_gen/gnbram.gnativebmg.native_blk_mem_gen/valid.cstr/ramloop[0].ram.r/prim_noinit.ram/DEVICE_7SERIES.NO_BMM_INFO.SDP.CASCADED_PRIM36.ram_B/CLKBWRCLK
Min Period        n/a     RAMB36E1/CLKBWRCLK  n/a            2.892         10.000      7.108      RAMB36_X0Y7    DATA_HANDLER/FIFO/U0/inst_fifo_gen/gconvfifo.rf/grf.rf/gntv_or_sync_fifo.mem/gbm.gbmg.gbmga.ngecc.bmg/inst_blk_mem_gen/gnbram.gnativebmg.native_blk_mem_gen/valid.cstr/ramloop[0].ram.r/prim_noinit.ram/DEVICE_7SERIES.NO_BMM_INFO.SDP.CASCADED_PRIM36.ram_T/CLKBWRCLK
Min Period        n/a     RAMB36E1/CLKBWRCLK  n/a            2.892         10.000      7.108      RAMB36_X0Y2    DATA_HANDLER/FIFO/U0/inst_fifo_gen/gconvfifo.rf/grf.rf/gntv_or_sync_fifo.mem/gbm.gbmg.gbmga.ngecc.bmg/inst_blk_mem_gen/gnbram.gnativebmg.native_blk_mem_gen/valid.cstr/ramloop[1].ram.r/prim_noinit.ram/DEVICE_7SERIES.NO_BMM_INFO.SDP.CASCADED_PRIM36.ram_B/CLKBWRCLK
Min Period        n/a     RAMB36E1/CLKBWRCLK  n/a            2.892         10.000      7.108      RAMB36_X0Y3    DATA_HANDLER/FIFO/U0/inst_fifo_gen/gconvfifo.rf/grf.rf/gntv_or_sync_fifo.mem/gbm.gbmg.gbmga.ngecc.bmg/inst_blk_mem_gen/gnbram.gnativebmg.native_blk_mem_gen/valid.cstr/ramloop[1].ram.r/prim_noinit.ram/DEVICE_7SERIES.NO_BMM_INFO.SDP.CASCADED_PRIM36.ram_T/CLKBWRCLK
Min Period        n/a     RAMB36E1/CLKBWRCLK  n/a            2.892         10.000      7.108      RAMB36_X0Y4    DATA_HANDLER/FIFO/U0/inst_fifo_gen/gconvfifo.rf/grf.rf/gntv_or_sync_fifo.mem/gbm.gbmg.gbmga.ngecc.bmg/inst_blk_mem_gen/gnbram.gnativebmg.native_blk_mem_gen/valid.cstr/ramloop[2].ram.r/prim_noinit.ram/DEVICE_7SERIES.NO_BMM_INFO.SDP.CASCADED_PRIM36.ram_B/CLKBWRCLK
Min Period        n/a     RAMB36E1/CLKBWRCLK  n/a            2.892         10.000      7.108      RAMB36_X0Y5    DATA_HANDLER/FIFO/U0/inst_fifo_gen/gconvfifo.rf/grf.rf/gntv_or_sync_fifo.mem/gbm.gbmg.gbmga.ngecc.bmg/inst_blk_mem_gen/gnbram.gnativebmg.native_blk_mem_gen/valid.cstr/ramloop[2].ram.r/prim_noinit.ram/DEVICE_7SERIES.NO_BMM_INFO.SDP.CASCADED_PRIM36.ram_T/CLKBWRCLK
Min Period        n/a     RAMB36E1/CLKBWRCLK  n/a            2.892         10.000      7.108      RAMB36_X0Y0    DATA_HANDLER/FIFO/U0/inst_fifo_gen/gconvfifo.rf/grf.rf/gntv_or_sync_fifo.mem/gbm.gbmg.gbmga.ngecc.bmg/inst_blk_mem_gen/gnbram.gnativebmg.native_blk_mem_gen/valid.cstr/ramloop[3].ram.r/prim_noinit.ram/DEVICE_7SERIES.NO_BMM_INFO.SDP.CASCADED_PRIM36.ram_B/CLKBWRCLK
Min Period        n/a     RAMB36E1/CLKBWRCLK  n/a            2.892         10.000      7.108      RAMB36_X0Y1    DATA_HANDLER/FIFO/U0/inst_fifo_gen/gconvfifo.rf/grf.rf/gntv_or_sync_fifo.mem/gbm.gbmg.gbmga.ngecc.bmg/inst_blk_mem_gen/gnbram.gnativebmg.native_blk_mem_gen/valid.cstr/ramloop[3].ram.r/prim_noinit.ram/DEVICE_7SERIES.NO_BMM_INFO.SDP.CASCADED_PRIM36.ram_T/CLKBWRCLK
Min Period        n/a     BUFG/I              n/a            2.155         10.000      7.845      BUFGCTRL_X0Y2  clk_IBUF_BUFG_inst/I
Min Period        n/a     FDRE/C              n/a            1.000         10.000      9.000      SLICE_X39Y28   MAX_SDATA_OBUFT_inst_i_1/C
Low Pulse Width   Slow    FDRE/C              n/a            0.500         5.000       4.500      SLICE_X39Y28   MAX_SDATA_OBUFT_inst_i_1/C
Low Pulse Width   Fast    FDRE/C              n/a            0.500         5.000       4.500      SLICE_X39Y28   MAX_SDATA_OBUFT_inst_i_1/C
Low Pulse Width   Slow    FDRE/C              n/a            0.500         5.000       4.500      SLICE_X20Y7    DATA_HANDLER/TRANSMIT_BEGIN_reg/C
Low Pulse Width   Fast    FDRE/C              n/a            0.500         5.000       4.500      SLICE_X20Y7    DATA_HANDLER/TRANSMIT_BEGIN_reg/C
Low Pulse Width   Slow    FDRE/C              n/a            0.500         5.000       4.500      SLICE_X20Y7    DATA_HANDLER/changed_d_reg/C
Low Pulse Width   Fast    FDRE/C              n/a            0.500         5.000       4.500      SLICE_X20Y7    DATA_HANDLER/changed_d_reg/C
Low Pulse Width   Slow    FDRE/C              n/a            0.500         5.000       4.500      SLICE_X24Y7    DATA_HANDLER/changed_reg/C
Low Pulse Width   Fast    FDRE/C              n/a            0.500         5.000       4.500      SLICE_X24Y7    DATA_HANDLER/changed_reg/C
Low Pulse Width   Slow    FDRE/C              n/a            0.500         5.000       4.500      SLICE_X16Y1    DATA_HANDLER/delay_reg_reg[0]/C
Low Pulse Width   Fast    FDRE/C              n/a            0.500         5.000       4.500      SLICE_X16Y1    DATA_HANDLER/delay_reg_reg[0]/C
High Pulse Width  Slow    FDRE/C              n/a            0.500         5.000       4.500      SLICE_X39Y28   MAX_SDATA_OBUFT_inst_i_1/C
High Pulse Width  Fast    FDRE/C              n/a            0.500         5.000       4.500      SLICE_X39Y28   MAX_SDATA_OBUFT_inst_i_1/C
High Pulse Width  Slow    FDRE/C              n/a            0.500         5.000       4.500      SLICE_X20Y7    DATA_HANDLER/TRANSMIT_BEGIN_reg/C
High Pulse Width  Fast    FDRE/C              n/a            0.500         5.000       4.500      SLICE_X20Y7    DATA_HANDLER/TRANSMIT_BEGIN_reg/C
High Pulse Width  Slow    FDRE/C              n/a            0.500         5.000       4.500      SLICE_X20Y7    DATA_HANDLER/changed_d_reg/C
High Pulse Width  Fast    FDRE/C              n/a            0.500         5.000       4.500      SLICE_X20Y7    DATA_HANDLER/changed_d_reg/C
High Pulse Width  Slow    FDRE/C              n/a            0.500         5.000       4.500      SLICE_X24Y7    DATA_HANDLER/changed_reg/C
High Pulse Width  Fast    FDRE/C              n/a            0.500         5.000       4.500      SLICE_X24Y7    DATA_HANDLER/changed_reg/C
High Pulse Width  Slow    FDRE/C              n/a            0.500         5.000       4.500      SLICE_X16Y1    DATA_HANDLER/delay_reg_reg[0]/C
High Pulse Width  Fast    FDRE/C              n/a            0.500         5.000       4.500      SLICE_X16Y1    DATA_HANDLER/delay_reg_reg[0]/C



---------------------------------------------------------------------------------------------------
From Clock:  
  To Clock:  sys_clk_pin

Setup :            0  Failing Endpoints,  Worst Slack      998.728ns,  Total Violation        0.000ns
Hold  :           NA  Failing Endpoints,  Worst Slack           NA  ,  Total Violation           NA
---------------------------------------------------------------------------------------------------


Max Delay Paths
--------------------------------------------------------------------------------------
Slack (MET) :             998.728ns  (required time - arrival time)
  Source:                 DATA_HANDLER/FIFO/U0/inst_fifo_gen/gconvfifo.rf/grf.rf/gntv_or_sync_fifo.gcx.clkx/wr_pntr_cdc_inst/src_gray_ff_reg[5]/C
                            (rising edge-triggered cell FDRE)
  Destination:            DATA_HANDLER/FIFO/U0/inst_fifo_gen/gconvfifo.rf/grf.rf/gntv_or_sync_fifo.gcx.clkx/wr_pntr_cdc_inst/dest_graysync_ff_reg[0][5]/D
                            (rising edge-triggered cell FDRE clocked by sys_clk_pin  {rise@0.000ns fall@5.000ns period=10.000ns})
  Path Group:             sys_clk_pin
  Path Type:              Setup (Max at Slow Process Corner)
  Requirement:            1000.000ns  (MaxDelay Path 1000.000ns)
  Data Path Delay:        1.006ns  (logic 0.419ns (41.637%)  route 0.587ns (58.363%))
  Logic Levels:           1  (FDRE=1)
  Timing Exception:       MaxDelay Path 1000.000ns -datapath_only

    Location             Delay type                Incr(ns)  Path(ns)    Netlist Resource(s)
  -------------------------------------------------------------------    -------------------
    SLICE_X33Y4          FDRE                         0.000     0.000 r  DATA_HANDLER/FIFO/U0/inst_fifo_gen/gconvfifo.rf/grf.rf/gntv_or_sync_fifo.gcx.clkx/wr_pntr_cdc_inst/src_gray_ff_reg[5]/C
    SLICE_X33Y4          FDRE (Prop_fdre_C_Q)         0.419     0.419 r  DATA_HANDLER/FIFO/U0/inst_fifo_gen/gconvfifo.rf/grf.rf/gntv_or_sync_fifo.gcx.clkx/wr_pntr_cdc_inst/src_gray_ff_reg[5]/Q
                         net (fo=1, routed)           0.587     1.006    DATA_HANDLER/FIFO/U0/inst_fifo_gen/gconvfifo.rf/grf.rf/gntv_or_sync_fifo.gcx.clkx/wr_pntr_cdc_inst/async_path[5]
    SLICE_X33Y1          FDRE                                         r  DATA_HANDLER/FIFO/U0/inst_fifo_gen/gconvfifo.rf/grf.rf/gntv_or_sync_fifo.gcx.clkx/wr_pntr_cdc_inst/dest_graysync_ff_reg[0][5]/D
  -------------------------------------------------------------------    -------------------

                         max delay                 1000.000  1000.000    
    SLICE_X33Y1          FDRE (Setup_fdre_C_D)       -0.266   999.734    DATA_HANDLER/FIFO/U0/inst_fifo_gen/gconvfifo.rf/grf.rf/gntv_or_sync_fifo.gcx.clkx/wr_pntr_cdc_inst/dest_graysync_ff_reg[0][5]
  -------------------------------------------------------------------
                         required time                        999.734    
                         arrival time                          -1.006    
  -------------------------------------------------------------------
                         slack                                998.728    

Slack (MET) :             998.729ns  (required time - arrival time)
  Source:                 DATA_HANDLER/FIFO/U0/inst_fifo_gen/gconvfifo.rf/grf.rf/gntv_or_sync_fifo.gcx.clkx/wr_pntr_cdc_inst/src_gray_ff_reg[9]/C
                            (rising edge-triggered cell FDRE)
  Destination:            DATA_HANDLER/FIFO/U0/inst_fifo_gen/gconvfifo.rf/grf.rf/gntv_or_sync_fifo.gcx.clkx/wr_pntr_cdc_inst/dest_graysync_ff_reg[0][9]/D
                            (rising edge-triggered cell FDRE clocked by sys_clk_pin  {rise@0.000ns fall@5.000ns period=10.000ns})
  Path Group:             sys_clk_pin
  Path Type:              Setup (Max at Slow Process Corner)
  Requirement:            1000.000ns  (MaxDelay Path 1000.000ns)
  Data Path Delay:        1.003ns  (logic 0.419ns (41.781%)  route 0.584ns (58.219%))
  Logic Levels:           1  (FDRE=1)
  Timing Exception:       MaxDelay Path 1000.000ns -datapath_only

    Location             Delay type                Incr(ns)  Path(ns)    Netlist Resource(s)
  -------------------------------------------------------------------    -------------------
    SLICE_X33Y4          FDRE                         0.000     0.000 r  DATA_HANDLER/FIFO/U0/inst_fifo_gen/gconvfifo.rf/grf.rf/gntv_or_sync_fifo.gcx.clkx/wr_pntr_cdc_inst/src_gray_ff_reg[9]/C
    SLICE_X33Y4          FDRE (Prop_fdre_C_Q)         0.419     0.419 r  DATA_HANDLER/FIFO/U0/inst_fifo_gen/gconvfifo.rf/grf.rf/gntv_or_sync_fifo.gcx.clkx/wr_pntr_cdc_inst/src_gray_ff_reg[9]/Q
                         net (fo=1, routed)           0.584     1.003    DATA_HANDLER/FIFO/U0/inst_fifo_gen/gconvfifo.rf/grf.rf/gntv_or_sync_fifo.gcx.clkx/wr_pntr_cdc_inst/async_path[9]
    SLICE_X33Y0          FDRE                                         r  DATA_HANDLER/FIFO/U0/inst_fifo_gen/gconvfifo.rf/grf.rf/gntv_or_sync_fifo.gcx.clkx/wr_pntr_cdc_inst/dest_graysync_ff_reg[0][9]/D
  -------------------------------------------------------------------    -------------------

                         max delay                 1000.000  1000.000    
    SLICE_X33Y0          FDRE (Setup_fdre_C_D)       -0.268   999.732    DATA_HANDLER/FIFO/U0/inst_fifo_gen/gconvfifo.rf/grf.rf/gntv_or_sync_fifo.gcx.clkx/wr_pntr_cdc_inst/dest_graysync_ff_reg[0][9]
  -------------------------------------------------------------------
                         required time                        999.732    
                         arrival time                          -1.003    
  -------------------------------------------------------------------
                         slack                                998.729    

Slack (MET) :             998.731ns  (required time - arrival time)
  Source:                 DATA_HANDLER/FIFO/U0/inst_fifo_gen/gconvfifo.rf/grf.rf/gntv_or_sync_fifo.gcx.clkx/wr_pntr_cdc_inst/src_gray_ff_reg[8]/C
                            (rising edge-triggered cell FDRE)
  Destination:            DATA_HANDLER/FIFO/U0/inst_fifo_gen/gconvfifo.rf/grf.rf/gntv_or_sync_fifo.gcx.clkx/wr_pntr_cdc_inst/dest_graysync_ff_reg[0][8]/D
                            (rising edge-triggered cell FDRE clocked by sys_clk_pin  {rise@0.000ns fall@5.000ns period=10.000ns})
  Path Group:             sys_clk_pin
  Path Type:              Setup (Max at Slow Process Corner)
  Requirement:            1000.000ns  (MaxDelay Path 1000.000ns)
  Data Path Delay:        1.174ns  (logic 0.456ns (38.831%)  route 0.718ns (61.169%))
  Logic Levels:           1  (FDRE=1)
  Timing Exception:       MaxDelay Path 1000.000ns -datapath_only

    Location             Delay type                Incr(ns)  Path(ns)    Netlist Resource(s)
  -------------------------------------------------------------------    -------------------
    SLICE_X33Y4          FDRE                         0.000     0.000 r  DATA_HANDLER/FIFO/U0/inst_fifo_gen/gconvfifo.rf/grf.rf/gntv_or_sync_fifo.gcx.clkx/wr_pntr_cdc_inst/src_gray_ff_reg[8]/C
    SLICE_X33Y4          FDRE (Prop_fdre_C_Q)         0.456     0.456 r  DATA_HANDLER/FIFO/U0/inst_fifo_gen/gconvfifo.rf/grf.rf/gntv_or_sync_fifo.gcx.clkx/wr_pntr_cdc_inst/src_gray_ff_reg[8]/Q
                         net (fo=1, routed)           0.718     1.174    DATA_HANDLER/FIFO/U0/inst_fifo_gen/gconvfifo.rf/grf.rf/gntv_or_sync_fifo.gcx.clkx/wr_pntr_cdc_inst/async_path[8]
    SLICE_X33Y0          FDRE                                         r  DATA_HANDLER/FIFO/U0/inst_fifo_gen/gconvfifo.rf/grf.rf/gntv_or_sync_fifo.gcx.clkx/wr_pntr_cdc_inst/dest_graysync_ff_reg[0][8]/D
  -------------------------------------------------------------------    -------------------

                         max delay                 1000.000  1000.000    
    SLICE_X33Y0          FDRE (Setup_fdre_C_D)       -0.095   999.905    DATA_HANDLER/FIFO/U0/inst_fifo_gen/gconvfifo.rf/grf.rf/gntv_or_sync_fifo.gcx.clkx/wr_pntr_cdc_inst/dest_graysync_ff_reg[0][8]
  -------------------------------------------------------------------
                         required time                        999.905    
                         arrival time                          -1.174    
  -------------------------------------------------------------------
                         slack                                998.731    

Slack (MET) :             998.740ns  (required time - arrival time)
  Source:                 DATA_HANDLER/FIFO/U0/inst_fifo_gen/gconvfifo.rf/grf.rf/gntv_or_sync_fifo.gcx.clkx/wr_pntr_cdc_inst/src_gray_ff_reg[11]/C
                            (rising edge-triggered cell FDRE)
  Destination:            DATA_HANDLER/FIFO/U0/inst_fifo_gen/gconvfifo.rf/grf.rf/gntv_or_sync_fifo.gcx.clkx/wr_pntr_cdc_inst/dest_graysync_ff_reg[0][11]/D
                            (rising edge-triggered cell FDRE clocked by sys_clk_pin  {rise@0.000ns fall@5.000ns period=10.000ns})
  Path Group:             sys_clk_pin
  Path Type:              Setup (Max at Slow Process Corner)
  Requirement:            1000.000ns  (MaxDelay Path 1000.000ns)
  Data Path Delay:        0.987ns  (logic 0.478ns (48.406%)  route 0.509ns (51.594%))
  Logic Levels:           1  (FDRE=1)
  Timing Exception:       MaxDelay Path 1000.000ns -datapath_only

    Location             Delay type                Incr(ns)  Path(ns)    Netlist Resource(s)
  -------------------------------------------------------------------    -------------------
    SLICE_X34Y4          FDRE                         0.000     0.000 r  DATA_HANDLER/FIFO/U0/inst_fifo_gen/gconvfifo.rf/grf.rf/gntv_or_sync_fifo.gcx.clkx/wr_pntr_cdc_inst/src_gray_ff_reg[11]/C
    SLICE_X34Y4          FDRE (Prop_fdre_C_Q)         0.478     0.478 r  DATA_HANDLER/FIFO/U0/inst_fifo_gen/gconvfifo.rf/grf.rf/gntv_or_sync_fifo.gcx.clkx/wr_pntr_cdc_inst/src_gray_ff_reg[11]/Q
                         net (fo=1, routed)           0.509     0.987    DATA_HANDLER/FIFO/U0/inst_fifo_gen/gconvfifo.rf/grf.rf/gntv_or_sync_fifo.gcx.clkx/wr_pntr_cdc_inst/async_path[11]
    SLICE_X37Y3          FDRE                                         r  DATA_HANDLER/FIFO/U0/inst_fifo_gen/gconvfifo.rf/grf.rf/gntv_or_sync_fifo.gcx.clkx/wr_pntr_cdc_inst/dest_graysync_ff_reg[0][11]/D
  -------------------------------------------------------------------    -------------------

                         max delay                 1000.000  1000.000    
    SLICE_X37Y3          FDRE (Setup_fdre_C_D)       -0.272   999.728    DATA_HANDLER/FIFO/U0/inst_fifo_gen/gconvfifo.rf/grf.rf/gntv_or_sync_fifo.gcx.clkx/wr_pntr_cdc_inst/dest_graysync_ff_reg[0][11]
  -------------------------------------------------------------------
                         required time                        999.728    
                         arrival time                          -0.987    
  -------------------------------------------------------------------
                         slack                                998.740    

Slack (MET) :             998.833ns  (required time - arrival time)
  Source:                 DATA_HANDLER/FIFO/U0/inst_fifo_gen/gconvfifo.rf/grf.rf/gntv_or_sync_fifo.gcx.clkx/wr_pntr_cdc_inst/src_gray_ff_reg[15]/C
                            (rising edge-triggered cell FDRE)
  Destination:            DATA_HANDLER/FIFO/U0/inst_fifo_gen/gconvfifo.rf/grf.rf/gntv_or_sync_fifo.gcx.clkx/wr_pntr_cdc_inst/dest_graysync_ff_reg[0][15]/D
                            (rising edge-triggered cell FDRE clocked by sys_clk_pin  {rise@0.000ns fall@5.000ns period=10.000ns})
  Path Group:             sys_clk_pin
  Path Type:              Setup (Max at Slow Process Corner)
  Requirement:            1000.000ns  (MaxDelay Path 1000.000ns)
  Data Path Delay:        0.902ns  (logic 0.419ns (46.440%)  route 0.483ns (53.560%))
  Logic Levels:           1  (FDRE=1)
  Timing Exception:       MaxDelay Path 1000.000ns -datapath_only

    Location             Delay type                Incr(ns)  Path(ns)    Netlist Resource(s)
  -------------------------------------------------------------------    -------------------
    SLICE_X33Y4          FDRE                         0.000     0.000 r  DATA_HANDLER/FIFO/U0/inst_fifo_gen/gconvfifo.rf/grf.rf/gntv_or_sync_fifo.gcx.clkx/wr_pntr_cdc_inst/src_gray_ff_reg[15]/C
    SLICE_X33Y4          FDRE (Prop_fdre_C_Q)         0.419     0.419 r  DATA_HANDLER/FIFO/U0/inst_fifo_gen/gconvfifo.rf/grf.rf/gntv_or_sync_fifo.gcx.clkx/wr_pntr_cdc_inst/src_gray_ff_reg[15]/Q
                         net (fo=1, routed)           0.483     0.902    DATA_HANDLER/FIFO/U0/inst_fifo_gen/gconvfifo.rf/grf.rf/gntv_or_sync_fifo.gcx.clkx/wr_pntr_cdc_inst/async_path[15]
    SLICE_X33Y5          FDRE                                         r  DATA_HANDLER/FIFO/U0/inst_fifo_gen/gconvfifo.rf/grf.rf/gntv_or_sync_fifo.gcx.clkx/wr_pntr_cdc_inst/dest_graysync_ff_reg[0][15]/D
  -------------------------------------------------------------------    -------------------

                         max delay                 1000.000  1000.000    
    SLICE_X33Y5          FDRE (Setup_fdre_C_D)       -0.265   999.735    DATA_HANDLER/FIFO/U0/inst_fifo_gen/gconvfifo.rf/grf.rf/gntv_or_sync_fifo.gcx.clkx/wr_pntr_cdc_inst/dest_graysync_ff_reg[0][15]
  -------------------------------------------------------------------
                         required time                        999.735    
                         arrival time                          -0.902    
  -------------------------------------------------------------------
                         slack                                998.833    

Slack (MET) :             998.844ns  (required time - arrival time)
  Source:                 DATA_HANDLER/FIFO/U0/inst_fifo_gen/gconvfifo.rf/grf.rf/gntv_or_sync_fifo.gcx.clkx/wr_pntr_cdc_inst/src_gray_ff_reg[7]/C
                            (rising edge-triggered cell FDRE)
  Destination:            DATA_HANDLER/FIFO/U0/inst_fifo_gen/gconvfifo.rf/grf.rf/gntv_or_sync_fifo.gcx.clkx/wr_pntr_cdc_inst/dest_graysync_ff_reg[0][7]/D
                            (rising edge-triggered cell FDRE clocked by sys_clk_pin  {rise@0.000ns fall@5.000ns period=10.000ns})
  Path Group:             sys_clk_pin
  Path Type:              Setup (Max at Slow Process Corner)
  Requirement:            1000.000ns  (MaxDelay Path 1000.000ns)
  Data Path Delay:        0.935ns  (logic 0.478ns (51.111%)  route 0.457ns (48.889%))
  Logic Levels:           1  (FDRE=1)
  Timing Exception:       MaxDelay Path 1000.000ns -datapath_only

    Location             Delay type                Incr(ns)  Path(ns)    Netlist Resource(s)
  -------------------------------------------------------------------    -------------------
    SLICE_X34Y4          FDRE                         0.000     0.000 r  DATA_HANDLER/FIFO/U0/inst_fifo_gen/gconvfifo.rf/grf.rf/gntv_or_sync_fifo.gcx.clkx/wr_pntr_cdc_inst/src_gray_ff_reg[7]/C
    SLICE_X34Y4          FDRE (Prop_fdre_C_Q)         0.478     0.478 r  DATA_HANDLER/FIFO/U0/inst_fifo_gen/gconvfifo.rf/grf.rf/gntv_or_sync_fifo.gcx.clkx/wr_pntr_cdc_inst/src_gray_ff_reg[7]/Q
                         net (fo=1, routed)           0.457     0.935    DATA_HANDLER/FIFO/U0/inst_fifo_gen/gconvfifo.rf/grf.rf/gntv_or_sync_fifo.gcx.clkx/wr_pntr_cdc_inst/async_path[7]
    SLICE_X34Y0          FDRE                                         r  DATA_HANDLER/FIFO/U0/inst_fifo_gen/gconvfifo.rf/grf.rf/gntv_or_sync_fifo.gcx.clkx/wr_pntr_cdc_inst/dest_graysync_ff_reg[0][7]/D
  -------------------------------------------------------------------    -------------------

                         max delay                 1000.000  1000.000    
    SLICE_X34Y0          FDRE (Setup_fdre_C_D)       -0.221   999.779    DATA_HANDLER/FIFO/U0/inst_fifo_gen/gconvfifo.rf/grf.rf/gntv_or_sync_fifo.gcx.clkx/wr_pntr_cdc_inst/dest_graysync_ff_reg[0][7]
  -------------------------------------------------------------------
                         required time                        999.779    
                         arrival time                          -0.935    
  -------------------------------------------------------------------
                         slack                                998.844    

Slack (MET) :             998.853ns  (required time - arrival time)
  Source:                 DATA_HANDLER/FIFO/U0/inst_fifo_gen/gconvfifo.rf/grf.rf/gntv_or_sync_fifo.gcx.clkx/wr_pntr_cdc_inst/src_gray_ff_reg[1]/C
                            (rising edge-triggered cell FDRE)
  Destination:            DATA_HANDLER/FIFO/U0/inst_fifo_gen/gconvfifo.rf/grf.rf/gntv_or_sync_fifo.gcx.clkx/wr_pntr_cdc_inst/dest_graysync_ff_reg[0][1]/D
                            (rising edge-triggered cell FDRE clocked by sys_clk_pin  {rise@0.000ns fall@5.000ns period=10.000ns})
  Path Group:             sys_clk_pin
  Path Type:              Setup (Max at Slow Process Corner)
  Requirement:            1000.000ns  (MaxDelay Path 1000.000ns)
  Data Path Delay:        0.928ns  (logic 0.478ns (51.481%)  route 0.450ns (48.519%))
  Logic Levels:           1  (FDRE=1)
  Timing Exception:       MaxDelay Path 1000.000ns -datapath_only

    Location             Delay type                Incr(ns)  Path(ns)    Netlist Resource(s)
  -------------------------------------------------------------------    -------------------
    SLICE_X34Y4          FDRE                         0.000     0.000 r  DATA_HANDLER/FIFO/U0/inst_fifo_gen/gconvfifo.rf/grf.rf/gntv_or_sync_fifo.gcx.clkx/wr_pntr_cdc_inst/src_gray_ff_reg[1]/C
    SLICE_X34Y4          FDRE (Prop_fdre_C_Q)         0.478     0.478 r  DATA_HANDLER/FIFO/U0/inst_fifo_gen/gconvfifo.rf/grf.rf/gntv_or_sync_fifo.gcx.clkx/wr_pntr_cdc_inst/src_gray_ff_reg[1]/Q
                         net (fo=1, routed)           0.450     0.928    DATA_HANDLER/FIFO/U0/inst_fifo_gen/gconvfifo.rf/grf.rf/gntv_or_sync_fifo.gcx.clkx/wr_pntr_cdc_inst/async_path[1]
    SLICE_X34Y2          FDRE                                         r  DATA_HANDLER/FIFO/U0/inst_fifo_gen/gconvfifo.rf/grf.rf/gntv_or_sync_fifo.gcx.clkx/wr_pntr_cdc_inst/dest_graysync_ff_reg[0][1]/D
  -------------------------------------------------------------------    -------------------

                         max delay                 1000.000  1000.000    
    SLICE_X34Y2          FDRE (Setup_fdre_C_D)       -0.218   999.782    DATA_HANDLER/FIFO/U0/inst_fifo_gen/gconvfifo.rf/grf.rf/gntv_or_sync_fifo.gcx.clkx/wr_pntr_cdc_inst/dest_graysync_ff_reg[0][1]
  -------------------------------------------------------------------
                         required time                        999.782    
                         arrival time                          -0.928    
  -------------------------------------------------------------------
                         slack                                998.853    

Slack (MET) :             998.857ns  (required time - arrival time)
  Source:                 DATA_HANDLER/FIFO/U0/inst_fifo_gen/gconvfifo.rf/grf.rf/gntv_or_sync_fifo.gcx.clkx/wr_pntr_cdc_inst/src_gray_ff_reg[3]/C
                            (rising edge-triggered cell FDRE)
  Destination:            DATA_HANDLER/FIFO/U0/inst_fifo_gen/gconvfifo.rf/grf.rf/gntv_or_sync_fifo.gcx.clkx/wr_pntr_cdc_inst/dest_graysync_ff_reg[0][3]/D
                            (rising edge-triggered cell FDRE clocked by sys_clk_pin  {rise@0.000ns fall@5.000ns period=10.000ns})
  Path Group:             sys_clk_pin
  Path Type:              Setup (Max at Slow Process Corner)
  Requirement:            1000.000ns  (MaxDelay Path 1000.000ns)
  Data Path Delay:        0.925ns  (logic 0.478ns (51.648%)  route 0.447ns (48.352%))
  Logic Levels:           1  (FDRE=1)
  Timing Exception:       MaxDelay Path 1000.000ns -datapath_only

    Location             Delay type                Incr(ns)  Path(ns)    Netlist Resource(s)
  -------------------------------------------------------------------    -------------------
    SLICE_X34Y4          FDRE                         0.000     0.000 r  DATA_HANDLER/FIFO/U0/inst_fifo_gen/gconvfifo.rf/grf.rf/gntv_or_sync_fifo.gcx.clkx/wr_pntr_cdc_inst/src_gray_ff_reg[3]/C
    SLICE_X34Y4          FDRE (Prop_fdre_C_Q)         0.478     0.478 r  DATA_HANDLER/FIFO/U0/inst_fifo_gen/gconvfifo.rf/grf.rf/gntv_or_sync_fifo.gcx.clkx/wr_pntr_cdc_inst/src_gray_ff_reg[3]/Q
                         net (fo=1, routed)           0.447     0.925    DATA_HANDLER/FIFO/U0/inst_fifo_gen/gconvfifo.rf/grf.rf/gntv_or_sync_fifo.gcx.clkx/wr_pntr_cdc_inst/async_path[3]
    SLICE_X34Y2          FDRE                                         r  DATA_HANDLER/FIFO/U0/inst_fifo_gen/gconvfifo.rf/grf.rf/gntv_or_sync_fifo.gcx.clkx/wr_pntr_cdc_inst/dest_graysync_ff_reg[0][3]/D
  -------------------------------------------------------------------    -------------------

                         max delay                 1000.000  1000.000    
    SLICE_X34Y2          FDRE (Setup_fdre_C_D)       -0.217   999.783    DATA_HANDLER/FIFO/U0/inst_fifo_gen/gconvfifo.rf/grf.rf/gntv_or_sync_fifo.gcx.clkx/wr_pntr_cdc_inst/dest_graysync_ff_reg[0][3]
  -------------------------------------------------------------------
                         required time                        999.783    
                         arrival time                          -0.925    
  -------------------------------------------------------------------
                         slack                                998.857    

Slack (MET) :             998.865ns  (required time - arrival time)
  Source:                 DATA_HANDLER/FIFO/U0/inst_fifo_gen/gconvfifo.rf/grf.rf/gntv_or_sync_fifo.gcx.clkx/wr_pntr_cdc_inst/src_gray_ff_reg[13]/C
                            (rising edge-triggered cell FDRE)
  Destination:            DATA_HANDLER/FIFO/U0/inst_fifo_gen/gconvfifo.rf/grf.rf/gntv_or_sync_fifo.gcx.clkx/wr_pntr_cdc_inst/dest_graysync_ff_reg[0][13]/D
                            (rising edge-triggered cell FDRE clocked by sys_clk_pin  {rise@0.000ns fall@5.000ns period=10.000ns})
  Path Group:             sys_clk_pin
  Path Type:              Setup (Max at Slow Process Corner)
  Requirement:            1000.000ns  (MaxDelay Path 1000.000ns)
  Data Path Delay:        0.867ns  (logic 0.419ns (48.331%)  route 0.448ns (51.669%))
  Logic Levels:           1  (FDRE=1)
  Timing Exception:       MaxDelay Path 1000.000ns -datapath_only

    Location             Delay type                Incr(ns)  Path(ns)    Netlist Resource(s)
  -------------------------------------------------------------------    -------------------
    SLICE_X33Y4          FDRE                         0.000     0.000 r  DATA_HANDLER/FIFO/U0/inst_fifo_gen/gconvfifo.rf/grf.rf/gntv_or_sync_fifo.gcx.clkx/wr_pntr_cdc_inst/src_gray_ff_reg[13]/C
    SLICE_X33Y4          FDRE (Prop_fdre_C_Q)         0.419     0.419 r  DATA_HANDLER/FIFO/U0/inst_fifo_gen/gconvfifo.rf/grf.rf/gntv_or_sync_fifo.gcx.clkx/wr_pntr_cdc_inst/src_gray_ff_reg[13]/Q
                         net (fo=1, routed)           0.448     0.867    DATA_HANDLER/FIFO/U0/inst_fifo_gen/gconvfifo.rf/grf.rf/gntv_or_sync_fifo.gcx.clkx/wr_pntr_cdc_inst/async_path[13]
    SLICE_X33Y5          FDRE                                         r  DATA_HANDLER/FIFO/U0/inst_fifo_gen/gconvfifo.rf/grf.rf/gntv_or_sync_fifo.gcx.clkx/wr_pntr_cdc_inst/dest_graysync_ff_reg[0][13]/D
  -------------------------------------------------------------------    -------------------

                         max delay                 1000.000  1000.000    
    SLICE_X33Y5          FDRE (Setup_fdre_C_D)       -0.268   999.732    DATA_HANDLER/FIFO/U0/inst_fifo_gen/gconvfifo.rf/grf.rf/gntv_or_sync_fifo.gcx.clkx/wr_pntr_cdc_inst/dest_graysync_ff_reg[0][13]
  -------------------------------------------------------------------
                         required time                        999.732    
                         arrival time                          -0.867    
  -------------------------------------------------------------------
                         slack                                998.865    

Slack (MET) :             998.876ns  (required time - arrival time)
  Source:                 DATA_HANDLER/FIFO/U0/inst_fifo_gen/gconvfifo.rf/grf.rf/gntv_or_sync_fifo.gcx.clkx/wr_pntr_cdc_inst/src_gray_ff_reg[0]/C
                            (rising edge-triggered cell FDRE)
  Destination:            DATA_HANDLER/FIFO/U0/inst_fifo_gen/gconvfifo.rf/grf.rf/gntv_or_sync_fifo.gcx.clkx/wr_pntr_cdc_inst/dest_graysync_ff_reg[0][0]/D
                            (rising edge-triggered cell FDRE clocked by sys_clk_pin  {rise@0.000ns fall@5.000ns period=10.000ns})
  Path Group:             sys_clk_pin
  Path Type:              Setup (Max at Slow Process Corner)
  Requirement:            1000.000ns  (MaxDelay Path 1000.000ns)
  Data Path Delay:        1.029ns  (logic 0.518ns (50.332%)  route 0.511ns (49.668%))
  Logic Levels:           1  (FDRE=1)
  Timing Exception:       MaxDelay Path 1000.000ns -datapath_only

    Location             Delay type                Incr(ns)  Path(ns)    Netlist Resource(s)
  -------------------------------------------------------------------    -------------------
    SLICE_X34Y4          FDRE                         0.000     0.000 r  DATA_HANDLER/FIFO/U0/inst_fifo_gen/gconvfifo.rf/grf.rf/gntv_or_sync_fifo.gcx.clkx/wr_pntr_cdc_inst/src_gray_ff_reg[0]/C
    SLICE_X34Y4          FDRE (Prop_fdre_C_Q)         0.518     0.518 r  DATA_HANDLER/FIFO/U0/inst_fifo_gen/gconvfifo.rf/grf.rf/gntv_or_sync_fifo.gcx.clkx/wr_pntr_cdc_inst/src_gray_ff_reg[0]/Q
                         net (fo=1, routed)           0.511     1.029    DATA_HANDLER/FIFO/U0/inst_fifo_gen/gconvfifo.rf/grf.rf/gntv_or_sync_fifo.gcx.clkx/wr_pntr_cdc_inst/async_path[0]
    SLICE_X36Y1          FDRE                                         r  DATA_HANDLER/FIFO/U0/inst_fifo_gen/gconvfifo.rf/grf.rf/gntv_or_sync_fifo.gcx.clkx/wr_pntr_cdc_inst/dest_graysync_ff_reg[0][0]/D
  -------------------------------------------------------------------    -------------------

                         max delay                 1000.000  1000.000    
    SLICE_X36Y1          FDRE (Setup_fdre_C_D)       -0.095   999.905    DATA_HANDLER/FIFO/U0/inst_fifo_gen/gconvfifo.rf/grf.rf/gntv_or_sync_fifo.gcx.clkx/wr_pntr_cdc_inst/dest_graysync_ff_reg[0][0]
  -------------------------------------------------------------------
                         required time                        999.905    
                         arrival time                          -1.029    
  -------------------------------------------------------------------
                         slack                                998.876    





---------------------------------------------------------------------------------------------------
Path Group:  **async_default**
From Clock:  sys_clk_pin
  To Clock:  sys_clk_pin

Setup :            0  Failing Endpoints,  Worst Slack        5.959ns,  Total Violation        0.000ns
Hold  :            0  Failing Endpoints,  Worst Slack        1.300ns,  Total Violation        0.000ns
---------------------------------------------------------------------------------------------------


Max Delay Paths
--------------------------------------------------------------------------------------
Slack (MET) :             5.959ns  (required time - arrival time)
  Source:                 GPS_CONTROL/reset_reg_reg/C
                            (rising edge-triggered cell FDRE clocked by sys_clk_pin  {rise@0.000ns fall@5.000ns period=10.000ns})
  Destination:            LORA_DRIVER/LORA_CONFIG/SDATA_reg_reg/CLR
                            (recovery check against rising-edge clock sys_clk_pin  {rise@0.000ns fall@5.000ns period=10.000ns})
  Path Group:             **async_default**
  Path Type:              Recovery (Max at Slow Process Corner)
  Requirement:            10.000ns  (sys_clk_pin rise@10.000ns - sys_clk_pin rise@0.000ns)
  Data Path Delay:        3.463ns  (logic 0.478ns (13.804%)  route 2.985ns (86.196%))
  Logic Levels:           0  
  Clock Path Skew:        0.033ns (DCD - SCD + CPR)
    Destination Clock Delay (DCD):    4.909ns = ( 14.909 - 10.000 ) 
    Source Clock Delay      (SCD):    5.135ns
    Clock Pessimism Removal (CPR):    0.259ns
  Clock Uncertainty:      0.035ns  ((TSJ^2 + TIJ^2)^1/2 + DJ) / 2 + PE
    Total System Jitter     (TSJ):    0.071ns
    Total Input Jitter      (TIJ):    0.000ns
    Discrete Jitter          (DJ):    0.000ns
    Phase Error              (PE):    0.000ns

    Location             Delay type                Incr(ns)  Path(ns)    Netlist Resource(s)
  -------------------------------------------------------------------    -------------------
                         (clock sys_clk_pin rise edge)
                                                      0.000     0.000 r  
    G4                                                0.000     0.000 r  clk (IN)
                         net (fo=0)                   0.000     0.000    clk
    G4                   IBUF (Prop_ibuf_I_O)         1.432     1.432 r  clk_IBUF_inst/O
                         net (fo=1, routed)           1.990     3.422    clk_IBUF
    BUFGCTRL_X0Y2        BUFG (Prop_bufg_I_O)         0.096     3.518 r  clk_IBUF_BUFG_inst/O
                         net (fo=900, routed)         1.617     5.135    GPS_CONTROL/clk_IBUF_BUFG
    SLICE_X18Y9          FDRE                                         r  GPS_CONTROL/reset_reg_reg/C
  -------------------------------------------------------------------    -------------------
    SLICE_X18Y9          FDRE (Prop_fdre_C_Q)         0.478     5.613 f  GPS_CONTROL/reset_reg_reg/Q
                         net (fo=71, routed)          2.985     8.598    LORA_DRIVER/LORA_CONFIG/reset
    SLICE_X36Y18         FDCE                                         f  LORA_DRIVER/LORA_CONFIG/SDATA_reg_reg/CLR
  -------------------------------------------------------------------    -------------------

                         (clock sys_clk_pin rise edge)
                                                     10.000    10.000 r  
    G4                                                0.000    10.000 r  clk (IN)
                         net (fo=0)                   0.000    10.000    clk
    G4                   IBUF (Prop_ibuf_I_O)         1.362    11.362 r  clk_IBUF_inst/O
                         net (fo=1, routed)           1.886    13.248    clk_IBUF
    BUFGCTRL_X0Y2        BUFG (Prop_bufg_I_O)         0.091    13.339 r  clk_IBUF_BUFG_inst/O
                         net (fo=900, routed)         1.570    14.909    LORA_DRIVER/LORA_CONFIG/clk_IBUF_BUFG
    SLICE_X36Y18         FDCE                                         r  LORA_DRIVER/LORA_CONFIG/SDATA_reg_reg/C
                         clock pessimism              0.259    15.168    
                         clock uncertainty           -0.035    15.133    
    SLICE_X36Y18         FDCE (Recov_fdce_C_CLR)     -0.576    14.557    LORA_DRIVER/LORA_CONFIG/SDATA_reg_reg
  -------------------------------------------------------------------
                         required time                         14.557    
                         arrival time                          -8.598    
  -------------------------------------------------------------------
                         slack                                  5.959    

Slack (MET) :             5.959ns  (required time - arrival time)
  Source:                 GPS_CONTROL/reset_reg_reg/C
                            (rising edge-triggered cell FDRE clocked by sys_clk_pin  {rise@0.000ns fall@5.000ns period=10.000ns})
  Destination:            LORA_DRIVER/LORA_CONFIG/bit_reg[0]/CLR
                            (recovery check against rising-edge clock sys_clk_pin  {rise@0.000ns fall@5.000ns period=10.000ns})
  Path Group:             **async_default**
  Path Type:              Recovery (Max at Slow Process Corner)
  Requirement:            10.000ns  (sys_clk_pin rise@10.000ns - sys_clk_pin rise@0.000ns)
  Data Path Delay:        3.463ns  (logic 0.478ns (13.804%)  route 2.985ns (86.196%))
  Logic Levels:           0  
  Clock Path Skew:        0.033ns (DCD - SCD + CPR)
    Destination Clock Delay (DCD):    4.909ns = ( 14.909 - 10.000 ) 
    Source Clock Delay      (SCD):    5.135ns
    Clock Pessimism Removal (CPR):    0.259ns
  Clock Uncertainty:      0.035ns  ((TSJ^2 + TIJ^2)^1/2 + DJ) / 2 + PE
    Total System Jitter     (TSJ):    0.071ns
    Total Input Jitter      (TIJ):    0.000ns
    Discrete Jitter          (DJ):    0.000ns
    Phase Error              (PE):    0.000ns

    Location             Delay type                Incr(ns)  Path(ns)    Netlist Resource(s)
  -------------------------------------------------------------------    -------------------
                         (clock sys_clk_pin rise edge)
                                                      0.000     0.000 r  
    G4                                                0.000     0.000 r  clk (IN)
                         net (fo=0)                   0.000     0.000    clk
    G4                   IBUF (Prop_ibuf_I_O)         1.432     1.432 r  clk_IBUF_inst/O
                         net (fo=1, routed)           1.990     3.422    clk_IBUF
    BUFGCTRL_X0Y2        BUFG (Prop_bufg_I_O)         0.096     3.518 r  clk_IBUF_BUFG_inst/O
                         net (fo=900, routed)         1.617     5.135    GPS_CONTROL/clk_IBUF_BUFG
    SLICE_X18Y9          FDRE                                         r  GPS_CONTROL/reset_reg_reg/C
  -------------------------------------------------------------------    -------------------
    SLICE_X18Y9          FDRE (Prop_fdre_C_Q)         0.478     5.613 f  GPS_CONTROL/reset_reg_reg/Q
                         net (fo=71, routed)          2.985     8.598    LORA_DRIVER/LORA_CONFIG/reset
    SLICE_X36Y18         FDCE                                         f  LORA_DRIVER/LORA_CONFIG/bit_reg[0]/CLR
  -------------------------------------------------------------------    -------------------

                         (clock sys_clk_pin rise edge)
                                                     10.000    10.000 r  
    G4                                                0.000    10.000 r  clk (IN)
                         net (fo=0)                   0.000    10.000    clk
    G4                   IBUF (Prop_ibuf_I_O)         1.362    11.362 r  clk_IBUF_inst/O
                         net (fo=1, routed)           1.886    13.248    clk_IBUF
    BUFGCTRL_X0Y2        BUFG (Prop_bufg_I_O)         0.091    13.339 r  clk_IBUF_BUFG_inst/O
                         net (fo=900, routed)         1.570    14.909    LORA_DRIVER/LORA_CONFIG/clk_IBUF_BUFG
    SLICE_X36Y18         FDCE                                         r  LORA_DRIVER/LORA_CONFIG/bit_reg[0]/C
                         clock pessimism              0.259    15.168    
                         clock uncertainty           -0.035    15.133    
    SLICE_X36Y18         FDCE (Recov_fdce_C_CLR)     -0.576    14.557    LORA_DRIVER/LORA_CONFIG/bit_reg[0]
  -------------------------------------------------------------------
                         required time                         14.557    
                         arrival time                          -8.598    
  -------------------------------------------------------------------
                         slack                                  5.959    

Slack (MET) :             5.959ns  (required time - arrival time)
  Source:                 GPS_CONTROL/reset_reg_reg/C
                            (rising edge-triggered cell FDRE clocked by sys_clk_pin  {rise@0.000ns fall@5.000ns period=10.000ns})
  Destination:            LORA_DRIVER/LORA_CONFIG/data_bits_reg[1]/CLR
                            (recovery check against rising-edge clock sys_clk_pin  {rise@0.000ns fall@5.000ns period=10.000ns})
  Path Group:             **async_default**
  Path Type:              Recovery (Max at Slow Process Corner)
  Requirement:            10.000ns  (sys_clk_pin rise@10.000ns - sys_clk_pin rise@0.000ns)
  Data Path Delay:        3.463ns  (logic 0.478ns (13.804%)  route 2.985ns (86.196%))
  Logic Levels:           0  
  Clock Path Skew:        0.033ns (DCD - SCD + CPR)
    Destination Clock Delay (DCD):    4.909ns = ( 14.909 - 10.000 ) 
    Source Clock Delay      (SCD):    5.135ns
    Clock Pessimism Removal (CPR):    0.259ns
  Clock Uncertainty:      0.035ns  ((TSJ^2 + TIJ^2)^1/2 + DJ) / 2 + PE
    Total System Jitter     (TSJ):    0.071ns
    Total Input Jitter      (TIJ):    0.000ns
    Discrete Jitter          (DJ):    0.000ns
    Phase Error              (PE):    0.000ns

    Location             Delay type                Incr(ns)  Path(ns)    Netlist Resource(s)
  -------------------------------------------------------------------    -------------------
                         (clock sys_clk_pin rise edge)
                                                      0.000     0.000 r  
    G4                                                0.000     0.000 r  clk (IN)
                         net (fo=0)                   0.000     0.000    clk
    G4                   IBUF (Prop_ibuf_I_O)         1.432     1.432 r  clk_IBUF_inst/O
                         net (fo=1, routed)           1.990     3.422    clk_IBUF
    BUFGCTRL_X0Y2        BUFG (Prop_bufg_I_O)         0.096     3.518 r  clk_IBUF_BUFG_inst/O
                         net (fo=900, routed)         1.617     5.135    GPS_CONTROL/clk_IBUF_BUFG
    SLICE_X18Y9          FDRE                                         r  GPS_CONTROL/reset_reg_reg/C
  -------------------------------------------------------------------    -------------------
    SLICE_X18Y9          FDRE (Prop_fdre_C_Q)         0.478     5.613 f  GPS_CONTROL/reset_reg_reg/Q
                         net (fo=71, routed)          2.985     8.598    LORA_DRIVER/LORA_CONFIG/reset
    SLICE_X36Y18         FDCE                                         f  LORA_DRIVER/LORA_CONFIG/data_bits_reg[1]/CLR
  -------------------------------------------------------------------    -------------------

                         (clock sys_clk_pin rise edge)
                                                     10.000    10.000 r  
    G4                                                0.000    10.000 r  clk (IN)
                         net (fo=0)                   0.000    10.000    clk
    G4                   IBUF (Prop_ibuf_I_O)         1.362    11.362 r  clk_IBUF_inst/O
                         net (fo=1, routed)           1.886    13.248    clk_IBUF
    BUFGCTRL_X0Y2        BUFG (Prop_bufg_I_O)         0.091    13.339 r  clk_IBUF_BUFG_inst/O
                         net (fo=900, routed)         1.570    14.909    LORA_DRIVER/LORA_CONFIG/clk_IBUF_BUFG
    SLICE_X36Y18         FDCE                                         r  LORA_DRIVER/LORA_CONFIG/data_bits_reg[1]/C
                         clock pessimism              0.259    15.168    
                         clock uncertainty           -0.035    15.133    
    SLICE_X36Y18         FDCE (Recov_fdce_C_CLR)     -0.576    14.557    LORA_DRIVER/LORA_CONFIG/data_bits_reg[1]
  -------------------------------------------------------------------
                         required time                         14.557    
                         arrival time                          -8.598    
  -------------------------------------------------------------------
                         slack                                  5.959    

Slack (MET) :             5.959ns  (required time - arrival time)
  Source:                 GPS_CONTROL/reset_reg_reg/C
                            (rising edge-triggered cell FDRE clocked by sys_clk_pin  {rise@0.000ns fall@5.000ns period=10.000ns})
  Destination:            LORA_DRIVER/LORA_CONFIG/data_bits_reg[2]/CLR
                            (recovery check against rising-edge clock sys_clk_pin  {rise@0.000ns fall@5.000ns period=10.000ns})
  Path Group:             **async_default**
  Path Type:              Recovery (Max at Slow Process Corner)
  Requirement:            10.000ns  (sys_clk_pin rise@10.000ns - sys_clk_pin rise@0.000ns)
  Data Path Delay:        3.463ns  (logic 0.478ns (13.804%)  route 2.985ns (86.196%))
  Logic Levels:           0  
  Clock Path Skew:        0.033ns (DCD - SCD + CPR)
    Destination Clock Delay (DCD):    4.909ns = ( 14.909 - 10.000 ) 
    Source Clock Delay      (SCD):    5.135ns
    Clock Pessimism Removal (CPR):    0.259ns
  Clock Uncertainty:      0.035ns  ((TSJ^2 + TIJ^2)^1/2 + DJ) / 2 + PE
    Total System Jitter     (TSJ):    0.071ns
    Total Input Jitter      (TIJ):    0.000ns
    Discrete Jitter          (DJ):    0.000ns
    Phase Error              (PE):    0.000ns

    Location             Delay type                Incr(ns)  Path(ns)    Netlist Resource(s)
  -------------------------------------------------------------------    -------------------
                         (clock sys_clk_pin rise edge)
                                                      0.000     0.000 r  
    G4                                                0.000     0.000 r  clk (IN)
                         net (fo=0)                   0.000     0.000    clk
    G4                   IBUF (Prop_ibuf_I_O)         1.432     1.432 r  clk_IBUF_inst/O
                         net (fo=1, routed)           1.990     3.422    clk_IBUF
    BUFGCTRL_X0Y2        BUFG (Prop_bufg_I_O)         0.096     3.518 r  clk_IBUF_BUFG_inst/O
                         net (fo=900, routed)         1.617     5.135    GPS_CONTROL/clk_IBUF_BUFG
    SLICE_X18Y9          FDRE                                         r  GPS_CONTROL/reset_reg_reg/C
  -------------------------------------------------------------------    -------------------
    SLICE_X18Y9          FDRE (Prop_fdre_C_Q)         0.478     5.613 f  GPS_CONTROL/reset_reg_reg/Q
                         net (fo=71, routed)          2.985     8.598    LORA_DRIVER/LORA_CONFIG/reset
    SLICE_X36Y18         FDCE                                         f  LORA_DRIVER/LORA_CONFIG/data_bits_reg[2]/CLR
  -------------------------------------------------------------------    -------------------

                         (clock sys_clk_pin rise edge)
                                                     10.000    10.000 r  
    G4                                                0.000    10.000 r  clk (IN)
                         net (fo=0)                   0.000    10.000    clk
    G4                   IBUF (Prop_ibuf_I_O)         1.362    11.362 r  clk_IBUF_inst/O
                         net (fo=1, routed)           1.886    13.248    clk_IBUF
    BUFGCTRL_X0Y2        BUFG (Prop_bufg_I_O)         0.091    13.339 r  clk_IBUF_BUFG_inst/O
                         net (fo=900, routed)         1.570    14.909    LORA_DRIVER/LORA_CONFIG/clk_IBUF_BUFG
    SLICE_X36Y18         FDCE                                         r  LORA_DRIVER/LORA_CONFIG/data_bits_reg[2]/C
                         clock pessimism              0.259    15.168    
                         clock uncertainty           -0.035    15.133    
    SLICE_X36Y18         FDCE (Recov_fdce_C_CLR)     -0.576    14.557    LORA_DRIVER/LORA_CONFIG/data_bits_reg[2]
  -------------------------------------------------------------------
                         required time                         14.557    
                         arrival time                          -8.598    
  -------------------------------------------------------------------
                         slack                                  5.959    

Slack (MET) :             5.959ns  (required time - arrival time)
  Source:                 GPS_CONTROL/reset_reg_reg/C
                            (rising edge-triggered cell FDRE clocked by sys_clk_pin  {rise@0.000ns fall@5.000ns period=10.000ns})
  Destination:            LORA_DRIVER/LORA_CONFIG/data_bits_reg[7]/CLR
                            (recovery check against rising-edge clock sys_clk_pin  {rise@0.000ns fall@5.000ns period=10.000ns})
  Path Group:             **async_default**
  Path Type:              Recovery (Max at Slow Process Corner)
  Requirement:            10.000ns  (sys_clk_pin rise@10.000ns - sys_clk_pin rise@0.000ns)
  Data Path Delay:        3.463ns  (logic 0.478ns (13.804%)  route 2.985ns (86.196%))
  Logic Levels:           0  
  Clock Path Skew:        0.033ns (DCD - SCD + CPR)
    Destination Clock Delay (DCD):    4.909ns = ( 14.909 - 10.000 ) 
    Source Clock Delay      (SCD):    5.135ns
    Clock Pessimism Removal (CPR):    0.259ns
  Clock Uncertainty:      0.035ns  ((TSJ^2 + TIJ^2)^1/2 + DJ) / 2 + PE
    Total System Jitter     (TSJ):    0.071ns
    Total Input Jitter      (TIJ):    0.000ns
    Discrete Jitter          (DJ):    0.000ns
    Phase Error              (PE):    0.000ns

    Location             Delay type                Incr(ns)  Path(ns)    Netlist Resource(s)
  -------------------------------------------------------------------    -------------------
                         (clock sys_clk_pin rise edge)
                                                      0.000     0.000 r  
    G4                                                0.000     0.000 r  clk (IN)
                         net (fo=0)                   0.000     0.000    clk
    G4                   IBUF (Prop_ibuf_I_O)         1.432     1.432 r  clk_IBUF_inst/O
                         net (fo=1, routed)           1.990     3.422    clk_IBUF
    BUFGCTRL_X0Y2        BUFG (Prop_bufg_I_O)         0.096     3.518 r  clk_IBUF_BUFG_inst/O
                         net (fo=900, routed)         1.617     5.135    GPS_CONTROL/clk_IBUF_BUFG
    SLICE_X18Y9          FDRE                                         r  GPS_CONTROL/reset_reg_reg/C
  -------------------------------------------------------------------    -------------------
    SLICE_X18Y9          FDRE (Prop_fdre_C_Q)         0.478     5.613 f  GPS_CONTROL/reset_reg_reg/Q
                         net (fo=71, routed)          2.985     8.598    LORA_DRIVER/LORA_CONFIG/reset
    SLICE_X36Y18         FDCE                                         f  LORA_DRIVER/LORA_CONFIG/data_bits_reg[7]/CLR
  -------------------------------------------------------------------    -------------------

                         (clock sys_clk_pin rise edge)
                                                     10.000    10.000 r  
    G4                                                0.000    10.000 r  clk (IN)
                         net (fo=0)                   0.000    10.000    clk
    G4                   IBUF (Prop_ibuf_I_O)         1.362    11.362 r  clk_IBUF_inst/O
                         net (fo=1, routed)           1.886    13.248    clk_IBUF
    BUFGCTRL_X0Y2        BUFG (Prop_bufg_I_O)         0.091    13.339 r  clk_IBUF_BUFG_inst/O
                         net (fo=900, routed)         1.570    14.909    LORA_DRIVER/LORA_CONFIG/clk_IBUF_BUFG
    SLICE_X36Y18         FDCE                                         r  LORA_DRIVER/LORA_CONFIG/data_bits_reg[7]/C
                         clock pessimism              0.259    15.168    
                         clock uncertainty           -0.035    15.133    
    SLICE_X36Y18         FDCE (Recov_fdce_C_CLR)     -0.576    14.557    LORA_DRIVER/LORA_CONFIG/data_bits_reg[7]
  -------------------------------------------------------------------
                         required time                         14.557    
                         arrival time                          -8.598    
  -------------------------------------------------------------------
                         slack                                  5.959    

Slack (MET) :             5.976ns  (required time - arrival time)
  Source:                 GPS_CONTROL/reset_reg_reg/C
                            (rising edge-triggered cell FDRE clocked by sys_clk_pin  {rise@0.000ns fall@5.000ns period=10.000ns})
  Destination:            LORA_DRIVER/LORA_CONFIG/LoRa_register_index_reg[5]/CLR
                            (recovery check against rising-edge clock sys_clk_pin  {rise@0.000ns fall@5.000ns period=10.000ns})
  Path Group:             **async_default**
  Path Type:              Recovery (Max at Slow Process Corner)
  Requirement:            10.000ns  (sys_clk_pin rise@10.000ns - sys_clk_pin rise@0.000ns)
  Data Path Delay:        3.443ns  (logic 0.478ns (13.882%)  route 2.965ns (86.118%))
  Logic Levels:           0  
  Clock Path Skew:        0.031ns (DCD - SCD + CPR)
    Destination Clock Delay (DCD):    4.907ns = ( 14.907 - 10.000 ) 
    Source Clock Delay      (SCD):    5.135ns
    Clock Pessimism Removal (CPR):    0.259ns
  Clock Uncertainty:      0.035ns  ((TSJ^2 + TIJ^2)^1/2 + DJ) / 2 + PE
    Total System Jitter     (TSJ):    0.071ns
    Total Input Jitter      (TIJ):    0.000ns
    Discrete Jitter          (DJ):    0.000ns
    Phase Error              (PE):    0.000ns

    Location             Delay type                Incr(ns)  Path(ns)    Netlist Resource(s)
  -------------------------------------------------------------------    -------------------
                         (clock sys_clk_pin rise edge)
                                                      0.000     0.000 r  
    G4                                                0.000     0.000 r  clk (IN)
                         net (fo=0)                   0.000     0.000    clk
    G4                   IBUF (Prop_ibuf_I_O)         1.432     1.432 r  clk_IBUF_inst/O
                         net (fo=1, routed)           1.990     3.422    clk_IBUF
    BUFGCTRL_X0Y2        BUFG (Prop_bufg_I_O)         0.096     3.518 r  clk_IBUF_BUFG_inst/O
                         net (fo=900, routed)         1.617     5.135    GPS_CONTROL/clk_IBUF_BUFG
    SLICE_X18Y9          FDRE                                         r  GPS_CONTROL/reset_reg_reg/C
  -------------------------------------------------------------------    -------------------
    SLICE_X18Y9          FDRE (Prop_fdre_C_Q)         0.478     5.613 f  GPS_CONTROL/reset_reg_reg/Q
                         net (fo=71, routed)          2.965     8.578    LORA_DRIVER/LORA_CONFIG/reset
    SLICE_X36Y21         FDCE                                         f  LORA_DRIVER/LORA_CONFIG/LoRa_register_index_reg[5]/CLR
  -------------------------------------------------------------------    -------------------

                         (clock sys_clk_pin rise edge)
                                                     10.000    10.000 r  
    G4                                                0.000    10.000 r  clk (IN)
                         net (fo=0)                   0.000    10.000    clk
    G4                   IBUF (Prop_ibuf_I_O)         1.362    11.362 r  clk_IBUF_inst/O
                         net (fo=1, routed)           1.886    13.248    clk_IBUF
    BUFGCTRL_X0Y2        BUFG (Prop_bufg_I_O)         0.091    13.339 r  clk_IBUF_BUFG_inst/O
                         net (fo=900, routed)         1.568    14.907    LORA_DRIVER/LORA_CONFIG/clk_IBUF_BUFG
    SLICE_X36Y21         FDCE                                         r  LORA_DRIVER/LORA_CONFIG/LoRa_register_index_reg[5]/C
                         clock pessimism              0.259    15.166    
                         clock uncertainty           -0.035    15.131    
    SLICE_X36Y21         FDCE (Recov_fdce_C_CLR)     -0.576    14.555    LORA_DRIVER/LORA_CONFIG/LoRa_register_index_reg[5]
  -------------------------------------------------------------------
                         required time                         14.555    
                         arrival time                          -8.578    
  -------------------------------------------------------------------
                         slack                                  5.976    

Slack (MET) :             5.976ns  (required time - arrival time)
  Source:                 GPS_CONTROL/reset_reg_reg/C
                            (rising edge-triggered cell FDRE clocked by sys_clk_pin  {rise@0.000ns fall@5.000ns period=10.000ns})
  Destination:            LORA_DRIVER/LORA_CONFIG/LoRa_register_index_reg[6]/CLR
                            (recovery check against rising-edge clock sys_clk_pin  {rise@0.000ns fall@5.000ns period=10.000ns})
  Path Group:             **async_default**
  Path Type:              Recovery (Max at Slow Process Corner)
  Requirement:            10.000ns  (sys_clk_pin rise@10.000ns - sys_clk_pin rise@0.000ns)
  Data Path Delay:        3.443ns  (logic 0.478ns (13.882%)  route 2.965ns (86.118%))
  Logic Levels:           0  
  Clock Path Skew:        0.031ns (DCD - SCD + CPR)
    Destination Clock Delay (DCD):    4.907ns = ( 14.907 - 10.000 ) 
    Source Clock Delay      (SCD):    5.135ns
    Clock Pessimism Removal (CPR):    0.259ns
  Clock Uncertainty:      0.035ns  ((TSJ^2 + TIJ^2)^1/2 + DJ) / 2 + PE
    Total System Jitter     (TSJ):    0.071ns
    Total Input Jitter      (TIJ):    0.000ns
    Discrete Jitter          (DJ):    0.000ns
    Phase Error              (PE):    0.000ns

    Location             Delay type                Incr(ns)  Path(ns)    Netlist Resource(s)
  -------------------------------------------------------------------    -------------------
                         (clock sys_clk_pin rise edge)
                                                      0.000     0.000 r  
    G4                                                0.000     0.000 r  clk (IN)
                         net (fo=0)                   0.000     0.000    clk
    G4                   IBUF (Prop_ibuf_I_O)         1.432     1.432 r  clk_IBUF_inst/O
                         net (fo=1, routed)           1.990     3.422    clk_IBUF
    BUFGCTRL_X0Y2        BUFG (Prop_bufg_I_O)         0.096     3.518 r  clk_IBUF_BUFG_inst/O
                         net (fo=900, routed)         1.617     5.135    GPS_CONTROL/clk_IBUF_BUFG
    SLICE_X18Y9          FDRE                                         r  GPS_CONTROL/reset_reg_reg/C
  -------------------------------------------------------------------    -------------------
    SLICE_X18Y9          FDRE (Prop_fdre_C_Q)         0.478     5.613 f  GPS_CONTROL/reset_reg_reg/Q
                         net (fo=71, routed)          2.965     8.578    LORA_DRIVER/LORA_CONFIG/reset
    SLICE_X36Y21         FDCE                                         f  LORA_DRIVER/LORA_CONFIG/LoRa_register_index_reg[6]/CLR
  -------------------------------------------------------------------    -------------------

                         (clock sys_clk_pin rise edge)
                                                     10.000    10.000 r  
    G4                                                0.000    10.000 r  clk (IN)
                         net (fo=0)                   0.000    10.000    clk
    G4                   IBUF (Prop_ibuf_I_O)         1.362    11.362 r  clk_IBUF_inst/O
                         net (fo=1, routed)           1.886    13.248    clk_IBUF
    BUFGCTRL_X0Y2        BUFG (Prop_bufg_I_O)         0.091    13.339 r  clk_IBUF_BUFG_inst/O
                         net (fo=900, routed)         1.568    14.907    LORA_DRIVER/LORA_CONFIG/clk_IBUF_BUFG
    SLICE_X36Y21         FDCE                                         r  LORA_DRIVER/LORA_CONFIG/LoRa_register_index_reg[6]/C
                         clock pessimism              0.259    15.166    
                         clock uncertainty           -0.035    15.131    
    SLICE_X36Y21         FDCE (Recov_fdce_C_CLR)     -0.576    14.555    LORA_DRIVER/LORA_CONFIG/LoRa_register_index_reg[6]
  -------------------------------------------------------------------
                         required time                         14.555    
                         arrival time                          -8.578    
  -------------------------------------------------------------------
                         slack                                  5.976    

Slack (MET) :             5.976ns  (required time - arrival time)
  Source:                 GPS_CONTROL/reset_reg_reg/C
                            (rising edge-triggered cell FDRE clocked by sys_clk_pin  {rise@0.000ns fall@5.000ns period=10.000ns})
  Destination:            LORA_DRIVER/LORA_CONFIG/LoRa_register_index_reg[7]/CLR
                            (recovery check against rising-edge clock sys_clk_pin  {rise@0.000ns fall@5.000ns period=10.000ns})
  Path Group:             **async_default**
  Path Type:              Recovery (Max at Slow Process Corner)
  Requirement:            10.000ns  (sys_clk_pin rise@10.000ns - sys_clk_pin rise@0.000ns)
  Data Path Delay:        3.443ns  (logic 0.478ns (13.882%)  route 2.965ns (86.118%))
  Logic Levels:           0  
  Clock Path Skew:        0.031ns (DCD - SCD + CPR)
    Destination Clock Delay (DCD):    4.907ns = ( 14.907 - 10.000 ) 
    Source Clock Delay      (SCD):    5.135ns
    Clock Pessimism Removal (CPR):    0.259ns
  Clock Uncertainty:      0.035ns  ((TSJ^2 + TIJ^2)^1/2 + DJ) / 2 + PE
    Total System Jitter     (TSJ):    0.071ns
    Total Input Jitter      (TIJ):    0.000ns
    Discrete Jitter          (DJ):    0.000ns
    Phase Error              (PE):    0.000ns

    Location             Delay type                Incr(ns)  Path(ns)    Netlist Resource(s)
  -------------------------------------------------------------------    -------------------
                         (clock sys_clk_pin rise edge)
                                                      0.000     0.000 r  
    G4                                                0.000     0.000 r  clk (IN)
                         net (fo=0)                   0.000     0.000    clk
    G4                   IBUF (Prop_ibuf_I_O)         1.432     1.432 r  clk_IBUF_inst/O
                         net (fo=1, routed)           1.990     3.422    clk_IBUF
    BUFGCTRL_X0Y2        BUFG (Prop_bufg_I_O)         0.096     3.518 r  clk_IBUF_BUFG_inst/O
                         net (fo=900, routed)         1.617     5.135    GPS_CONTROL/clk_IBUF_BUFG
    SLICE_X18Y9          FDRE                                         r  GPS_CONTROL/reset_reg_reg/C
  -------------------------------------------------------------------    -------------------
    SLICE_X18Y9          FDRE (Prop_fdre_C_Q)         0.478     5.613 f  GPS_CONTROL/reset_reg_reg/Q
                         net (fo=71, routed)          2.965     8.578    LORA_DRIVER/LORA_CONFIG/reset
    SLICE_X36Y21         FDCE                                         f  LORA_DRIVER/LORA_CONFIG/LoRa_register_index_reg[7]/CLR
  -------------------------------------------------------------------    -------------------

                         (clock sys_clk_pin rise edge)
                                                     10.000    10.000 r  
    G4                                                0.000    10.000 r  clk (IN)
                         net (fo=0)                   0.000    10.000    clk
    G4                   IBUF (Prop_ibuf_I_O)         1.362    11.362 r  clk_IBUF_inst/O
                         net (fo=1, routed)           1.886    13.248    clk_IBUF
    BUFGCTRL_X0Y2        BUFG (Prop_bufg_I_O)         0.091    13.339 r  clk_IBUF_BUFG_inst/O
                         net (fo=900, routed)         1.568    14.907    LORA_DRIVER/LORA_CONFIG/clk_IBUF_BUFG
    SLICE_X36Y21         FDCE                                         r  LORA_DRIVER/LORA_CONFIG/LoRa_register_index_reg[7]/C
                         clock pessimism              0.259    15.166    
                         clock uncertainty           -0.035    15.131    
    SLICE_X36Y21         FDCE (Recov_fdce_C_CLR)     -0.576    14.555    LORA_DRIVER/LORA_CONFIG/LoRa_register_index_reg[7]
  -------------------------------------------------------------------
                         required time                         14.555    
                         arrival time                          -8.578    
  -------------------------------------------------------------------
                         slack                                  5.976    

Slack (MET) :             5.977ns  (required time - arrival time)
  Source:                 GPS_CONTROL/reset_reg_reg/C
                            (rising edge-triggered cell FDRE clocked by sys_clk_pin  {rise@0.000ns fall@5.000ns period=10.000ns})
  Destination:            LORA_DRIVER/LORA_CONFIG/LoRa_register_index_reg[0]/CLR
                            (recovery check against rising-edge clock sys_clk_pin  {rise@0.000ns fall@5.000ns period=10.000ns})
  Path Group:             **async_default**
  Path Type:              Recovery (Max at Slow Process Corner)
  Requirement:            10.000ns  (sys_clk_pin rise@10.000ns - sys_clk_pin rise@0.000ns)
  Data Path Delay:        3.443ns  (logic 0.478ns (13.882%)  route 2.965ns (86.118%))
  Logic Levels:           0  
  Clock Path Skew:        0.032ns (DCD - SCD + CPR)
    Destination Clock Delay (DCD):    4.908ns = ( 14.908 - 10.000 ) 
    Source Clock Delay      (SCD):    5.135ns
    Clock Pessimism Removal (CPR):    0.259ns
  Clock Uncertainty:      0.035ns  ((TSJ^2 + TIJ^2)^1/2 + DJ) / 2 + PE
    Total System Jitter     (TSJ):    0.071ns
    Total Input Jitter      (TIJ):    0.000ns
    Discrete Jitter          (DJ):    0.000ns
    Phase Error              (PE):    0.000ns

    Location             Delay type                Incr(ns)  Path(ns)    Netlist Resource(s)
  -------------------------------------------------------------------    -------------------
                         (clock sys_clk_pin rise edge)
                                                      0.000     0.000 r  
    G4                                                0.000     0.000 r  clk (IN)
                         net (fo=0)                   0.000     0.000    clk
    G4                   IBUF (Prop_ibuf_I_O)         1.432     1.432 r  clk_IBUF_inst/O
                         net (fo=1, routed)           1.990     3.422    clk_IBUF
    BUFGCTRL_X0Y2        BUFG (Prop_bufg_I_O)         0.096     3.518 r  clk_IBUF_BUFG_inst/O
                         net (fo=900, routed)         1.617     5.135    GPS_CONTROL/clk_IBUF_BUFG
    SLICE_X18Y9          FDRE                                         r  GPS_CONTROL/reset_reg_reg/C
  -------------------------------------------------------------------    -------------------
    SLICE_X18Y9          FDRE (Prop_fdre_C_Q)         0.478     5.613 f  GPS_CONTROL/reset_reg_reg/Q
                         net (fo=71, routed)          2.965     8.578    LORA_DRIVER/LORA_CONFIG/reset
    SLICE_X36Y19         FDCE                                         f  LORA_DRIVER/LORA_CONFIG/LoRa_register_index_reg[0]/CLR
  -------------------------------------------------------------------    -------------------

                         (clock sys_clk_pin rise edge)
                                                     10.000    10.000 r  
    G4                                                0.000    10.000 r  clk (IN)
                         net (fo=0)                   0.000    10.000    clk
    G4                   IBUF (Prop_ibuf_I_O)         1.362    11.362 r  clk_IBUF_inst/O
                         net (fo=1, routed)           1.886    13.248    clk_IBUF
    BUFGCTRL_X0Y2        BUFG (Prop_bufg_I_O)         0.091    13.339 r  clk_IBUF_BUFG_inst/O
                         net (fo=900, routed)         1.569    14.908    LORA_DRIVER/LORA_CONFIG/clk_IBUF_BUFG
    SLICE_X36Y19         FDCE                                         r  LORA_DRIVER/LORA_CONFIG/LoRa_register_index_reg[0]/C
                         clock pessimism              0.259    15.167    
                         clock uncertainty           -0.035    15.132    
    SLICE_X36Y19         FDCE (Recov_fdce_C_CLR)     -0.576    14.556    LORA_DRIVER/LORA_CONFIG/LoRa_register_index_reg[0]
  -------------------------------------------------------------------
                         required time                         14.556    
                         arrival time                          -8.578    
  -------------------------------------------------------------------
                         slack                                  5.977    

Slack (MET) :             5.977ns  (required time - arrival time)
  Source:                 GPS_CONTROL/reset_reg_reg/C
                            (rising edge-triggered cell FDRE clocked by sys_clk_pin  {rise@0.000ns fall@5.000ns period=10.000ns})
  Destination:            LORA_DRIVER/LORA_CONFIG/address_reg[4]/CLR
                            (recovery check against rising-edge clock sys_clk_pin  {rise@0.000ns fall@5.000ns period=10.000ns})
  Path Group:             **async_default**
  Path Type:              Recovery (Max at Slow Process Corner)
  Requirement:            10.000ns  (sys_clk_pin rise@10.000ns - sys_clk_pin rise@0.000ns)
  Data Path Delay:        3.443ns  (logic 0.478ns (13.882%)  route 2.965ns (86.118%))
  Logic Levels:           0  
  Clock Path Skew:        0.032ns (DCD - SCD + CPR)
    Destination Clock Delay (DCD):    4.908ns = ( 14.908 - 10.000 ) 
    Source Clock Delay      (SCD):    5.135ns
    Clock Pessimism Removal (CPR):    0.259ns
  Clock Uncertainty:      0.035ns  ((TSJ^2 + TIJ^2)^1/2 + DJ) / 2 + PE
    Total System Jitter     (TSJ):    0.071ns
    Total Input Jitter      (TIJ):    0.000ns
    Discrete Jitter          (DJ):    0.000ns
    Phase Error              (PE):    0.000ns

    Location             Delay type                Incr(ns)  Path(ns)    Netlist Resource(s)
  -------------------------------------------------------------------    -------------------
                         (clock sys_clk_pin rise edge)
                                                      0.000     0.000 r  
    G4                                                0.000     0.000 r  clk (IN)
                         net (fo=0)                   0.000     0.000    clk
    G4                   IBUF (Prop_ibuf_I_O)         1.432     1.432 r  clk_IBUF_inst/O
                         net (fo=1, routed)           1.990     3.422    clk_IBUF
    BUFGCTRL_X0Y2        BUFG (Prop_bufg_I_O)         0.096     3.518 r  clk_IBUF_BUFG_inst/O
                         net (fo=900, routed)         1.617     5.135    GPS_CONTROL/clk_IBUF_BUFG
    SLICE_X18Y9          FDRE                                         r  GPS_CONTROL/reset_reg_reg/C
  -------------------------------------------------------------------    -------------------
    SLICE_X18Y9          FDRE (Prop_fdre_C_Q)         0.478     5.613 f  GPS_CONTROL/reset_reg_reg/Q
                         net (fo=71, routed)          2.965     8.578    LORA_DRIVER/LORA_CONFIG/reset
    SLICE_X36Y19         FDCE                                         f  LORA_DRIVER/LORA_CONFIG/address_reg[4]/CLR
  -------------------------------------------------------------------    -------------------

                         (clock sys_clk_pin rise edge)
                                                     10.000    10.000 r  
    G4                                                0.000    10.000 r  clk (IN)
                         net (fo=0)                   0.000    10.000    clk
    G4                   IBUF (Prop_ibuf_I_O)         1.362    11.362 r  clk_IBUF_inst/O
                         net (fo=1, routed)           1.886    13.248    clk_IBUF
    BUFGCTRL_X0Y2        BUFG (Prop_bufg_I_O)         0.091    13.339 r  clk_IBUF_BUFG_inst/O
                         net (fo=900, routed)         1.569    14.908    LORA_DRIVER/LORA_CONFIG/clk_IBUF_BUFG
    SLICE_X36Y19         FDCE                                         r  LORA_DRIVER/LORA_CONFIG/address_reg[4]/C
                         clock pessimism              0.259    15.167    
                         clock uncertainty           -0.035    15.132    
    SLICE_X36Y19         FDCE (Recov_fdce_C_CLR)     -0.576    14.556    LORA_DRIVER/LORA_CONFIG/address_reg[4]
  -------------------------------------------------------------------
                         required time                         14.556    
                         arrival time                          -8.578    
  -------------------------------------------------------------------
                         slack                                  5.977    





Min Delay Paths
--------------------------------------------------------------------------------------
Slack (MET) :             1.300ns  (arrival time - required time)
  Source:                 GPS_CONTROL/reset_reg_reg/C
                            (rising edge-triggered cell FDRE clocked by sys_clk_pin  {rise@0.000ns fall@5.000ns period=10.000ns})
  Destination:            LORA_DRIVER/LORA_CONFIG/FSM_sequential_state_reg[1]/CLR
                            (removal check against rising-edge clock sys_clk_pin  {rise@0.000ns fall@5.000ns period=10.000ns})
  Path Group:             **async_default**
  Path Type:              Removal (Min at Fast Process Corner)
  Requirement:            0.000ns  (sys_clk_pin rise@0.000ns - sys_clk_pin rise@0.000ns)
  Data Path Delay:        1.214ns  (logic 0.148ns (12.191%)  route 1.066ns (87.809%))
  Logic Levels:           0  
  Clock Path Skew:        0.059ns (DCD - SCD - CPR)
    Destination Clock Delay (DCD):    1.954ns
    Source Clock Delay      (SCD):    1.417ns
    Clock Pessimism Removal (CPR):    0.478ns

    Location             Delay type                Incr(ns)  Path(ns)    Netlist Resource(s)
  -------------------------------------------------------------------    -------------------
                         (clock sys_clk_pin rise edge)
                                                      0.000     0.000 r  
    G4                                                0.000     0.000 r  clk (IN)
                         net (fo=0)                   0.000     0.000    clk
    G4                   IBUF (Prop_ibuf_I_O)         0.200     0.200 r  clk_IBUF_inst/O
                         net (fo=1, routed)           0.630     0.831    clk_IBUF
    BUFGCTRL_X0Y2        BUFG (Prop_bufg_I_O)         0.026     0.857 r  clk_IBUF_BUFG_inst/O
                         net (fo=900, routed)         0.561     1.417    GPS_CONTROL/clk_IBUF_BUFG
    SLICE_X18Y9          FDRE                                         r  GPS_CONTROL/reset_reg_reg/C
  -------------------------------------------------------------------    -------------------
    SLICE_X18Y9          FDRE (Prop_fdre_C_Q)         0.148     1.565 f  GPS_CONTROL/reset_reg_reg/Q
                         net (fo=71, routed)          1.066     2.631    LORA_DRIVER/LORA_CONFIG/reset
    SLICE_X33Y18         FDCE                                         f  LORA_DRIVER/LORA_CONFIG/FSM_sequential_state_reg[1]/CLR
  -------------------------------------------------------------------    -------------------

                         (clock sys_clk_pin rise edge)
                                                      0.000     0.000 r  
    G4                                                0.000     0.000 r  clk (IN)
                         net (fo=0)                   0.000     0.000    clk
    G4                   IBUF (Prop_ibuf_I_O)         0.388     0.388 r  clk_IBUF_inst/O
                         net (fo=1, routed)           0.684     1.072    clk_IBUF
    BUFGCTRL_X0Y2        BUFG (Prop_bufg_I_O)         0.029     1.101 r  clk_IBUF_BUFG_inst/O
                         net (fo=900, routed)         0.854     1.954    LORA_DRIVER/LORA_CONFIG/clk_IBUF_BUFG
    SLICE_X33Y18         FDCE                                         r  LORA_DRIVER/LORA_CONFIG/FSM_sequential_state_reg[1]/C
                         clock pessimism             -0.478     1.476    
    SLICE_X33Y18         FDCE (Remov_fdce_C_CLR)     -0.145     1.331    LORA_DRIVER/LORA_CONFIG/FSM_sequential_state_reg[1]
  -------------------------------------------------------------------
                         required time                         -1.331    
                         arrival time                           2.631    
  -------------------------------------------------------------------
                         slack                                  1.300    

Slack (MET) :             1.300ns  (arrival time - required time)
  Source:                 GPS_CONTROL/reset_reg_reg/C
                            (rising edge-triggered cell FDRE clocked by sys_clk_pin  {rise@0.000ns fall@5.000ns period=10.000ns})
  Destination:            LORA_DRIVER/LORA_CONFIG/bit_reg[1]/CLR
                            (removal check against rising-edge clock sys_clk_pin  {rise@0.000ns fall@5.000ns period=10.000ns})
  Path Group:             **async_default**
  Path Type:              Removal (Min at Fast Process Corner)
  Requirement:            0.000ns  (sys_clk_pin rise@0.000ns - sys_clk_pin rise@0.000ns)
  Data Path Delay:        1.214ns  (logic 0.148ns (12.191%)  route 1.066ns (87.809%))
  Logic Levels:           0  
  Clock Path Skew:        0.059ns (DCD - SCD - CPR)
    Destination Clock Delay (DCD):    1.954ns
    Source Clock Delay      (SCD):    1.417ns
    Clock Pessimism Removal (CPR):    0.478ns

    Location             Delay type                Incr(ns)  Path(ns)    Netlist Resource(s)
  -------------------------------------------------------------------    -------------------
                         (clock sys_clk_pin rise edge)
                                                      0.000     0.000 r  
    G4                                                0.000     0.000 r  clk (IN)
                         net (fo=0)                   0.000     0.000    clk
    G4                   IBUF (Prop_ibuf_I_O)         0.200     0.200 r  clk_IBUF_inst/O
                         net (fo=1, routed)           0.630     0.831    clk_IBUF
    BUFGCTRL_X0Y2        BUFG (Prop_bufg_I_O)         0.026     0.857 r  clk_IBUF_BUFG_inst/O
                         net (fo=900, routed)         0.561     1.417    GPS_CONTROL/clk_IBUF_BUFG
    SLICE_X18Y9          FDRE                                         r  GPS_CONTROL/reset_reg_reg/C
  -------------------------------------------------------------------    -------------------
    SLICE_X18Y9          FDRE (Prop_fdre_C_Q)         0.148     1.565 f  GPS_CONTROL/reset_reg_reg/Q
                         net (fo=71, routed)          1.066     2.631    LORA_DRIVER/LORA_CONFIG/reset
    SLICE_X33Y18         FDCE                                         f  LORA_DRIVER/LORA_CONFIG/bit_reg[1]/CLR
  -------------------------------------------------------------------    -------------------

                         (clock sys_clk_pin rise edge)
                                                      0.000     0.000 r  
    G4                                                0.000     0.000 r  clk (IN)
                         net (fo=0)                   0.000     0.000    clk
    G4                   IBUF (Prop_ibuf_I_O)         0.388     0.388 r  clk_IBUF_inst/O
                         net (fo=1, routed)           0.684     1.072    clk_IBUF
    BUFGCTRL_X0Y2        BUFG (Prop_bufg_I_O)         0.029     1.101 r  clk_IBUF_BUFG_inst/O
                         net (fo=900, routed)         0.854     1.954    LORA_DRIVER/LORA_CONFIG/clk_IBUF_BUFG
    SLICE_X33Y18         FDCE                                         r  LORA_DRIVER/LORA_CONFIG/bit_reg[1]/C
                         clock pessimism             -0.478     1.476    
    SLICE_X33Y18         FDCE (Remov_fdce_C_CLR)     -0.145     1.331    LORA_DRIVER/LORA_CONFIG/bit_reg[1]
  -------------------------------------------------------------------
                         required time                         -1.331    
                         arrival time                           2.631    
  -------------------------------------------------------------------
                         slack                                  1.300    

Slack (MET) :             1.304ns  (arrival time - required time)
  Source:                 GPS_CONTROL/reset_reg_reg/C
                            (rising edge-triggered cell FDRE clocked by sys_clk_pin  {rise@0.000ns fall@5.000ns period=10.000ns})
  Destination:            LORA_DRIVER/LORA_CONFIG/bit_reg[2]/CLR
                            (removal check against rising-edge clock sys_clk_pin  {rise@0.000ns fall@5.000ns period=10.000ns})
  Path Group:             **async_default**
  Path Type:              Removal (Min at Fast Process Corner)
  Requirement:            0.000ns  (sys_clk_pin rise@0.000ns - sys_clk_pin rise@0.000ns)
  Data Path Delay:        1.218ns  (logic 0.148ns (12.148%)  route 1.070ns (87.852%))
  Logic Levels:           0  
  Clock Path Skew:        0.059ns (DCD - SCD - CPR)
    Destination Clock Delay (DCD):    1.954ns
    Source Clock Delay      (SCD):    1.417ns
    Clock Pessimism Removal (CPR):    0.478ns

    Location             Delay type                Incr(ns)  Path(ns)    Netlist Resource(s)
  -------------------------------------------------------------------    -------------------
                         (clock sys_clk_pin rise edge)
                                                      0.000     0.000 r  
    G4                                                0.000     0.000 r  clk (IN)
                         net (fo=0)                   0.000     0.000    clk
    G4                   IBUF (Prop_ibuf_I_O)         0.200     0.200 r  clk_IBUF_inst/O
                         net (fo=1, routed)           0.630     0.831    clk_IBUF
    BUFGCTRL_X0Y2        BUFG (Prop_bufg_I_O)         0.026     0.857 r  clk_IBUF_BUFG_inst/O
                         net (fo=900, routed)         0.561     1.417    GPS_CONTROL/clk_IBUF_BUFG
    SLICE_X18Y9          FDRE                                         r  GPS_CONTROL/reset_reg_reg/C
  -------------------------------------------------------------------    -------------------
    SLICE_X18Y9          FDRE (Prop_fdre_C_Q)         0.148     1.565 f  GPS_CONTROL/reset_reg_reg/Q
                         net (fo=71, routed)          1.070     2.635    LORA_DRIVER/LORA_CONFIG/reset
    SLICE_X32Y18         FDCE                                         f  LORA_DRIVER/LORA_CONFIG/bit_reg[2]/CLR
  -------------------------------------------------------------------    -------------------

                         (clock sys_clk_pin rise edge)
                                                      0.000     0.000 r  
    G4                                                0.000     0.000 r  clk (IN)
                         net (fo=0)                   0.000     0.000    clk
    G4                   IBUF (Prop_ibuf_I_O)         0.388     0.388 r  clk_IBUF_inst/O
                         net (fo=1, routed)           0.684     1.072    clk_IBUF
    BUFGCTRL_X0Y2        BUFG (Prop_bufg_I_O)         0.029     1.101 r  clk_IBUF_BUFG_inst/O
                         net (fo=900, routed)         0.854     1.954    LORA_DRIVER/LORA_CONFIG/clk_IBUF_BUFG
    SLICE_X32Y18         FDCE                                         r  LORA_DRIVER/LORA_CONFIG/bit_reg[2]/C
                         clock pessimism             -0.478     1.476    
    SLICE_X32Y18         FDCE (Remov_fdce_C_CLR)     -0.145     1.331    LORA_DRIVER/LORA_CONFIG/bit_reg[2]
  -------------------------------------------------------------------
                         required time                         -1.331    
                         arrival time                           2.635    
  -------------------------------------------------------------------
                         slack                                  1.304    

Slack (MET) :             1.304ns  (arrival time - required time)
  Source:                 GPS_CONTROL/reset_reg_reg/C
                            (rising edge-triggered cell FDRE clocked by sys_clk_pin  {rise@0.000ns fall@5.000ns period=10.000ns})
  Destination:            LORA_DRIVER/LORA_CONFIG/bit_reg[7]/CLR
                            (removal check against rising-edge clock sys_clk_pin  {rise@0.000ns fall@5.000ns period=10.000ns})
  Path Group:             **async_default**
  Path Type:              Removal (Min at Fast Process Corner)
  Requirement:            0.000ns  (sys_clk_pin rise@0.000ns - sys_clk_pin rise@0.000ns)
  Data Path Delay:        1.218ns  (logic 0.148ns (12.148%)  route 1.070ns (87.852%))
  Logic Levels:           0  
  Clock Path Skew:        0.059ns (DCD - SCD - CPR)
    Destination Clock Delay (DCD):    1.954ns
    Source Clock Delay      (SCD):    1.417ns
    Clock Pessimism Removal (CPR):    0.478ns

    Location             Delay type                Incr(ns)  Path(ns)    Netlist Resource(s)
  -------------------------------------------------------------------    -------------------
                         (clock sys_clk_pin rise edge)
                                                      0.000     0.000 r  
    G4                                                0.000     0.000 r  clk (IN)
                         net (fo=0)                   0.000     0.000    clk
    G4                   IBUF (Prop_ibuf_I_O)         0.200     0.200 r  clk_IBUF_inst/O
                         net (fo=1, routed)           0.630     0.831    clk_IBUF
    BUFGCTRL_X0Y2        BUFG (Prop_bufg_I_O)         0.026     0.857 r  clk_IBUF_BUFG_inst/O
                         net (fo=900, routed)         0.561     1.417    GPS_CONTROL/clk_IBUF_BUFG
    SLICE_X18Y9          FDRE                                         r  GPS_CONTROL/reset_reg_reg/C
  -------------------------------------------------------------------    -------------------
    SLICE_X18Y9          FDRE (Prop_fdre_C_Q)         0.148     1.565 f  GPS_CONTROL/reset_reg_reg/Q
                         net (fo=71, routed)          1.070     2.635    LORA_DRIVER/LORA_CONFIG/reset
    SLICE_X32Y18         FDCE                                         f  LORA_DRIVER/LORA_CONFIG/bit_reg[7]/CLR
  -------------------------------------------------------------------    -------------------

                         (clock sys_clk_pin rise edge)
                                                      0.000     0.000 r  
    G4                                                0.000     0.000 r  clk (IN)
                         net (fo=0)                   0.000     0.000    clk
    G4                   IBUF (Prop_ibuf_I_O)         0.388     0.388 r  clk_IBUF_inst/O
                         net (fo=1, routed)           0.684     1.072    clk_IBUF
    BUFGCTRL_X0Y2        BUFG (Prop_bufg_I_O)         0.029     1.101 r  clk_IBUF_BUFG_inst/O
                         net (fo=900, routed)         0.854     1.954    LORA_DRIVER/LORA_CONFIG/clk_IBUF_BUFG
    SLICE_X32Y18         FDCE                                         r  LORA_DRIVER/LORA_CONFIG/bit_reg[7]/C
                         clock pessimism             -0.478     1.476    
    SLICE_X32Y18         FDCE (Remov_fdce_C_CLR)     -0.145     1.331    LORA_DRIVER/LORA_CONFIG/bit_reg[7]
  -------------------------------------------------------------------
                         required time                         -1.331    
                         arrival time                           2.635    
  -------------------------------------------------------------------
                         slack                                  1.304    

Slack (MET) :             1.304ns  (arrival time - required time)
  Source:                 GPS_CONTROL/reset_reg_reg/C
                            (rising edge-triggered cell FDRE clocked by sys_clk_pin  {rise@0.000ns fall@5.000ns period=10.000ns})
  Destination:            LORA_DRIVER/LORA_CONFIG/bit_reg[8]/CLR
                            (removal check against rising-edge clock sys_clk_pin  {rise@0.000ns fall@5.000ns period=10.000ns})
  Path Group:             **async_default**
  Path Type:              Removal (Min at Fast Process Corner)
  Requirement:            0.000ns  (sys_clk_pin rise@0.000ns - sys_clk_pin rise@0.000ns)
  Data Path Delay:        1.218ns  (logic 0.148ns (12.148%)  route 1.070ns (87.852%))
  Logic Levels:           0  
  Clock Path Skew:        0.059ns (DCD - SCD - CPR)
    Destination Clock Delay (DCD):    1.954ns
    Source Clock Delay      (SCD):    1.417ns
    Clock Pessimism Removal (CPR):    0.478ns

    Location             Delay type                Incr(ns)  Path(ns)    Netlist Resource(s)
  -------------------------------------------------------------------    -------------------
                         (clock sys_clk_pin rise edge)
                                                      0.000     0.000 r  
    G4                                                0.000     0.000 r  clk (IN)
                         net (fo=0)                   0.000     0.000    clk
    G4                   IBUF (Prop_ibuf_I_O)         0.200     0.200 r  clk_IBUF_inst/O
                         net (fo=1, routed)           0.630     0.831    clk_IBUF
    BUFGCTRL_X0Y2        BUFG (Prop_bufg_I_O)         0.026     0.857 r  clk_IBUF_BUFG_inst/O
                         net (fo=900, routed)         0.561     1.417    GPS_CONTROL/clk_IBUF_BUFG
    SLICE_X18Y9          FDRE                                         r  GPS_CONTROL/reset_reg_reg/C
  -------------------------------------------------------------------    -------------------
    SLICE_X18Y9          FDRE (Prop_fdre_C_Q)         0.148     1.565 f  GPS_CONTROL/reset_reg_reg/Q
                         net (fo=71, routed)          1.070     2.635    LORA_DRIVER/LORA_CONFIG/reset
    SLICE_X32Y18         FDCE                                         f  LORA_DRIVER/LORA_CONFIG/bit_reg[8]/CLR
  -------------------------------------------------------------------    -------------------

                         (clock sys_clk_pin rise edge)
                                                      0.000     0.000 r  
    G4                                                0.000     0.000 r  clk (IN)
                         net (fo=0)                   0.000     0.000    clk
    G4                   IBUF (Prop_ibuf_I_O)         0.388     0.388 r  clk_IBUF_inst/O
                         net (fo=1, routed)           0.684     1.072    clk_IBUF
    BUFGCTRL_X0Y2        BUFG (Prop_bufg_I_O)         0.029     1.101 r  clk_IBUF_BUFG_inst/O
                         net (fo=900, routed)         0.854     1.954    LORA_DRIVER/LORA_CONFIG/clk_IBUF_BUFG
    SLICE_X32Y18         FDCE                                         r  LORA_DRIVER/LORA_CONFIG/bit_reg[8]/C
                         clock pessimism             -0.478     1.476    
    SLICE_X32Y18         FDCE (Remov_fdce_C_CLR)     -0.145     1.331    LORA_DRIVER/LORA_CONFIG/bit_reg[8]
  -------------------------------------------------------------------
                         required time                         -1.331    
                         arrival time                           2.635    
  -------------------------------------------------------------------
                         slack                                  1.304    

Slack (MET) :             1.323ns  (arrival time - required time)
  Source:                 GPS_CONTROL/reset_reg_reg/C
                            (rising edge-triggered cell FDRE clocked by sys_clk_pin  {rise@0.000ns fall@5.000ns period=10.000ns})
  Destination:            LORA_DRIVER/LORA_CONFIG/bit_reg[12]/CLR
                            (removal check against rising-edge clock sys_clk_pin  {rise@0.000ns fall@5.000ns period=10.000ns})
  Path Group:             **async_default**
  Path Type:              Removal (Min at Fast Process Corner)
  Requirement:            0.000ns  (sys_clk_pin rise@0.000ns - sys_clk_pin rise@0.000ns)
  Data Path Delay:        1.261ns  (logic 0.148ns (11.739%)  route 1.113ns (88.261%))
  Logic Levels:           0  
  Clock Path Skew:        0.058ns (DCD - SCD - CPR)
    Destination Clock Delay (DCD):    1.953ns
    Source Clock Delay      (SCD):    1.417ns
    Clock Pessimism Removal (CPR):    0.478ns

    Location             Delay type                Incr(ns)  Path(ns)    Netlist Resource(s)
  -------------------------------------------------------------------    -------------------
                         (clock sys_clk_pin rise edge)
                                                      0.000     0.000 r  
    G4                                                0.000     0.000 r  clk (IN)
                         net (fo=0)                   0.000     0.000    clk
    G4                   IBUF (Prop_ibuf_I_O)         0.200     0.200 r  clk_IBUF_inst/O
                         net (fo=1, routed)           0.630     0.831    clk_IBUF
    BUFGCTRL_X0Y2        BUFG (Prop_bufg_I_O)         0.026     0.857 r  clk_IBUF_BUFG_inst/O
                         net (fo=900, routed)         0.561     1.417    GPS_CONTROL/clk_IBUF_BUFG
    SLICE_X18Y9          FDRE                                         r  GPS_CONTROL/reset_reg_reg/C
  -------------------------------------------------------------------    -------------------
    SLICE_X18Y9          FDRE (Prop_fdre_C_Q)         0.148     1.565 f  GPS_CONTROL/reset_reg_reg/Q
                         net (fo=71, routed)          1.113     2.678    LORA_DRIVER/LORA_CONFIG/reset
    SLICE_X34Y19         FDCE                                         f  LORA_DRIVER/LORA_CONFIG/bit_reg[12]/CLR
  -------------------------------------------------------------------    -------------------

                         (clock sys_clk_pin rise edge)
                                                      0.000     0.000 r  
    G4                                                0.000     0.000 r  clk (IN)
                         net (fo=0)                   0.000     0.000    clk
    G4                   IBUF (Prop_ibuf_I_O)         0.388     0.388 r  clk_IBUF_inst/O
                         net (fo=1, routed)           0.684     1.072    clk_IBUF
    BUFGCTRL_X0Y2        BUFG (Prop_bufg_I_O)         0.029     1.101 r  clk_IBUF_BUFG_inst/O
                         net (fo=900, routed)         0.853     1.953    LORA_DRIVER/LORA_CONFIG/clk_IBUF_BUFG
    SLICE_X34Y19         FDCE                                         r  LORA_DRIVER/LORA_CONFIG/bit_reg[12]/C
                         clock pessimism             -0.478     1.475    
    SLICE_X34Y19         FDCE (Remov_fdce_C_CLR)     -0.120     1.355    LORA_DRIVER/LORA_CONFIG/bit_reg[12]
  -------------------------------------------------------------------
                         required time                         -1.355    
                         arrival time                           2.678    
  -------------------------------------------------------------------
                         slack                                  1.323    

Slack (MET) :             1.323ns  (arrival time - required time)
  Source:                 GPS_CONTROL/reset_reg_reg/C
                            (rising edge-triggered cell FDRE clocked by sys_clk_pin  {rise@0.000ns fall@5.000ns period=10.000ns})
  Destination:            LORA_DRIVER/LORA_CONFIG/bit_reg[3]/CLR
                            (removal check against rising-edge clock sys_clk_pin  {rise@0.000ns fall@5.000ns period=10.000ns})
  Path Group:             **async_default**
  Path Type:              Removal (Min at Fast Process Corner)
  Requirement:            0.000ns  (sys_clk_pin rise@0.000ns - sys_clk_pin rise@0.000ns)
  Data Path Delay:        1.261ns  (logic 0.148ns (11.739%)  route 1.113ns (88.261%))
  Logic Levels:           0  
  Clock Path Skew:        0.058ns (DCD - SCD - CPR)
    Destination Clock Delay (DCD):    1.953ns
    Source Clock Delay      (SCD):    1.417ns
    Clock Pessimism Removal (CPR):    0.478ns

    Location             Delay type                Incr(ns)  Path(ns)    Netlist Resource(s)
  -------------------------------------------------------------------    -------------------
                         (clock sys_clk_pin rise edge)
                                                      0.000     0.000 r  
    G4                                                0.000     0.000 r  clk (IN)
                         net (fo=0)                   0.000     0.000    clk
    G4                   IBUF (Prop_ibuf_I_O)         0.200     0.200 r  clk_IBUF_inst/O
                         net (fo=1, routed)           0.630     0.831    clk_IBUF
    BUFGCTRL_X0Y2        BUFG (Prop_bufg_I_O)         0.026     0.857 r  clk_IBUF_BUFG_inst/O
                         net (fo=900, routed)         0.561     1.417    GPS_CONTROL/clk_IBUF_BUFG
    SLICE_X18Y9          FDRE                                         r  GPS_CONTROL/reset_reg_reg/C
  -------------------------------------------------------------------    -------------------
    SLICE_X18Y9          FDRE (Prop_fdre_C_Q)         0.148     1.565 f  GPS_CONTROL/reset_reg_reg/Q
                         net (fo=71, routed)          1.113     2.678    LORA_DRIVER/LORA_CONFIG/reset
    SLICE_X34Y19         FDCE                                         f  LORA_DRIVER/LORA_CONFIG/bit_reg[3]/CLR
  -------------------------------------------------------------------    -------------------

                         (clock sys_clk_pin rise edge)
                                                      0.000     0.000 r  
    G4                                                0.000     0.000 r  clk (IN)
                         net (fo=0)                   0.000     0.000    clk
    G4                   IBUF (Prop_ibuf_I_O)         0.388     0.388 r  clk_IBUF_inst/O
                         net (fo=1, routed)           0.684     1.072    clk_IBUF
    BUFGCTRL_X0Y2        BUFG (Prop_bufg_I_O)         0.029     1.101 r  clk_IBUF_BUFG_inst/O
                         net (fo=900, routed)         0.853     1.953    LORA_DRIVER/LORA_CONFIG/clk_IBUF_BUFG
    SLICE_X34Y19         FDCE                                         r  LORA_DRIVER/LORA_CONFIG/bit_reg[3]/C
                         clock pessimism             -0.478     1.475    
    SLICE_X34Y19         FDCE (Remov_fdce_C_CLR)     -0.120     1.355    LORA_DRIVER/LORA_CONFIG/bit_reg[3]
  -------------------------------------------------------------------
                         required time                         -1.355    
                         arrival time                           2.678    
  -------------------------------------------------------------------
                         slack                                  1.323    

Slack (MET) :             1.323ns  (arrival time - required time)
  Source:                 GPS_CONTROL/reset_reg_reg/C
                            (rising edge-triggered cell FDRE clocked by sys_clk_pin  {rise@0.000ns fall@5.000ns period=10.000ns})
  Destination:            LORA_DRIVER/LORA_CONFIG/bit_reg[4]/CLR
                            (removal check against rising-edge clock sys_clk_pin  {rise@0.000ns fall@5.000ns period=10.000ns})
  Path Group:             **async_default**
  Path Type:              Removal (Min at Fast Process Corner)
  Requirement:            0.000ns  (sys_clk_pin rise@0.000ns - sys_clk_pin rise@0.000ns)
  Data Path Delay:        1.261ns  (logic 0.148ns (11.739%)  route 1.113ns (88.261%))
  Logic Levels:           0  
  Clock Path Skew:        0.058ns (DCD - SCD - CPR)
    Destination Clock Delay (DCD):    1.953ns
    Source Clock Delay      (SCD):    1.417ns
    Clock Pessimism Removal (CPR):    0.478ns

    Location             Delay type                Incr(ns)  Path(ns)    Netlist Resource(s)
  -------------------------------------------------------------------    -------------------
                         (clock sys_clk_pin rise edge)
                                                      0.000     0.000 r  
    G4                                                0.000     0.000 r  clk (IN)
                         net (fo=0)                   0.000     0.000    clk
    G4                   IBUF (Prop_ibuf_I_O)         0.200     0.200 r  clk_IBUF_inst/O
                         net (fo=1, routed)           0.630     0.831    clk_IBUF
    BUFGCTRL_X0Y2        BUFG (Prop_bufg_I_O)         0.026     0.857 r  clk_IBUF_BUFG_inst/O
                         net (fo=900, routed)         0.561     1.417    GPS_CONTROL/clk_IBUF_BUFG
    SLICE_X18Y9          FDRE                                         r  GPS_CONTROL/reset_reg_reg/C
  -------------------------------------------------------------------    -------------------
    SLICE_X18Y9          FDRE (Prop_fdre_C_Q)         0.148     1.565 f  GPS_CONTROL/reset_reg_reg/Q
                         net (fo=71, routed)          1.113     2.678    LORA_DRIVER/LORA_CONFIG/reset
    SLICE_X34Y19         FDCE                                         f  LORA_DRIVER/LORA_CONFIG/bit_reg[4]/CLR
  -------------------------------------------------------------------    -------------------

                         (clock sys_clk_pin rise edge)
                                                      0.000     0.000 r  
    G4                                                0.000     0.000 r  clk (IN)
                         net (fo=0)                   0.000     0.000    clk
    G4                   IBUF (Prop_ibuf_I_O)         0.388     0.388 r  clk_IBUF_inst/O
                         net (fo=1, routed)           0.684     1.072    clk_IBUF
    BUFGCTRL_X0Y2        BUFG (Prop_bufg_I_O)         0.029     1.101 r  clk_IBUF_BUFG_inst/O
                         net (fo=900, routed)         0.853     1.953    LORA_DRIVER/LORA_CONFIG/clk_IBUF_BUFG
    SLICE_X34Y19         FDCE                                         r  LORA_DRIVER/LORA_CONFIG/bit_reg[4]/C
                         clock pessimism             -0.478     1.475    
    SLICE_X34Y19         FDCE (Remov_fdce_C_CLR)     -0.120     1.355    LORA_DRIVER/LORA_CONFIG/bit_reg[4]
  -------------------------------------------------------------------
                         required time                         -1.355    
                         arrival time                           2.678    
  -------------------------------------------------------------------
                         slack                                  1.323    

Slack (MET) :             1.358ns  (arrival time - required time)
  Source:                 GPS_CONTROL/reset_reg_reg/C
                            (rising edge-triggered cell FDRE clocked by sys_clk_pin  {rise@0.000ns fall@5.000ns period=10.000ns})
  Destination:            LORA_DRIVER/LORA_CONFIG/SCLK_en_reg/CLR
                            (removal check against rising-edge clock sys_clk_pin  {rise@0.000ns fall@5.000ns period=10.000ns})
  Path Group:             **async_default**
  Path Type:              Removal (Min at Fast Process Corner)
  Requirement:            0.000ns  (sys_clk_pin rise@0.000ns - sys_clk_pin rise@0.000ns)
  Data Path Delay:        1.298ns  (logic 0.148ns (11.405%)  route 1.150ns (88.595%))
  Logic Levels:           0  
  Clock Path Skew:        0.060ns (DCD - SCD - CPR)
    Destination Clock Delay (DCD):    1.955ns
    Source Clock Delay      (SCD):    1.417ns
    Clock Pessimism Removal (CPR):    0.478ns

    Location             Delay type                Incr(ns)  Path(ns)    Netlist Resource(s)
  -------------------------------------------------------------------    -------------------
                         (clock sys_clk_pin rise edge)
                                                      0.000     0.000 r  
    G4                                                0.000     0.000 r  clk (IN)
                         net (fo=0)                   0.000     0.000    clk
    G4                   IBUF (Prop_ibuf_I_O)         0.200     0.200 r  clk_IBUF_inst/O
                         net (fo=1, routed)           0.630     0.831    clk_IBUF
    BUFGCTRL_X0Y2        BUFG (Prop_bufg_I_O)         0.026     0.857 r  clk_IBUF_BUFG_inst/O
                         net (fo=900, routed)         0.561     1.417    GPS_CONTROL/clk_IBUF_BUFG
    SLICE_X18Y9          FDRE                                         r  GPS_CONTROL/reset_reg_reg/C
  -------------------------------------------------------------------    -------------------
    SLICE_X18Y9          FDRE (Prop_fdre_C_Q)         0.148     1.565 f  GPS_CONTROL/reset_reg_reg/Q
                         net (fo=71, routed)          1.150     2.715    LORA_DRIVER/LORA_CONFIG/reset
    SLICE_X38Y18         FDCE                                         f  LORA_DRIVER/LORA_CONFIG/SCLK_en_reg/CLR
  -------------------------------------------------------------------    -------------------

                         (clock sys_clk_pin rise edge)
                                                      0.000     0.000 r  
    G4                                                0.000     0.000 r  clk (IN)
                         net (fo=0)                   0.000     0.000    clk
    G4                   IBUF (Prop_ibuf_I_O)         0.388     0.388 r  clk_IBUF_inst/O
                         net (fo=1, routed)           0.684     1.072    clk_IBUF
    BUFGCTRL_X0Y2        BUFG (Prop_bufg_I_O)         0.029     1.101 r  clk_IBUF_BUFG_inst/O
                         net (fo=900, routed)         0.855     1.955    LORA_DRIVER/LORA_CONFIG/clk_IBUF_BUFG
    SLICE_X38Y18         FDCE                                         r  LORA_DRIVER/LORA_CONFIG/SCLK_en_reg/C
                         clock pessimism             -0.478     1.477    
    SLICE_X38Y18         FDCE (Remov_fdce_C_CLR)     -0.120     1.357    LORA_DRIVER/LORA_CONFIG/SCLK_en_reg
  -------------------------------------------------------------------
                         required time                         -1.357    
                         arrival time                           2.715    
  -------------------------------------------------------------------
                         slack                                  1.358    

Slack (MET) :             1.362ns  (arrival time - required time)
  Source:                 GPS_CONTROL/reset_reg_reg/C
                            (rising edge-triggered cell FDRE clocked by sys_clk_pin  {rise@0.000ns fall@5.000ns period=10.000ns})
  Destination:            LORA_DRIVER/LORA_CONFIG/CSN_reg_reg/PRE
                            (removal check against rising-edge clock sys_clk_pin  {rise@0.000ns fall@5.000ns period=10.000ns})
  Path Group:             **async_default**
  Path Type:              Removal (Min at Fast Process Corner)
  Requirement:            0.000ns  (sys_clk_pin rise@0.000ns - sys_clk_pin rise@0.000ns)
  Data Path Delay:        1.298ns  (logic 0.148ns (11.405%)  route 1.150ns (88.595%))
  Logic Levels:           0  
  Clock Path Skew:        0.060ns (DCD - SCD - CPR)
    Destination Clock Delay (DCD):    1.955ns
    Source Clock Delay      (SCD):    1.417ns
    Clock Pessimism Removal (CPR):    0.478ns

    Location             Delay type                Incr(ns)  Path(ns)    Netlist Resource(s)
  -------------------------------------------------------------------    -------------------
                         (clock sys_clk_pin rise edge)
                                                      0.000     0.000 r  
    G4                                                0.000     0.000 r  clk (IN)
                         net (fo=0)                   0.000     0.000    clk
    G4                   IBUF (Prop_ibuf_I_O)         0.200     0.200 r  clk_IBUF_inst/O
                         net (fo=1, routed)           0.630     0.831    clk_IBUF
    BUFGCTRL_X0Y2        BUFG (Prop_bufg_I_O)         0.026     0.857 r  clk_IBUF_BUFG_inst/O
                         net (fo=900, routed)         0.561     1.417    GPS_CONTROL/clk_IBUF_BUFG
    SLICE_X18Y9          FDRE                                         r  GPS_CONTROL/reset_reg_reg/C
  -------------------------------------------------------------------    -------------------
    SLICE_X18Y9          FDRE (Prop_fdre_C_Q)         0.148     1.565 f  GPS_CONTROL/reset_reg_reg/Q
                         net (fo=71, routed)          1.150     2.715    LORA_DRIVER/LORA_CONFIG/reset
    SLICE_X38Y18         FDPE                                         f  LORA_DRIVER/LORA_CONFIG/CSN_reg_reg/PRE
  -------------------------------------------------------------------    -------------------

                         (clock sys_clk_pin rise edge)
                                                      0.000     0.000 r  
    G4                                                0.000     0.000 r  clk (IN)
                         net (fo=0)                   0.000     0.000    clk
    G4                   IBUF (Prop_ibuf_I_O)         0.388     0.388 r  clk_IBUF_inst/O
                         net (fo=1, routed)           0.684     1.072    clk_IBUF
    BUFGCTRL_X0Y2        BUFG (Prop_bufg_I_O)         0.029     1.101 r  clk_IBUF_BUFG_inst/O
                         net (fo=900, routed)         0.855     1.955    LORA_DRIVER/LORA_CONFIG/clk_IBUF_BUFG
    SLICE_X38Y18         FDPE                                         r  LORA_DRIVER/LORA_CONFIG/CSN_reg_reg/C
                         clock pessimism             -0.478     1.477    
    SLICE_X38Y18         FDPE (Remov_fdpe_C_PRE)     -0.124     1.353    LORA_DRIVER/LORA_CONFIG/CSN_reg_reg
  -------------------------------------------------------------------
                         required time                         -1.353    
                         arrival time                           2.715    
  -------------------------------------------------------------------
                         slack                                  1.362    





---------------------------------------------------------------------------------------------------
Path Group:  **default**
From Clock:  sys_clk_pin
  To Clock:  

Setup :            0  Failing Endpoints,  Worst Slack        8.560ns,  Total Violation        0.000ns
Hold  :           NA  Failing Endpoints,  Worst Slack           NA  ,  Total Violation           NA
---------------------------------------------------------------------------------------------------


Max Delay Paths
--------------------------------------------------------------------------------------
Slack (MET) :             8.560ns  (required time - arrival time)
  Source:                 DATA_HANDLER/FIFO/U0/inst_fifo_gen/gconvfifo.rf/grf.rf/gntv_or_sync_fifo.gcx.clkx/rd_pntr_cdc_inst/src_gray_ff_reg[13]/C
                            (rising edge-triggered cell FDRE clocked by sys_clk_pin  {rise@0.000ns fall@5.000ns period=10.000ns})
  Destination:            DATA_HANDLER/FIFO/U0/inst_fifo_gen/gconvfifo.rf/grf.rf/gntv_or_sync_fifo.gcx.clkx/rd_pntr_cdc_inst/dest_graysync_ff_reg[0][13]/D
  Path Group:             **default**
  Path Type:              Setup (Max at Slow Process Corner)
  Requirement:            10.000ns  (MaxDelay Path 10.000ns)
  Data Path Delay:        1.170ns  (logic 0.419ns (35.798%)  route 0.751ns (64.202%))
  Logic Levels:           0  
  Timing Exception:       MaxDelay Path 10.000ns -datapath_only

    Location             Delay type                Incr(ns)  Path(ns)    Netlist Resource(s)
  -------------------------------------------------------------------    -------------------
    SLICE_X32Y6                                       0.000     0.000 r  DATA_HANDLER/FIFO/U0/inst_fifo_gen/gconvfifo.rf/grf.rf/gntv_or_sync_fifo.gcx.clkx/rd_pntr_cdc_inst/src_gray_ff_reg[13]/C
    SLICE_X32Y6          FDRE (Prop_fdre_C_Q)         0.419     0.419 r  DATA_HANDLER/FIFO/U0/inst_fifo_gen/gconvfifo.rf/grf.rf/gntv_or_sync_fifo.gcx.clkx/rd_pntr_cdc_inst/src_gray_ff_reg[13]/Q
                         net (fo=1, routed)           0.751     1.170    DATA_HANDLER/FIFO/U0/inst_fifo_gen/gconvfifo.rf/grf.rf/gntv_or_sync_fifo.gcx.clkx/rd_pntr_cdc_inst/async_path[13]
    SLICE_X33Y6          FDRE                                         r  DATA_HANDLER/FIFO/U0/inst_fifo_gen/gconvfifo.rf/grf.rf/gntv_or_sync_fifo.gcx.clkx/rd_pntr_cdc_inst/dest_graysync_ff_reg[0][13]/D
  -------------------------------------------------------------------    -------------------

                         max delay                   10.000    10.000    
    SLICE_X33Y6          FDRE (Setup_fdre_C_D)       -0.270     9.730    DATA_HANDLER/FIFO/U0/inst_fifo_gen/gconvfifo.rf/grf.rf/gntv_or_sync_fifo.gcx.clkx/rd_pntr_cdc_inst/dest_graysync_ff_reg[0][13]
  -------------------------------------------------------------------
                         required time                          9.730    
                         arrival time                          -1.170    
  -------------------------------------------------------------------
                         slack                                  8.560    

Slack (MET) :             8.810ns  (required time - arrival time)
  Source:                 DATA_HANDLER/FIFO/U0/inst_fifo_gen/gconvfifo.rf/grf.rf/gntv_or_sync_fifo.gcx.clkx/rd_pntr_cdc_inst/src_gray_ff_reg[7]/C
                            (rising edge-triggered cell FDRE clocked by sys_clk_pin  {rise@0.000ns fall@5.000ns period=10.000ns})
  Destination:            DATA_HANDLER/FIFO/U0/inst_fifo_gen/gconvfifo.rf/grf.rf/gntv_or_sync_fifo.gcx.clkx/rd_pntr_cdc_inst/dest_graysync_ff_reg[0][7]/D
  Path Group:             **default**
  Path Type:              Setup (Max at Slow Process Corner)
  Requirement:            10.000ns  (MaxDelay Path 10.000ns)
  Data Path Delay:        0.927ns  (logic 0.478ns (51.537%)  route 0.449ns (48.463%))
  Logic Levels:           0  
  Timing Exception:       MaxDelay Path 10.000ns -datapath_only

    Location             Delay type                Incr(ns)  Path(ns)    Netlist Resource(s)
  -------------------------------------------------------------------    -------------------
    SLICE_X34Y3                                       0.000     0.000 r  DATA_HANDLER/FIFO/U0/inst_fifo_gen/gconvfifo.rf/grf.rf/gntv_or_sync_fifo.gcx.clkx/rd_pntr_cdc_inst/src_gray_ff_reg[7]/C
    SLICE_X34Y3          FDRE (Prop_fdre_C_Q)         0.478     0.478 r  DATA_HANDLER/FIFO/U0/inst_fifo_gen/gconvfifo.rf/grf.rf/gntv_or_sync_fifo.gcx.clkx/rd_pntr_cdc_inst/src_gray_ff_reg[7]/Q
                         net (fo=1, routed)           0.449     0.927    DATA_HANDLER/FIFO/U0/inst_fifo_gen/gconvfifo.rf/grf.rf/gntv_or_sync_fifo.gcx.clkx/rd_pntr_cdc_inst/async_path[7]
    SLICE_X35Y2          FDRE                                         r  DATA_HANDLER/FIFO/U0/inst_fifo_gen/gconvfifo.rf/grf.rf/gntv_or_sync_fifo.gcx.clkx/rd_pntr_cdc_inst/dest_graysync_ff_reg[0][7]/D
  -------------------------------------------------------------------    -------------------

                         max delay                   10.000    10.000    
    SLICE_X35Y2          FDRE (Setup_fdre_C_D)       -0.263     9.737    DATA_HANDLER/FIFO/U0/inst_fifo_gen/gconvfifo.rf/grf.rf/gntv_or_sync_fifo.gcx.clkx/rd_pntr_cdc_inst/dest_graysync_ff_reg[0][7]
  -------------------------------------------------------------------
                         required time                          9.737    
                         arrival time                          -0.927    
  -------------------------------------------------------------------
                         slack                                  8.810    

Slack (MET) :             8.828ns  (required time - arrival time)
  Source:                 DATA_HANDLER/FIFO/U0/inst_fifo_gen/gconvfifo.rf/grf.rf/gntv_or_sync_fifo.gcx.clkx/rd_pntr_cdc_inst/src_gray_ff_reg[9]/C
                            (rising edge-triggered cell FDRE clocked by sys_clk_pin  {rise@0.000ns fall@5.000ns period=10.000ns})
  Destination:            DATA_HANDLER/FIFO/U0/inst_fifo_gen/gconvfifo.rf/grf.rf/gntv_or_sync_fifo.gcx.clkx/rd_pntr_cdc_inst/dest_graysync_ff_reg[0][9]/D
  Path Group:             **default**
  Path Type:              Setup (Max at Slow Process Corner)
  Requirement:            10.000ns  (MaxDelay Path 10.000ns)
  Data Path Delay:        0.907ns  (logic 0.419ns (46.203%)  route 0.488ns (53.797%))
  Logic Levels:           0  
  Timing Exception:       MaxDelay Path 10.000ns -datapath_only

    Location             Delay type                Incr(ns)  Path(ns)    Netlist Resource(s)
  -------------------------------------------------------------------    -------------------
    SLICE_X32Y6                                       0.000     0.000 r  DATA_HANDLER/FIFO/U0/inst_fifo_gen/gconvfifo.rf/grf.rf/gntv_or_sync_fifo.gcx.clkx/rd_pntr_cdc_inst/src_gray_ff_reg[9]/C
    SLICE_X32Y6          FDRE (Prop_fdre_C_Q)         0.419     0.419 r  DATA_HANDLER/FIFO/U0/inst_fifo_gen/gconvfifo.rf/grf.rf/gntv_or_sync_fifo.gcx.clkx/rd_pntr_cdc_inst/src_gray_ff_reg[9]/Q
                         net (fo=1, routed)           0.488     0.907    DATA_HANDLER/FIFO/U0/inst_fifo_gen/gconvfifo.rf/grf.rf/gntv_or_sync_fifo.gcx.clkx/rd_pntr_cdc_inst/async_path[9]
    SLICE_X33Y6          FDRE                                         r  DATA_HANDLER/FIFO/U0/inst_fifo_gen/gconvfifo.rf/grf.rf/gntv_or_sync_fifo.gcx.clkx/rd_pntr_cdc_inst/dest_graysync_ff_reg[0][9]/D
  -------------------------------------------------------------------    -------------------

                         max delay                   10.000    10.000    
    SLICE_X33Y6          FDRE (Setup_fdre_C_D)       -0.265     9.735    DATA_HANDLER/FIFO/U0/inst_fifo_gen/gconvfifo.rf/grf.rf/gntv_or_sync_fifo.gcx.clkx/rd_pntr_cdc_inst/dest_graysync_ff_reg[0][9]
  -------------------------------------------------------------------
                         required time                          9.735    
                         arrival time                          -0.907    
  -------------------------------------------------------------------
                         slack                                  8.828    

Slack (MET) :             8.847ns  (required time - arrival time)
  Source:                 DATA_HANDLER/FIFO/U0/inst_fifo_gen/gconvfifo.rf/grf.rf/gntv_or_sync_fifo.gcx.clkx/rd_pntr_cdc_inst/src_gray_ff_reg[0]/C
                            (rising edge-triggered cell FDRE clocked by sys_clk_pin  {rise@0.000ns fall@5.000ns period=10.000ns})
  Destination:            DATA_HANDLER/FIFO/U0/inst_fifo_gen/gconvfifo.rf/grf.rf/gntv_or_sync_fifo.gcx.clkx/rd_pntr_cdc_inst/dest_graysync_ff_reg[0][0]/D
  Path Group:             **default**
  Path Type:              Setup (Max at Slow Process Corner)
  Requirement:            10.000ns  (MaxDelay Path 10.000ns)
  Data Path Delay:        1.058ns  (logic 0.456ns (43.081%)  route 0.602ns (56.919%))
  Logic Levels:           0  
  Timing Exception:       MaxDelay Path 10.000ns -datapath_only

    Location             Delay type                Incr(ns)  Path(ns)    Netlist Resource(s)
  -------------------------------------------------------------------    -------------------
    SLICE_X33Y2                                       0.000     0.000 r  DATA_HANDLER/FIFO/U0/inst_fifo_gen/gconvfifo.rf/grf.rf/gntv_or_sync_fifo.gcx.clkx/rd_pntr_cdc_inst/src_gray_ff_reg[0]/C
    SLICE_X33Y2          FDRE (Prop_fdre_C_Q)         0.456     0.456 r  DATA_HANDLER/FIFO/U0/inst_fifo_gen/gconvfifo.rf/grf.rf/gntv_or_sync_fifo.gcx.clkx/rd_pntr_cdc_inst/src_gray_ff_reg[0]/Q
                         net (fo=1, routed)           0.602     1.058    DATA_HANDLER/FIFO/U0/inst_fifo_gen/gconvfifo.rf/grf.rf/gntv_or_sync_fifo.gcx.clkx/rd_pntr_cdc_inst/async_path[0]
    SLICE_X37Y2          FDRE                                         r  DATA_HANDLER/FIFO/U0/inst_fifo_gen/gconvfifo.rf/grf.rf/gntv_or_sync_fifo.gcx.clkx/rd_pntr_cdc_inst/dest_graysync_ff_reg[0][0]/D
  -------------------------------------------------------------------    -------------------

                         max delay                   10.000    10.000    
    SLICE_X37Y2          FDRE (Setup_fdre_C_D)       -0.095     9.905    DATA_HANDLER/FIFO/U0/inst_fifo_gen/gconvfifo.rf/grf.rf/gntv_or_sync_fifo.gcx.clkx/rd_pntr_cdc_inst/dest_graysync_ff_reg[0][0]
  -------------------------------------------------------------------
                         required time                          9.905    
                         arrival time                          -1.058    
  -------------------------------------------------------------------
                         slack                                  8.847    

Slack (MET) :             8.850ns  (required time - arrival time)
  Source:                 DATA_HANDLER/FIFO/U0/inst_fifo_gen/gconvfifo.rf/grf.rf/gntv_or_sync_fifo.gcx.clkx/rd_pntr_cdc_inst/src_gray_ff_reg[10]/C
                            (rising edge-triggered cell FDRE clocked by sys_clk_pin  {rise@0.000ns fall@5.000ns period=10.000ns})
  Destination:            DATA_HANDLER/FIFO/U0/inst_fifo_gen/gconvfifo.rf/grf.rf/gntv_or_sync_fifo.gcx.clkx/rd_pntr_cdc_inst/dest_graysync_ff_reg[0][10]/D
  Path Group:             **default**
  Path Type:              Setup (Max at Slow Process Corner)
  Requirement:            10.000ns  (MaxDelay Path 10.000ns)
  Data Path Delay:        1.055ns  (logic 0.456ns (43.203%)  route 0.599ns (56.797%))
  Logic Levels:           0  
  Timing Exception:       MaxDelay Path 10.000ns -datapath_only

    Location             Delay type                Incr(ns)  Path(ns)    Netlist Resource(s)
  -------------------------------------------------------------------    -------------------
    SLICE_X33Y3                                       0.000     0.000 r  DATA_HANDLER/FIFO/U0/inst_fifo_gen/gconvfifo.rf/grf.rf/gntv_or_sync_fifo.gcx.clkx/rd_pntr_cdc_inst/src_gray_ff_reg[10]/C
    SLICE_X33Y3          FDRE (Prop_fdre_C_Q)         0.456     0.456 r  DATA_HANDLER/FIFO/U0/inst_fifo_gen/gconvfifo.rf/grf.rf/gntv_or_sync_fifo.gcx.clkx/rd_pntr_cdc_inst/src_gray_ff_reg[10]/Q
                         net (fo=1, routed)           0.599     1.055    DATA_HANDLER/FIFO/U0/inst_fifo_gen/gconvfifo.rf/grf.rf/gntv_or_sync_fifo.gcx.clkx/rd_pntr_cdc_inst/async_path[10]
    SLICE_X36Y3          FDRE                                         r  DATA_HANDLER/FIFO/U0/inst_fifo_gen/gconvfifo.rf/grf.rf/gntv_or_sync_fifo.gcx.clkx/rd_pntr_cdc_inst/dest_graysync_ff_reg[0][10]/D
  -------------------------------------------------------------------    -------------------

                         max delay                   10.000    10.000    
    SLICE_X36Y3          FDRE (Setup_fdre_C_D)       -0.095     9.905    DATA_HANDLER/FIFO/U0/inst_fifo_gen/gconvfifo.rf/grf.rf/gntv_or_sync_fifo.gcx.clkx/rd_pntr_cdc_inst/dest_graysync_ff_reg[0][10]
  -------------------------------------------------------------------
                         required time                          9.905    
                         arrival time                          -1.055    
  -------------------------------------------------------------------
                         slack                                  8.850    

Slack (MET) :             8.864ns  (required time - arrival time)
  Source:                 DATA_HANDLER/FIFO/U0/inst_fifo_gen/gconvfifo.rf/grf.rf/gntv_or_sync_fifo.gcx.clkx/rd_pntr_cdc_inst/src_gray_ff_reg[5]/C
                            (rising edge-triggered cell FDRE clocked by sys_clk_pin  {rise@0.000ns fall@5.000ns period=10.000ns})
  Destination:            DATA_HANDLER/FIFO/U0/inst_fifo_gen/gconvfifo.rf/grf.rf/gntv_or_sync_fifo.gcx.clkx/rd_pntr_cdc_inst/dest_graysync_ff_reg[0][5]/D
  Path Group:             **default**
  Path Type:              Setup (Max at Slow Process Corner)
  Requirement:            10.000ns  (MaxDelay Path 10.000ns)
  Data Path Delay:        0.870ns  (logic 0.419ns (48.156%)  route 0.451ns (51.844%))
  Logic Levels:           0  
  Timing Exception:       MaxDelay Path 10.000ns -datapath_only

    Location             Delay type                Incr(ns)  Path(ns)    Netlist Resource(s)
  -------------------------------------------------------------------    -------------------
    SLICE_X33Y2                                       0.000     0.000 r  DATA_HANDLER/FIFO/U0/inst_fifo_gen/gconvfifo.rf/grf.rf/gntv_or_sync_fifo.gcx.clkx/rd_pntr_cdc_inst/src_gray_ff_reg[5]/C
    SLICE_X33Y2          FDRE (Prop_fdre_C_Q)         0.419     0.419 r  DATA_HANDLER/FIFO/U0/inst_fifo_gen/gconvfifo.rf/grf.rf/gntv_or_sync_fifo.gcx.clkx/rd_pntr_cdc_inst/src_gray_ff_reg[5]/Q
                         net (fo=1, routed)           0.451     0.870    DATA_HANDLER/FIFO/U0/inst_fifo_gen/gconvfifo.rf/grf.rf/gntv_or_sync_fifo.gcx.clkx/rd_pntr_cdc_inst/async_path[5]
    SLICE_X35Y2          FDRE                                         r  DATA_HANDLER/FIFO/U0/inst_fifo_gen/gconvfifo.rf/grf.rf/gntv_or_sync_fifo.gcx.clkx/rd_pntr_cdc_inst/dest_graysync_ff_reg[0][5]/D
  -------------------------------------------------------------------    -------------------

                         max delay                   10.000    10.000    
    SLICE_X35Y2          FDRE (Setup_fdre_C_D)       -0.266     9.734    DATA_HANDLER/FIFO/U0/inst_fifo_gen/gconvfifo.rf/grf.rf/gntv_or_sync_fifo.gcx.clkx/rd_pntr_cdc_inst/dest_graysync_ff_reg[0][5]
  -------------------------------------------------------------------
                         required time                          9.734    
                         arrival time                          -0.870    
  -------------------------------------------------------------------
                         slack                                  8.864    

Slack (MET) :             8.921ns  (required time - arrival time)
  Source:                 DATA_HANDLER/FIFO/U0/inst_fifo_gen/gconvfifo.rf/grf.rf/gntv_or_sync_fifo.gcx.clkx/rd_pntr_cdc_inst/src_gray_ff_reg[8]/C
                            (rising edge-triggered cell FDRE clocked by sys_clk_pin  {rise@0.000ns fall@5.000ns period=10.000ns})
  Destination:            DATA_HANDLER/FIFO/U0/inst_fifo_gen/gconvfifo.rf/grf.rf/gntv_or_sync_fifo.gcx.clkx/rd_pntr_cdc_inst/dest_graysync_ff_reg[0][8]/D
  Path Group:             **default**
  Path Type:              Setup (Max at Slow Process Corner)
  Requirement:            10.000ns  (MaxDelay Path 10.000ns)
  Data Path Delay:        0.986ns  (logic 0.456ns (46.224%)  route 0.530ns (53.776%))
  Logic Levels:           0  
  Timing Exception:       MaxDelay Path 10.000ns -datapath_only

    Location             Delay type                Incr(ns)  Path(ns)    Netlist Resource(s)
  -------------------------------------------------------------------    -------------------
    SLICE_X32Y6                                       0.000     0.000 r  DATA_HANDLER/FIFO/U0/inst_fifo_gen/gconvfifo.rf/grf.rf/gntv_or_sync_fifo.gcx.clkx/rd_pntr_cdc_inst/src_gray_ff_reg[8]/C
    SLICE_X32Y6          FDRE (Prop_fdre_C_Q)         0.456     0.456 r  DATA_HANDLER/FIFO/U0/inst_fifo_gen/gconvfifo.rf/grf.rf/gntv_or_sync_fifo.gcx.clkx/rd_pntr_cdc_inst/src_gray_ff_reg[8]/Q
                         net (fo=1, routed)           0.530     0.986    DATA_HANDLER/FIFO/U0/inst_fifo_gen/gconvfifo.rf/grf.rf/gntv_or_sync_fifo.gcx.clkx/rd_pntr_cdc_inst/async_path[8]
    SLICE_X33Y6          FDRE                                         r  DATA_HANDLER/FIFO/U0/inst_fifo_gen/gconvfifo.rf/grf.rf/gntv_or_sync_fifo.gcx.clkx/rd_pntr_cdc_inst/dest_graysync_ff_reg[0][8]/D
  -------------------------------------------------------------------    -------------------

                         max delay                   10.000    10.000    
    SLICE_X33Y6          FDRE (Setup_fdre_C_D)       -0.093     9.907    DATA_HANDLER/FIFO/U0/inst_fifo_gen/gconvfifo.rf/grf.rf/gntv_or_sync_fifo.gcx.clkx/rd_pntr_cdc_inst/dest_graysync_ff_reg[0][8]
  -------------------------------------------------------------------
                         required time                          9.907    
                         arrival time                          -0.986    
  -------------------------------------------------------------------
                         slack                                  8.921    

Slack (MET) :             8.959ns  (required time - arrival time)
  Source:                 DATA_HANDLER/FIFO/U0/inst_fifo_gen/gconvfifo.rf/grf.rf/gntv_or_sync_fifo.gcx.clkx/rd_pntr_cdc_inst/src_gray_ff_reg[2]/C
                            (rising edge-triggered cell FDRE clocked by sys_clk_pin  {rise@0.000ns fall@5.000ns period=10.000ns})
  Destination:            DATA_HANDLER/FIFO/U0/inst_fifo_gen/gconvfifo.rf/grf.rf/gntv_or_sync_fifo.gcx.clkx/rd_pntr_cdc_inst/dest_graysync_ff_reg[0][2]/D
  Path Group:             **default**
  Path Type:              Setup (Max at Slow Process Corner)
  Requirement:            10.000ns  (MaxDelay Path 10.000ns)
  Data Path Delay:        0.948ns  (logic 0.456ns (48.089%)  route 0.492ns (51.911%))
  Logic Levels:           0  
  Timing Exception:       MaxDelay Path 10.000ns -datapath_only

    Location             Delay type                Incr(ns)  Path(ns)    Netlist Resource(s)
  -------------------------------------------------------------------    -------------------
    SLICE_X33Y2                                       0.000     0.000 r  DATA_HANDLER/FIFO/U0/inst_fifo_gen/gconvfifo.rf/grf.rf/gntv_or_sync_fifo.gcx.clkx/rd_pntr_cdc_inst/src_gray_ff_reg[2]/C
    SLICE_X33Y2          FDRE (Prop_fdre_C_Q)         0.456     0.456 r  DATA_HANDLER/FIFO/U0/inst_fifo_gen/gconvfifo.rf/grf.rf/gntv_or_sync_fifo.gcx.clkx/rd_pntr_cdc_inst/src_gray_ff_reg[2]/Q
                         net (fo=1, routed)           0.492     0.948    DATA_HANDLER/FIFO/U0/inst_fifo_gen/gconvfifo.rf/grf.rf/gntv_or_sync_fifo.gcx.clkx/rd_pntr_cdc_inst/async_path[2]
    SLICE_X36Y2          FDRE                                         r  DATA_HANDLER/FIFO/U0/inst_fifo_gen/gconvfifo.rf/grf.rf/gntv_or_sync_fifo.gcx.clkx/rd_pntr_cdc_inst/dest_graysync_ff_reg[0][2]/D
  -------------------------------------------------------------------    -------------------

                         max delay                   10.000    10.000    
    SLICE_X36Y2          FDRE (Setup_fdre_C_D)       -0.093     9.907    DATA_HANDLER/FIFO/U0/inst_fifo_gen/gconvfifo.rf/grf.rf/gntv_or_sync_fifo.gcx.clkx/rd_pntr_cdc_inst/dest_graysync_ff_reg[0][2]
  -------------------------------------------------------------------
                         required time                          9.907    
                         arrival time                          -0.948    
  -------------------------------------------------------------------
                         slack                                  8.959    

Slack (MET) :             8.969ns  (required time - arrival time)
  Source:                 DATA_HANDLER/FIFO/U0/inst_fifo_gen/gconvfifo.rf/grf.rf/gntv_or_sync_fifo.gcx.clkx/rd_pntr_cdc_inst/src_gray_ff_reg[14]/C
                            (rising edge-triggered cell FDRE clocked by sys_clk_pin  {rise@0.000ns fall@5.000ns period=10.000ns})
  Destination:            DATA_HANDLER/FIFO/U0/inst_fifo_gen/gconvfifo.rf/grf.rf/gntv_or_sync_fifo.gcx.clkx/rd_pntr_cdc_inst/dest_graysync_ff_reg[0][14]/D
  Path Group:             **default**
  Path Type:              Setup (Max at Slow Process Corner)
  Requirement:            10.000ns  (MaxDelay Path 10.000ns)
  Data Path Delay:        0.938ns  (logic 0.456ns (48.598%)  route 0.482ns (51.402%))
  Logic Levels:           0  
  Timing Exception:       MaxDelay Path 10.000ns -datapath_only

    Location             Delay type                Incr(ns)  Path(ns)    Netlist Resource(s)
  -------------------------------------------------------------------    -------------------
    SLICE_X32Y6                                       0.000     0.000 r  DATA_HANDLER/FIFO/U0/inst_fifo_gen/gconvfifo.rf/grf.rf/gntv_or_sync_fifo.gcx.clkx/rd_pntr_cdc_inst/src_gray_ff_reg[14]/C
    SLICE_X32Y6          FDRE (Prop_fdre_C_Q)         0.456     0.456 r  DATA_HANDLER/FIFO/U0/inst_fifo_gen/gconvfifo.rf/grf.rf/gntv_or_sync_fifo.gcx.clkx/rd_pntr_cdc_inst/src_gray_ff_reg[14]/Q
                         net (fo=1, routed)           0.482     0.938    DATA_HANDLER/FIFO/U0/inst_fifo_gen/gconvfifo.rf/grf.rf/gntv_or_sync_fifo.gcx.clkx/rd_pntr_cdc_inst/async_path[14]
    SLICE_X33Y6          FDRE                                         r  DATA_HANDLER/FIFO/U0/inst_fifo_gen/gconvfifo.rf/grf.rf/gntv_or_sync_fifo.gcx.clkx/rd_pntr_cdc_inst/dest_graysync_ff_reg[0][14]/D
  -------------------------------------------------------------------    -------------------

                         max delay                   10.000    10.000    
    SLICE_X33Y6          FDRE (Setup_fdre_C_D)       -0.093     9.907    DATA_HANDLER/FIFO/U0/inst_fifo_gen/gconvfifo.rf/grf.rf/gntv_or_sync_fifo.gcx.clkx/rd_pntr_cdc_inst/dest_graysync_ff_reg[0][14]
  -------------------------------------------------------------------
                         required time                          9.907    
                         arrival time                          -0.938    
  -------------------------------------------------------------------
                         slack                                  8.969    

Slack (MET) :             8.999ns  (required time - arrival time)
  Source:                 DATA_HANDLER/FIFO/U0/inst_fifo_gen/gconvfifo.rf/grf.rf/gntv_or_sync_fifo.gcx.clkx/rd_pntr_cdc_inst/src_gray_ff_reg[16]/C
                            (rising edge-triggered cell FDRE clocked by sys_clk_pin  {rise@0.000ns fall@5.000ns period=10.000ns})
  Destination:            DATA_HANDLER/FIFO/U0/inst_fifo_gen/gconvfifo.rf/grf.rf/gntv_or_sync_fifo.gcx.clkx/rd_pntr_cdc_inst/dest_graysync_ff_reg[0][16]/D
  Path Group:             **default**
  Path Type:              Setup (Max at Slow Process Corner)
  Requirement:            10.000ns  (MaxDelay Path 10.000ns)
  Data Path Delay:        0.956ns  (logic 0.456ns (47.713%)  route 0.500ns (52.288%))
  Logic Levels:           0  
  Timing Exception:       MaxDelay Path 10.000ns -datapath_only

    Location             Delay type                Incr(ns)  Path(ns)    Netlist Resource(s)
  -------------------------------------------------------------------    -------------------
    SLICE_X33Y5                                       0.000     0.000 r  DATA_HANDLER/FIFO/U0/inst_fifo_gen/gconvfifo.rf/grf.rf/gntv_or_sync_fifo.gcx.clkx/rd_pntr_cdc_inst/src_gray_ff_reg[16]/C
    SLICE_X33Y5          FDRE (Prop_fdre_C_Q)         0.456     0.456 r  DATA_HANDLER/FIFO/U0/inst_fifo_gen/gconvfifo.rf/grf.rf/gntv_or_sync_fifo.gcx.clkx/rd_pntr_cdc_inst/src_gray_ff_reg[16]/Q
                         net (fo=1, routed)           0.500     0.956    DATA_HANDLER/FIFO/U0/inst_fifo_gen/gconvfifo.rf/grf.rf/gntv_or_sync_fifo.gcx.clkx/rd_pntr_cdc_inst/async_path[16]
    SLICE_X34Y6          FDRE                                         r  DATA_HANDLER/FIFO/U0/inst_fifo_gen/gconvfifo.rf/grf.rf/gntv_or_sync_fifo.gcx.clkx/rd_pntr_cdc_inst/dest_graysync_ff_reg[0][16]/D
  -------------------------------------------------------------------    -------------------

                         max delay                   10.000    10.000    
    SLICE_X34Y6          FDRE (Setup_fdre_C_D)       -0.045     9.955    DATA_HANDLER/FIFO/U0/inst_fifo_gen/gconvfifo.rf/grf.rf/gntv_or_sync_fifo.gcx.clkx/rd_pntr_cdc_inst/dest_graysync_ff_reg[0][16]
  -------------------------------------------------------------------
                         required time                          9.955    
                         arrival time                          -0.956    
  -------------------------------------------------------------------
                         slack                                  8.999    





--------------------------------------------------------------------------------------
Path Group:  (none)
From Clock:  sys_clk_pin
  To Clock:  

Max Delay             0 Endpoints
Min Delay            17 Endpoints
--------------------------------------------------------------------------------------


Min Delay Paths
--------------------------------------------------------------------------------------
Slack:                    inf
  Source:                 DATA_HANDLER/FIFO/U0/inst_fifo_gen/gconvfifo.rf/grf.rf/gntv_or_sync_fifo.gcx.clkx/rd_pntr_cdc_inst/src_gray_ff_reg[3]/C
                            (rising edge-triggered cell FDRE clocked by sys_clk_pin  {rise@0.000ns fall@5.000ns period=10.000ns})
  Destination:            DATA_HANDLER/FIFO/U0/inst_fifo_gen/gconvfifo.rf/grf.rf/gntv_or_sync_fifo.gcx.clkx/rd_pntr_cdc_inst/dest_graysync_ff_reg[0][3]/D
  Path Group:             (none)
  Path Type:              Min at Fast Process Corner
  Data Path Delay:        0.228ns  (logic 0.128ns (56.159%)  route 0.100ns (43.841%))
  Logic Levels:           0  
  Clock Uncertainty:      0.025ns  ((TSJ^2 + TIJ^2)^1/2 + DJ) / 2 + PE
    Total System Jitter     (TSJ):    0.050ns
    Total Input Jitter      (TIJ):    0.000ns
    Discrete Jitter          (DJ):    0.000ns
    Phase Error              (PE):    0.000ns
  Timing Exception:       False Path

    Location             Delay type                Incr(ns)  Path(ns)    Netlist Resource(s)
  -------------------------------------------------------------------    -------------------
                         (clock sys_clk_pin rise edge)
                                                      0.000     0.000 r  
    G4                                                0.000     0.000 r  clk (IN)
                         net (fo=0)                   0.000     0.000    clk
    G4                   IBUF (Prop_ibuf_I_O)         0.200     0.200 r  clk_IBUF_inst/O
                         net (fo=1, routed)           0.630     0.831    clk_IBUF
    BUFGCTRL_X0Y2        BUFG (Prop_bufg_I_O)         0.026     0.857 r  clk_IBUF_BUFG_inst/O
                         net (fo=900, routed)         0.594     1.450    DATA_HANDLER/FIFO/U0/inst_fifo_gen/gconvfifo.rf/grf.rf/gntv_or_sync_fifo.gcx.clkx/rd_pntr_cdc_inst/src_clk
    SLICE_X33Y2          FDRE                                         r  DATA_HANDLER/FIFO/U0/inst_fifo_gen/gconvfifo.rf/grf.rf/gntv_or_sync_fifo.gcx.clkx/rd_pntr_cdc_inst/src_gray_ff_reg[3]/C
  -------------------------------------------------------------------    -------------------
    SLICE_X33Y2          FDRE (Prop_fdre_C_Q)         0.128     1.578 r  DATA_HANDLER/FIFO/U0/inst_fifo_gen/gconvfifo.rf/grf.rf/gntv_or_sync_fifo.gcx.clkx/rd_pntr_cdc_inst/src_gray_ff_reg[3]/Q
                         net (fo=1, routed)           0.100     1.678    DATA_HANDLER/FIFO/U0/inst_fifo_gen/gconvfifo.rf/grf.rf/gntv_or_sync_fifo.gcx.clkx/rd_pntr_cdc_inst/async_path[3]
    SLICE_X35Y2          FDRE                                         r  DATA_HANDLER/FIFO/U0/inst_fifo_gen/gconvfifo.rf/grf.rf/gntv_or_sync_fifo.gcx.clkx/rd_pntr_cdc_inst/dest_graysync_ff_reg[0][3]/D
  -------------------------------------------------------------------    -------------------

Slack:                    inf
  Source:                 DATA_HANDLER/FIFO/U0/inst_fifo_gen/gconvfifo.rf/grf.rf/gntv_or_sync_fifo.gcx.clkx/rd_pntr_cdc_inst/src_gray_ff_reg[15]/C
                            (rising edge-triggered cell FDRE clocked by sys_clk_pin  {rise@0.000ns fall@5.000ns period=10.000ns})
  Destination:            DATA_HANDLER/FIFO/U0/inst_fifo_gen/gconvfifo.rf/grf.rf/gntv_or_sync_fifo.gcx.clkx/rd_pntr_cdc_inst/dest_graysync_ff_reg[0][15]/D
  Path Group:             (none)
  Path Type:              Min at Fast Process Corner
  Data Path Delay:        0.235ns  (logic 0.128ns (54.357%)  route 0.107ns (45.643%))
  Logic Levels:           0  
  Clock Uncertainty:      0.025ns  ((TSJ^2 + TIJ^2)^1/2 + DJ) / 2 + PE
    Total System Jitter     (TSJ):    0.050ns
    Total Input Jitter      (TIJ):    0.000ns
    Discrete Jitter          (DJ):    0.000ns
    Phase Error              (PE):    0.000ns
  Timing Exception:       False Path

    Location             Delay type                Incr(ns)  Path(ns)    Netlist Resource(s)
  -------------------------------------------------------------------    -------------------
                         (clock sys_clk_pin rise edge)
                                                      0.000     0.000 r  
    G4                                                0.000     0.000 r  clk (IN)
                         net (fo=0)                   0.000     0.000    clk
    G4                   IBUF (Prop_ibuf_I_O)         0.200     0.200 r  clk_IBUF_inst/O
                         net (fo=1, routed)           0.630     0.831    clk_IBUF
    BUFGCTRL_X0Y2        BUFG (Prop_bufg_I_O)         0.026     0.857 r  clk_IBUF_BUFG_inst/O
                         net (fo=900, routed)         0.593     1.449    DATA_HANDLER/FIFO/U0/inst_fifo_gen/gconvfifo.rf/grf.rf/gntv_or_sync_fifo.gcx.clkx/rd_pntr_cdc_inst/src_clk
    SLICE_X32Y6          FDRE                                         r  DATA_HANDLER/FIFO/U0/inst_fifo_gen/gconvfifo.rf/grf.rf/gntv_or_sync_fifo.gcx.clkx/rd_pntr_cdc_inst/src_gray_ff_reg[15]/C
  -------------------------------------------------------------------    -------------------
    SLICE_X32Y6          FDRE (Prop_fdre_C_Q)         0.128     1.577 r  DATA_HANDLER/FIFO/U0/inst_fifo_gen/gconvfifo.rf/grf.rf/gntv_or_sync_fifo.gcx.clkx/rd_pntr_cdc_inst/src_gray_ff_reg[15]/Q
                         net (fo=1, routed)           0.107     1.685    DATA_HANDLER/FIFO/U0/inst_fifo_gen/gconvfifo.rf/grf.rf/gntv_or_sync_fifo.gcx.clkx/rd_pntr_cdc_inst/async_path[15]
    SLICE_X34Y6          FDRE                                         r  DATA_HANDLER/FIFO/U0/inst_fifo_gen/gconvfifo.rf/grf.rf/gntv_or_sync_fifo.gcx.clkx/rd_pntr_cdc_inst/dest_graysync_ff_reg[0][15]/D
  -------------------------------------------------------------------    -------------------

Slack:                    inf
  Source:                 DATA_HANDLER/FIFO/U0/inst_fifo_gen/gconvfifo.rf/grf.rf/gntv_or_sync_fifo.gcx.clkx/rd_pntr_cdc_inst/src_gray_ff_reg[12]/C
                            (rising edge-triggered cell FDRE clocked by sys_clk_pin  {rise@0.000ns fall@5.000ns period=10.000ns})
  Destination:            DATA_HANDLER/FIFO/U0/inst_fifo_gen/gconvfifo.rf/grf.rf/gntv_or_sync_fifo.gcx.clkx/rd_pntr_cdc_inst/dest_graysync_ff_reg[0][12]/D
  Path Group:             (none)
  Path Type:              Min at Fast Process Corner
  Data Path Delay:        0.247ns  (logic 0.141ns (57.143%)  route 0.106ns (42.857%))
  Logic Levels:           0  
  Clock Uncertainty:      0.025ns  ((TSJ^2 + TIJ^2)^1/2 + DJ) / 2 + PE
    Total System Jitter     (TSJ):    0.050ns
    Total Input Jitter      (TIJ):    0.000ns
    Discrete Jitter          (DJ):    0.000ns
    Phase Error              (PE):    0.000ns
  Timing Exception:       False Path

    Location             Delay type                Incr(ns)  Path(ns)    Netlist Resource(s)
  -------------------------------------------------------------------    -------------------
                         (clock sys_clk_pin rise edge)
                                                      0.000     0.000 r  
    G4                                                0.000     0.000 r  clk (IN)
                         net (fo=0)                   0.000     0.000    clk
    G4                   IBUF (Prop_ibuf_I_O)         0.200     0.200 r  clk_IBUF_inst/O
                         net (fo=1, routed)           0.630     0.831    clk_IBUF
    BUFGCTRL_X0Y2        BUFG (Prop_bufg_I_O)         0.026     0.857 r  clk_IBUF_BUFG_inst/O
                         net (fo=900, routed)         0.593     1.449    DATA_HANDLER/FIFO/U0/inst_fifo_gen/gconvfifo.rf/grf.rf/gntv_or_sync_fifo.gcx.clkx/rd_pntr_cdc_inst/src_clk
    SLICE_X32Y6          FDRE                                         r  DATA_HANDLER/FIFO/U0/inst_fifo_gen/gconvfifo.rf/grf.rf/gntv_or_sync_fifo.gcx.clkx/rd_pntr_cdc_inst/src_gray_ff_reg[12]/C
  -------------------------------------------------------------------    -------------------
    SLICE_X32Y6          FDRE (Prop_fdre_C_Q)         0.141     1.590 r  DATA_HANDLER/FIFO/U0/inst_fifo_gen/gconvfifo.rf/grf.rf/gntv_or_sync_fifo.gcx.clkx/rd_pntr_cdc_inst/src_gray_ff_reg[12]/Q
                         net (fo=1, routed)           0.106     1.696    DATA_HANDLER/FIFO/U0/inst_fifo_gen/gconvfifo.rf/grf.rf/gntv_or_sync_fifo.gcx.clkx/rd_pntr_cdc_inst/async_path[12]
    SLICE_X34Y6          FDRE                                         r  DATA_HANDLER/FIFO/U0/inst_fifo_gen/gconvfifo.rf/grf.rf/gntv_or_sync_fifo.gcx.clkx/rd_pntr_cdc_inst/dest_graysync_ff_reg[0][12]/D
  -------------------------------------------------------------------    -------------------

Slack:                    inf
  Source:                 DATA_HANDLER/FIFO/U0/inst_fifo_gen/gconvfifo.rf/grf.rf/gntv_or_sync_fifo.gcx.clkx/rd_pntr_cdc_inst/src_gray_ff_reg[11]/C
                            (rising edge-triggered cell FDRE clocked by sys_clk_pin  {rise@0.000ns fall@5.000ns period=10.000ns})
  Destination:            DATA_HANDLER/FIFO/U0/inst_fifo_gen/gconvfifo.rf/grf.rf/gntv_or_sync_fifo.gcx.clkx/rd_pntr_cdc_inst/dest_graysync_ff_reg[0][11]/D
  Path Group:             (none)
  Path Type:              Min at Fast Process Corner
  Data Path Delay:        0.249ns  (logic 0.128ns (51.318%)  route 0.121ns (48.682%))
  Logic Levels:           0  
  Clock Uncertainty:      0.025ns  ((TSJ^2 + TIJ^2)^1/2 + DJ) / 2 + PE
    Total System Jitter     (TSJ):    0.050ns
    Total Input Jitter      (TIJ):    0.000ns
    Discrete Jitter          (DJ):    0.000ns
    Phase Error              (PE):    0.000ns
  Timing Exception:       False Path

    Location             Delay type                Incr(ns)  Path(ns)    Netlist Resource(s)
  -------------------------------------------------------------------    -------------------
                         (clock sys_clk_pin rise edge)
                                                      0.000     0.000 r  
    G4                                                0.000     0.000 r  clk (IN)
                         net (fo=0)                   0.000     0.000    clk
    G4                   IBUF (Prop_ibuf_I_O)         0.200     0.200 r  clk_IBUF_inst/O
                         net (fo=1, routed)           0.630     0.831    clk_IBUF
    BUFGCTRL_X0Y2        BUFG (Prop_bufg_I_O)         0.026     0.857 r  clk_IBUF_BUFG_inst/O
                         net (fo=900, routed)         0.593     1.449    DATA_HANDLER/FIFO/U0/inst_fifo_gen/gconvfifo.rf/grf.rf/gntv_or_sync_fifo.gcx.clkx/rd_pntr_cdc_inst/src_clk
    SLICE_X33Y3          FDRE                                         r  DATA_HANDLER/FIFO/U0/inst_fifo_gen/gconvfifo.rf/grf.rf/gntv_or_sync_fifo.gcx.clkx/rd_pntr_cdc_inst/src_gray_ff_reg[11]/C
  -------------------------------------------------------------------    -------------------
    SLICE_X33Y3          FDRE (Prop_fdre_C_Q)         0.128     1.577 r  DATA_HANDLER/FIFO/U0/inst_fifo_gen/gconvfifo.rf/grf.rf/gntv_or_sync_fifo.gcx.clkx/rd_pntr_cdc_inst/src_gray_ff_reg[11]/Q
                         net (fo=1, routed)           0.121     1.699    DATA_HANDLER/FIFO/U0/inst_fifo_gen/gconvfifo.rf/grf.rf/gntv_or_sync_fifo.gcx.clkx/rd_pntr_cdc_inst/async_path[11]
    SLICE_X36Y3          FDRE                                         r  DATA_HANDLER/FIFO/U0/inst_fifo_gen/gconvfifo.rf/grf.rf/gntv_or_sync_fifo.gcx.clkx/rd_pntr_cdc_inst/dest_graysync_ff_reg[0][11]/D
  -------------------------------------------------------------------    -------------------

Slack:                    inf
  Source:                 DATA_HANDLER/FIFO/U0/inst_fifo_gen/gconvfifo.rf/grf.rf/gntv_or_sync_fifo.gcx.clkx/rd_pntr_cdc_inst/src_gray_ff_reg[1]/C
                            (rising edge-triggered cell FDRE clocked by sys_clk_pin  {rise@0.000ns fall@5.000ns period=10.000ns})
  Destination:            DATA_HANDLER/FIFO/U0/inst_fifo_gen/gconvfifo.rf/grf.rf/gntv_or_sync_fifo.gcx.clkx/rd_pntr_cdc_inst/dest_graysync_ff_reg[0][1]/D
  Path Group:             (none)
  Path Type:              Min at Fast Process Corner
  Data Path Delay:        0.250ns  (logic 0.128ns (51.113%)  route 0.122ns (48.887%))
  Logic Levels:           0  
  Clock Uncertainty:      0.025ns  ((TSJ^2 + TIJ^2)^1/2 + DJ) / 2 + PE
    Total System Jitter     (TSJ):    0.050ns
    Total Input Jitter      (TIJ):    0.000ns
    Discrete Jitter          (DJ):    0.000ns
    Phase Error              (PE):    0.000ns
  Timing Exception:       False Path

    Location             Delay type                Incr(ns)  Path(ns)    Netlist Resource(s)
  -------------------------------------------------------------------    -------------------
                         (clock sys_clk_pin rise edge)
                                                      0.000     0.000 r  
    G4                                                0.000     0.000 r  clk (IN)
                         net (fo=0)                   0.000     0.000    clk
    G4                   IBUF (Prop_ibuf_I_O)         0.200     0.200 r  clk_IBUF_inst/O
                         net (fo=1, routed)           0.630     0.831    clk_IBUF
    BUFGCTRL_X0Y2        BUFG (Prop_bufg_I_O)         0.026     0.857 r  clk_IBUF_BUFG_inst/O
                         net (fo=900, routed)         0.594     1.450    DATA_HANDLER/FIFO/U0/inst_fifo_gen/gconvfifo.rf/grf.rf/gntv_or_sync_fifo.gcx.clkx/rd_pntr_cdc_inst/src_clk
    SLICE_X33Y2          FDRE                                         r  DATA_HANDLER/FIFO/U0/inst_fifo_gen/gconvfifo.rf/grf.rf/gntv_or_sync_fifo.gcx.clkx/rd_pntr_cdc_inst/src_gray_ff_reg[1]/C
  -------------------------------------------------------------------    -------------------
    SLICE_X33Y2          FDRE (Prop_fdre_C_Q)         0.128     1.578 r  DATA_HANDLER/FIFO/U0/inst_fifo_gen/gconvfifo.rf/grf.rf/gntv_or_sync_fifo.gcx.clkx/rd_pntr_cdc_inst/src_gray_ff_reg[1]/Q
                         net (fo=1, routed)           0.122     1.701    DATA_HANDLER/FIFO/U0/inst_fifo_gen/gconvfifo.rf/grf.rf/gntv_or_sync_fifo.gcx.clkx/rd_pntr_cdc_inst/async_path[1]
    SLICE_X36Y2          FDRE                                         r  DATA_HANDLER/FIFO/U0/inst_fifo_gen/gconvfifo.rf/grf.rf/gntv_or_sync_fifo.gcx.clkx/rd_pntr_cdc_inst/dest_graysync_ff_reg[0][1]/D
  -------------------------------------------------------------------    -------------------

Slack:                    inf
  Source:                 DATA_HANDLER/FIFO/U0/inst_fifo_gen/gconvfifo.rf/grf.rf/gntv_or_sync_fifo.gcx.clkx/rd_pntr_cdc_inst/src_gray_ff_reg[6]/C
                            (rising edge-triggered cell FDRE clocked by sys_clk_pin  {rise@0.000ns fall@5.000ns period=10.000ns})
  Destination:            DATA_HANDLER/FIFO/U0/inst_fifo_gen/gconvfifo.rf/grf.rf/gntv_or_sync_fifo.gcx.clkx/rd_pntr_cdc_inst/dest_graysync_ff_reg[0][6]/D
  Path Group:             (none)
  Path Type:              Min at Fast Process Corner
  Data Path Delay:        0.283ns  (logic 0.164ns (57.919%)  route 0.119ns (42.081%))
  Logic Levels:           0  
  Clock Uncertainty:      0.025ns  ((TSJ^2 + TIJ^2)^1/2 + DJ) / 2 + PE
    Total System Jitter     (TSJ):    0.050ns
    Total Input Jitter      (TIJ):    0.000ns
    Discrete Jitter          (DJ):    0.000ns
    Phase Error              (PE):    0.000ns
  Timing Exception:       False Path

    Location             Delay type                Incr(ns)  Path(ns)    Netlist Resource(s)
  -------------------------------------------------------------------    -------------------
                         (clock sys_clk_pin rise edge)
                                                      0.000     0.000 r  
    G4                                                0.000     0.000 r  clk (IN)
                         net (fo=0)                   0.000     0.000    clk
    G4                   IBUF (Prop_ibuf_I_O)         0.200     0.200 r  clk_IBUF_inst/O
                         net (fo=1, routed)           0.630     0.831    clk_IBUF
    BUFGCTRL_X0Y2        BUFG (Prop_bufg_I_O)         0.026     0.857 r  clk_IBUF_BUFG_inst/O
                         net (fo=900, routed)         0.593     1.449    DATA_HANDLER/FIFO/U0/inst_fifo_gen/gconvfifo.rf/grf.rf/gntv_or_sync_fifo.gcx.clkx/rd_pntr_cdc_inst/src_clk
    SLICE_X34Y3          FDRE                                         r  DATA_HANDLER/FIFO/U0/inst_fifo_gen/gconvfifo.rf/grf.rf/gntv_or_sync_fifo.gcx.clkx/rd_pntr_cdc_inst/src_gray_ff_reg[6]/C
  -------------------------------------------------------------------    -------------------
    SLICE_X34Y3          FDRE (Prop_fdre_C_Q)         0.164     1.613 r  DATA_HANDLER/FIFO/U0/inst_fifo_gen/gconvfifo.rf/grf.rf/gntv_or_sync_fifo.gcx.clkx/rd_pntr_cdc_inst/src_gray_ff_reg[6]/Q
                         net (fo=1, routed)           0.119     1.732    DATA_HANDLER/FIFO/U0/inst_fifo_gen/gconvfifo.rf/grf.rf/gntv_or_sync_fifo.gcx.clkx/rd_pntr_cdc_inst/async_path[6]
    SLICE_X36Y3          FDRE                                         r  DATA_HANDLER/FIFO/U0/inst_fifo_gen/gconvfifo.rf/grf.rf/gntv_or_sync_fifo.gcx.clkx/rd_pntr_cdc_inst/dest_graysync_ff_reg[0][6]/D
  -------------------------------------------------------------------    -------------------

Slack:                    inf
  Source:                 DATA_HANDLER/FIFO/U0/inst_fifo_gen/gconvfifo.rf/grf.rf/gntv_or_sync_fifo.gcx.clkx/rd_pntr_cdc_inst/src_gray_ff_reg[4]/C
                            (rising edge-triggered cell FDRE clocked by sys_clk_pin  {rise@0.000ns fall@5.000ns period=10.000ns})
  Destination:            DATA_HANDLER/FIFO/U0/inst_fifo_gen/gconvfifo.rf/grf.rf/gntv_or_sync_fifo.gcx.clkx/rd_pntr_cdc_inst/dest_graysync_ff_reg[0][4]/D
  Path Group:             (none)
  Path Type:              Min at Fast Process Corner
  Data Path Delay:        0.291ns  (logic 0.141ns (48.403%)  route 0.150ns (51.597%))
  Logic Levels:           0  
  Clock Uncertainty:      0.025ns  ((TSJ^2 + TIJ^2)^1/2 + DJ) / 2 + PE
    Total System Jitter     (TSJ):    0.050ns
    Total Input Jitter      (TIJ):    0.000ns
    Discrete Jitter          (DJ):    0.000ns
    Phase Error              (PE):    0.000ns
  Timing Exception:       False Path

    Location             Delay type                Incr(ns)  Path(ns)    Netlist Resource(s)
  -------------------------------------------------------------------    -------------------
                         (clock sys_clk_pin rise edge)
                                                      0.000     0.000 r  
    G4                                                0.000     0.000 r  clk (IN)
                         net (fo=0)                   0.000     0.000    clk
    G4                   IBUF (Prop_ibuf_I_O)         0.200     0.200 r  clk_IBUF_inst/O
                         net (fo=1, routed)           0.630     0.831    clk_IBUF
    BUFGCTRL_X0Y2        BUFG (Prop_bufg_I_O)         0.026     0.857 r  clk_IBUF_BUFG_inst/O
                         net (fo=900, routed)         0.594     1.450    DATA_HANDLER/FIFO/U0/inst_fifo_gen/gconvfifo.rf/grf.rf/gntv_or_sync_fifo.gcx.clkx/rd_pntr_cdc_inst/src_clk
    SLICE_X33Y2          FDRE                                         r  DATA_HANDLER/FIFO/U0/inst_fifo_gen/gconvfifo.rf/grf.rf/gntv_or_sync_fifo.gcx.clkx/rd_pntr_cdc_inst/src_gray_ff_reg[4]/C
  -------------------------------------------------------------------    -------------------
    SLICE_X33Y2          FDRE (Prop_fdre_C_Q)         0.141     1.591 r  DATA_HANDLER/FIFO/U0/inst_fifo_gen/gconvfifo.rf/grf.rf/gntv_or_sync_fifo.gcx.clkx/rd_pntr_cdc_inst/src_gray_ff_reg[4]/Q
                         net (fo=1, routed)           0.150     1.741    DATA_HANDLER/FIFO/U0/inst_fifo_gen/gconvfifo.rf/grf.rf/gntv_or_sync_fifo.gcx.clkx/rd_pntr_cdc_inst/async_path[4]
    SLICE_X35Y2          FDRE                                         r  DATA_HANDLER/FIFO/U0/inst_fifo_gen/gconvfifo.rf/grf.rf/gntv_or_sync_fifo.gcx.clkx/rd_pntr_cdc_inst/dest_graysync_ff_reg[0][4]/D
  -------------------------------------------------------------------    -------------------

Slack:                    inf
  Source:                 DATA_HANDLER/FIFO/U0/inst_fifo_gen/gconvfifo.rf/grf.rf/gntv_or_sync_fifo.gcx.clkx/rd_pntr_cdc_inst/src_gray_ff_reg[9]/C
                            (rising edge-triggered cell FDRE clocked by sys_clk_pin  {rise@0.000ns fall@5.000ns period=10.000ns})
  Destination:            DATA_HANDLER/FIFO/U0/inst_fifo_gen/gconvfifo.rf/grf.rf/gntv_or_sync_fifo.gcx.clkx/rd_pntr_cdc_inst/dest_graysync_ff_reg[0][9]/D
  Path Group:             (none)
  Path Type:              Min at Fast Process Corner
  Data Path Delay:        0.298ns  (logic 0.128ns (42.971%)  route 0.170ns (57.029%))
  Logic Levels:           0  
  Clock Uncertainty:      0.025ns  ((TSJ^2 + TIJ^2)^1/2 + DJ) / 2 + PE
    Total System Jitter     (TSJ):    0.050ns
    Total Input Jitter      (TIJ):    0.000ns
    Discrete Jitter          (DJ):    0.000ns
    Phase Error              (PE):    0.000ns
  Timing Exception:       False Path

    Location             Delay type                Incr(ns)  Path(ns)    Netlist Resource(s)
  -------------------------------------------------------------------    -------------------
                         (clock sys_clk_pin rise edge)
                                                      0.000     0.000 r  
    G4                                                0.000     0.000 r  clk (IN)
                         net (fo=0)                   0.000     0.000    clk
    G4                   IBUF (Prop_ibuf_I_O)         0.200     0.200 r  clk_IBUF_inst/O
                         net (fo=1, routed)           0.630     0.831    clk_IBUF
    BUFGCTRL_X0Y2        BUFG (Prop_bufg_I_O)         0.026     0.857 r  clk_IBUF_BUFG_inst/O
                         net (fo=900, routed)         0.593     1.449    DATA_HANDLER/FIFO/U0/inst_fifo_gen/gconvfifo.rf/grf.rf/gntv_or_sync_fifo.gcx.clkx/rd_pntr_cdc_inst/src_clk
    SLICE_X32Y6          FDRE                                         r  DATA_HANDLER/FIFO/U0/inst_fifo_gen/gconvfifo.rf/grf.rf/gntv_or_sync_fifo.gcx.clkx/rd_pntr_cdc_inst/src_gray_ff_reg[9]/C
  -------------------------------------------------------------------    -------------------
    SLICE_X32Y6          FDRE (Prop_fdre_C_Q)         0.128     1.577 r  DATA_HANDLER/FIFO/U0/inst_fifo_gen/gconvfifo.rf/grf.rf/gntv_or_sync_fifo.gcx.clkx/rd_pntr_cdc_inst/src_gray_ff_reg[9]/Q
                         net (fo=1, routed)           0.170     1.747    DATA_HANDLER/FIFO/U0/inst_fifo_gen/gconvfifo.rf/grf.rf/gntv_or_sync_fifo.gcx.clkx/rd_pntr_cdc_inst/async_path[9]
    SLICE_X33Y6          FDRE                                         r  DATA_HANDLER/FIFO/U0/inst_fifo_gen/gconvfifo.rf/grf.rf/gntv_or_sync_fifo.gcx.clkx/rd_pntr_cdc_inst/dest_graysync_ff_reg[0][9]/D
  -------------------------------------------------------------------    -------------------

Slack:                    inf
  Source:                 DATA_HANDLER/FIFO/U0/inst_fifo_gen/gconvfifo.rf/grf.rf/gntv_or_sync_fifo.gcx.clkx/rd_pntr_cdc_inst/src_gray_ff_reg[16]/C
                            (rising edge-triggered cell FDRE clocked by sys_clk_pin  {rise@0.000ns fall@5.000ns period=10.000ns})
  Destination:            DATA_HANDLER/FIFO/U0/inst_fifo_gen/gconvfifo.rf/grf.rf/gntv_or_sync_fifo.gcx.clkx/rd_pntr_cdc_inst/dest_graysync_ff_reg[0][16]/D
  Path Group:             (none)
  Path Type:              Min at Fast Process Corner
  Data Path Delay:        0.300ns  (logic 0.141ns (47.043%)  route 0.159ns (52.957%))
  Logic Levels:           0  
  Clock Uncertainty:      0.025ns  ((TSJ^2 + TIJ^2)^1/2 + DJ) / 2 + PE
    Total System Jitter     (TSJ):    0.050ns
    Total Input Jitter      (TIJ):    0.000ns
    Discrete Jitter          (DJ):    0.000ns
    Phase Error              (PE):    0.000ns
  Timing Exception:       False Path

    Location             Delay type                Incr(ns)  Path(ns)    Netlist Resource(s)
  -------------------------------------------------------------------    -------------------
                         (clock sys_clk_pin rise edge)
                                                      0.000     0.000 r  
    G4                                                0.000     0.000 r  clk (IN)
                         net (fo=0)                   0.000     0.000    clk
    G4                   IBUF (Prop_ibuf_I_O)         0.200     0.200 r  clk_IBUF_inst/O
                         net (fo=1, routed)           0.630     0.831    clk_IBUF
    BUFGCTRL_X0Y2        BUFG (Prop_bufg_I_O)         0.026     0.857 r  clk_IBUF_BUFG_inst/O
                         net (fo=900, routed)         0.593     1.449    DATA_HANDLER/FIFO/U0/inst_fifo_gen/gconvfifo.rf/grf.rf/gntv_or_sync_fifo.gcx.clkx/rd_pntr_cdc_inst/src_clk
    SLICE_X33Y5          FDRE                                         r  DATA_HANDLER/FIFO/U0/inst_fifo_gen/gconvfifo.rf/grf.rf/gntv_or_sync_fifo.gcx.clkx/rd_pntr_cdc_inst/src_gray_ff_reg[16]/C
  -------------------------------------------------------------------    -------------------
    SLICE_X33Y5          FDRE (Prop_fdre_C_Q)         0.141     1.590 r  DATA_HANDLER/FIFO/U0/inst_fifo_gen/gconvfifo.rf/grf.rf/gntv_or_sync_fifo.gcx.clkx/rd_pntr_cdc_inst/src_gray_ff_reg[16]/Q
                         net (fo=1, routed)           0.159     1.749    DATA_HANDLER/FIFO/U0/inst_fifo_gen/gconvfifo.rf/grf.rf/gntv_or_sync_fifo.gcx.clkx/rd_pntr_cdc_inst/async_path[16]
    SLICE_X34Y6          FDRE                                         r  DATA_HANDLER/FIFO/U0/inst_fifo_gen/gconvfifo.rf/grf.rf/gntv_or_sync_fifo.gcx.clkx/rd_pntr_cdc_inst/dest_graysync_ff_reg[0][16]/D
  -------------------------------------------------------------------    -------------------

Slack:                    inf
  Source:                 DATA_HANDLER/FIFO/U0/inst_fifo_gen/gconvfifo.rf/grf.rf/gntv_or_sync_fifo.gcx.clkx/rd_pntr_cdc_inst/src_gray_ff_reg[5]/C
                            (rising edge-triggered cell FDRE clocked by sys_clk_pin  {rise@0.000ns fall@5.000ns period=10.000ns})
  Destination:            DATA_HANDLER/FIFO/U0/inst_fifo_gen/gconvfifo.rf/grf.rf/gntv_or_sync_fifo.gcx.clkx/rd_pntr_cdc_inst/dest_graysync_ff_reg[0][5]/D
  Path Group:             (none)
  Path Type:              Min at Fast Process Corner
  Data Path Delay:        0.301ns  (logic 0.128ns (42.511%)  route 0.173ns (57.489%))
  Logic Levels:           0  
  Clock Uncertainty:      0.025ns  ((TSJ^2 + TIJ^2)^1/2 + DJ) / 2 + PE
    Total System Jitter     (TSJ):    0.050ns
    Total Input Jitter      (TIJ):    0.000ns
    Discrete Jitter          (DJ):    0.000ns
    Phase Error              (PE):    0.000ns
  Timing Exception:       False Path

    Location             Delay type                Incr(ns)  Path(ns)    Netlist Resource(s)
  -------------------------------------------------------------------    -------------------
                         (clock sys_clk_pin rise edge)
                                                      0.000     0.000 r  
    G4                                                0.000     0.000 r  clk (IN)
                         net (fo=0)                   0.000     0.000    clk
    G4                   IBUF (Prop_ibuf_I_O)         0.200     0.200 r  clk_IBUF_inst/O
                         net (fo=1, routed)           0.630     0.831    clk_IBUF
    BUFGCTRL_X0Y2        BUFG (Prop_bufg_I_O)         0.026     0.857 r  clk_IBUF_BUFG_inst/O
                         net (fo=900, routed)         0.594     1.450    DATA_HANDLER/FIFO/U0/inst_fifo_gen/gconvfifo.rf/grf.rf/gntv_or_sync_fifo.gcx.clkx/rd_pntr_cdc_inst/src_clk
    SLICE_X33Y2          FDRE                                         r  DATA_HANDLER/FIFO/U0/inst_fifo_gen/gconvfifo.rf/grf.rf/gntv_or_sync_fifo.gcx.clkx/rd_pntr_cdc_inst/src_gray_ff_reg[5]/C
  -------------------------------------------------------------------    -------------------
    SLICE_X33Y2          FDRE (Prop_fdre_C_Q)         0.128     1.578 r  DATA_HANDLER/FIFO/U0/inst_fifo_gen/gconvfifo.rf/grf.rf/gntv_or_sync_fifo.gcx.clkx/rd_pntr_cdc_inst/src_gray_ff_reg[5]/Q
                         net (fo=1, routed)           0.173     1.751    DATA_HANDLER/FIFO/U0/inst_fifo_gen/gconvfifo.rf/grf.rf/gntv_or_sync_fifo.gcx.clkx/rd_pntr_cdc_inst/async_path[5]
    SLICE_X35Y2          FDRE                                         r  DATA_HANDLER/FIFO/U0/inst_fifo_gen/gconvfifo.rf/grf.rf/gntv_or_sync_fifo.gcx.clkx/rd_pntr_cdc_inst/dest_graysync_ff_reg[0][5]/D
  -------------------------------------------------------------------    -------------------





--------------------------------------------------------------------------------------
Path Group:  (none)
From Clock:  
  To Clock:  sys_clk_pin

Max Delay             0 Endpoints
Min Delay            17 Endpoints
--------------------------------------------------------------------------------------


Min Delay Paths
--------------------------------------------------------------------------------------
Slack:                    inf
  Source:                 DATA_HANDLER/FIFO/U0/inst_fifo_gen/gconvfifo.rf/grf.rf/gntv_or_sync_fifo.gcx.clkx/wr_pntr_cdc_inst/src_gray_ff_reg[16]/C
                            (rising edge-triggered cell FDRE)
  Destination:            DATA_HANDLER/FIFO/U0/inst_fifo_gen/gconvfifo.rf/grf.rf/gntv_or_sync_fifo.gcx.clkx/wr_pntr_cdc_inst/dest_graysync_ff_reg[0][16]/D
                            (rising edge-triggered cell FDRE clocked by sys_clk_pin  {rise@0.000ns fall@5.000ns period=10.000ns})
  Path Group:             (none)
  Path Type:              Hold (Min at Fast Process Corner)
  Data Path Delay:        0.246ns  (logic 0.141ns (57.318%)  route 0.105ns (42.682%))
  Logic Levels:           1  (FDRE=1)
  Clock Uncertainty:      0.025ns  ((TSJ^2 + TIJ^2)^1/2 + DJ) / 2 + PE
    Total System Jitter     (TSJ):    0.050ns
    Total Input Jitter      (TIJ):    0.000ns
    Discrete Jitter          (DJ):    0.000ns
    Phase Error              (PE):    0.000ns
  Timing Exception:       False Path

    Location             Delay type                Incr(ns)  Path(ns)    Netlist Resource(s)
  -------------------------------------------------------------------    -------------------
    SLICE_X36Y4          FDRE                         0.000     0.000 r  DATA_HANDLER/FIFO/U0/inst_fifo_gen/gconvfifo.rf/grf.rf/gntv_or_sync_fifo.gcx.clkx/wr_pntr_cdc_inst/src_gray_ff_reg[16]/C
    SLICE_X36Y4          FDRE (Prop_fdre_C_Q)         0.141     0.141 r  DATA_HANDLER/FIFO/U0/inst_fifo_gen/gconvfifo.rf/grf.rf/gntv_or_sync_fifo.gcx.clkx/wr_pntr_cdc_inst/src_gray_ff_reg[16]/Q
                         net (fo=1, routed)           0.105     0.246    DATA_HANDLER/FIFO/U0/inst_fifo_gen/gconvfifo.rf/grf.rf/gntv_or_sync_fifo.gcx.clkx/wr_pntr_cdc_inst/async_path[16]
    SLICE_X37Y3          FDRE                                         r  DATA_HANDLER/FIFO/U0/inst_fifo_gen/gconvfifo.rf/grf.rf/gntv_or_sync_fifo.gcx.clkx/wr_pntr_cdc_inst/dest_graysync_ff_reg[0][16]/D
  -------------------------------------------------------------------    -------------------

                         (clock sys_clk_pin rise edge)
                                                      0.000     0.000 r  
    G4                                                0.000     0.000 r  clk (IN)
                         net (fo=0)                   0.000     0.000    clk
    G4                   IBUF (Prop_ibuf_I_O)         0.388     0.388 r  clk_IBUF_inst/O
                         net (fo=1, routed)           0.684     1.072    clk_IBUF
    BUFGCTRL_X0Y2        BUFG (Prop_bufg_I_O)         0.029     1.101 r  clk_IBUF_BUFG_inst/O
                         net (fo=900, routed)         0.864     1.964    DATA_HANDLER/FIFO/U0/inst_fifo_gen/gconvfifo.rf/grf.rf/gntv_or_sync_fifo.gcx.clkx/wr_pntr_cdc_inst/dest_clk
    SLICE_X37Y3          FDRE                                         r  DATA_HANDLER/FIFO/U0/inst_fifo_gen/gconvfifo.rf/grf.rf/gntv_or_sync_fifo.gcx.clkx/wr_pntr_cdc_inst/dest_graysync_ff_reg[0][16]/C

Slack:                    inf
  Source:                 DATA_HANDLER/FIFO/U0/inst_fifo_gen/gconvfifo.rf/grf.rf/gntv_or_sync_fifo.gcx.clkx/wr_pntr_cdc_inst/src_gray_ff_reg[14]/C
                            (rising edge-triggered cell FDRE)
  Destination:            DATA_HANDLER/FIFO/U0/inst_fifo_gen/gconvfifo.rf/grf.rf/gntv_or_sync_fifo.gcx.clkx/wr_pntr_cdc_inst/dest_graysync_ff_reg[0][14]/D
                            (rising edge-triggered cell FDRE clocked by sys_clk_pin  {rise@0.000ns fall@5.000ns period=10.000ns})
  Path Group:             (none)
  Path Type:              Hold (Min at Fast Process Corner)
  Data Path Delay:        0.295ns  (logic 0.141ns (47.793%)  route 0.154ns (52.207%))
  Logic Levels:           1  (FDRE=1)
  Clock Uncertainty:      0.025ns  ((TSJ^2 + TIJ^2)^1/2 + DJ) / 2 + PE
    Total System Jitter     (TSJ):    0.050ns
    Total Input Jitter      (TIJ):    0.000ns
    Discrete Jitter          (DJ):    0.000ns
    Phase Error              (PE):    0.000ns
  Timing Exception:       False Path

    Location             Delay type                Incr(ns)  Path(ns)    Netlist Resource(s)
  -------------------------------------------------------------------    -------------------
    SLICE_X33Y4          FDRE                         0.000     0.000 r  DATA_HANDLER/FIFO/U0/inst_fifo_gen/gconvfifo.rf/grf.rf/gntv_or_sync_fifo.gcx.clkx/wr_pntr_cdc_inst/src_gray_ff_reg[14]/C
    SLICE_X33Y4          FDRE (Prop_fdre_C_Q)         0.141     0.141 r  DATA_HANDLER/FIFO/U0/inst_fifo_gen/gconvfifo.rf/grf.rf/gntv_or_sync_fifo.gcx.clkx/wr_pntr_cdc_inst/src_gray_ff_reg[14]/Q
                         net (fo=1, routed)           0.154     0.295    DATA_HANDLER/FIFO/U0/inst_fifo_gen/gconvfifo.rf/grf.rf/gntv_or_sync_fifo.gcx.clkx/wr_pntr_cdc_inst/async_path[14]
    SLICE_X37Y3          FDRE                                         r  DATA_HANDLER/FIFO/U0/inst_fifo_gen/gconvfifo.rf/grf.rf/gntv_or_sync_fifo.gcx.clkx/wr_pntr_cdc_inst/dest_graysync_ff_reg[0][14]/D
  -------------------------------------------------------------------    -------------------

                         (clock sys_clk_pin rise edge)
                                                      0.000     0.000 r  
    G4                                                0.000     0.000 r  clk (IN)
                         net (fo=0)                   0.000     0.000    clk
    G4                   IBUF (Prop_ibuf_I_O)         0.388     0.388 r  clk_IBUF_inst/O
                         net (fo=1, routed)           0.684     1.072    clk_IBUF
    BUFGCTRL_X0Y2        BUFG (Prop_bufg_I_O)         0.029     1.101 r  clk_IBUF_BUFG_inst/O
                         net (fo=900, routed)         0.864     1.964    DATA_HANDLER/FIFO/U0/inst_fifo_gen/gconvfifo.rf/grf.rf/gntv_or_sync_fifo.gcx.clkx/wr_pntr_cdc_inst/dest_clk
    SLICE_X37Y3          FDRE                                         r  DATA_HANDLER/FIFO/U0/inst_fifo_gen/gconvfifo.rf/grf.rf/gntv_or_sync_fifo.gcx.clkx/wr_pntr_cdc_inst/dest_graysync_ff_reg[0][14]/C

Slack:                    inf
  Source:                 DATA_HANDLER/FIFO/U0/inst_fifo_gen/gconvfifo.rf/grf.rf/gntv_or_sync_fifo.gcx.clkx/wr_pntr_cdc_inst/src_gray_ff_reg[15]/C
                            (rising edge-triggered cell FDRE)
  Destination:            DATA_HANDLER/FIFO/U0/inst_fifo_gen/gconvfifo.rf/grf.rf/gntv_or_sync_fifo.gcx.clkx/wr_pntr_cdc_inst/dest_graysync_ff_reg[0][15]/D
                            (rising edge-triggered cell FDRE clocked by sys_clk_pin  {rise@0.000ns fall@5.000ns period=10.000ns})
  Path Group:             (none)
  Path Type:              Hold (Min at Fast Process Corner)
  Data Path Delay:        0.297ns  (logic 0.128ns (43.063%)  route 0.169ns (56.937%))
  Logic Levels:           1  (FDRE=1)
  Clock Uncertainty:      0.025ns  ((TSJ^2 + TIJ^2)^1/2 + DJ) / 2 + PE
    Total System Jitter     (TSJ):    0.050ns
    Total Input Jitter      (TIJ):    0.000ns
    Discrete Jitter          (DJ):    0.000ns
    Phase Error              (PE):    0.000ns
  Timing Exception:       False Path

    Location             Delay type                Incr(ns)  Path(ns)    Netlist Resource(s)
  -------------------------------------------------------------------    -------------------
    SLICE_X33Y4          FDRE                         0.000     0.000 r  DATA_HANDLER/FIFO/U0/inst_fifo_gen/gconvfifo.rf/grf.rf/gntv_or_sync_fifo.gcx.clkx/wr_pntr_cdc_inst/src_gray_ff_reg[15]/C
    SLICE_X33Y4          FDRE (Prop_fdre_C_Q)         0.128     0.128 r  DATA_HANDLER/FIFO/U0/inst_fifo_gen/gconvfifo.rf/grf.rf/gntv_or_sync_fifo.gcx.clkx/wr_pntr_cdc_inst/src_gray_ff_reg[15]/Q
                         net (fo=1, routed)           0.169     0.297    DATA_HANDLER/FIFO/U0/inst_fifo_gen/gconvfifo.rf/grf.rf/gntv_or_sync_fifo.gcx.clkx/wr_pntr_cdc_inst/async_path[15]
    SLICE_X33Y5          FDRE                                         r  DATA_HANDLER/FIFO/U0/inst_fifo_gen/gconvfifo.rf/grf.rf/gntv_or_sync_fifo.gcx.clkx/wr_pntr_cdc_inst/dest_graysync_ff_reg[0][15]/D
  -------------------------------------------------------------------    -------------------

                         (clock sys_clk_pin rise edge)
                                                      0.000     0.000 r  
    G4                                                0.000     0.000 r  clk (IN)
                         net (fo=0)                   0.000     0.000    clk
    G4                   IBUF (Prop_ibuf_I_O)         0.388     0.388 r  clk_IBUF_inst/O
                         net (fo=1, routed)           0.684     1.072    clk_IBUF
    BUFGCTRL_X0Y2        BUFG (Prop_bufg_I_O)         0.029     1.101 r  clk_IBUF_BUFG_inst/O
                         net (fo=900, routed)         0.863     1.963    DATA_HANDLER/FIFO/U0/inst_fifo_gen/gconvfifo.rf/grf.rf/gntv_or_sync_fifo.gcx.clkx/wr_pntr_cdc_inst/dest_clk
    SLICE_X33Y5          FDRE                                         r  DATA_HANDLER/FIFO/U0/inst_fifo_gen/gconvfifo.rf/grf.rf/gntv_or_sync_fifo.gcx.clkx/wr_pntr_cdc_inst/dest_graysync_ff_reg[0][15]/C

Slack:                    inf
  Source:                 DATA_HANDLER/FIFO/U0/inst_fifo_gen/gconvfifo.rf/grf.rf/gntv_or_sync_fifo.gcx.clkx/wr_pntr_cdc_inst/src_gray_ff_reg[13]/C
                            (rising edge-triggered cell FDRE)
  Destination:            DATA_HANDLER/FIFO/U0/inst_fifo_gen/gconvfifo.rf/grf.rf/gntv_or_sync_fifo.gcx.clkx/wr_pntr_cdc_inst/dest_graysync_ff_reg[0][13]/D
                            (rising edge-triggered cell FDRE clocked by sys_clk_pin  {rise@0.000ns fall@5.000ns period=10.000ns})
  Path Group:             (none)
  Path Type:              Hold (Min at Fast Process Corner)
  Data Path Delay:        0.299ns  (logic 0.128ns (42.818%)  route 0.171ns (57.182%))
  Logic Levels:           1  (FDRE=1)
  Clock Uncertainty:      0.025ns  ((TSJ^2 + TIJ^2)^1/2 + DJ) / 2 + PE
    Total System Jitter     (TSJ):    0.050ns
    Total Input Jitter      (TIJ):    0.000ns
    Discrete Jitter          (DJ):    0.000ns
    Phase Error              (PE):    0.000ns
  Timing Exception:       False Path

    Location             Delay type                Incr(ns)  Path(ns)    Netlist Resource(s)
  -------------------------------------------------------------------    -------------------
    SLICE_X33Y4          FDRE                         0.000     0.000 r  DATA_HANDLER/FIFO/U0/inst_fifo_gen/gconvfifo.rf/grf.rf/gntv_or_sync_fifo.gcx.clkx/wr_pntr_cdc_inst/src_gray_ff_reg[13]/C
    SLICE_X33Y4          FDRE (Prop_fdre_C_Q)         0.128     0.128 r  DATA_HANDLER/FIFO/U0/inst_fifo_gen/gconvfifo.rf/grf.rf/gntv_or_sync_fifo.gcx.clkx/wr_pntr_cdc_inst/src_gray_ff_reg[13]/Q
                         net (fo=1, routed)           0.171     0.299    DATA_HANDLER/FIFO/U0/inst_fifo_gen/gconvfifo.rf/grf.rf/gntv_or_sync_fifo.gcx.clkx/wr_pntr_cdc_inst/async_path[13]
    SLICE_X33Y5          FDRE                                         r  DATA_HANDLER/FIFO/U0/inst_fifo_gen/gconvfifo.rf/grf.rf/gntv_or_sync_fifo.gcx.clkx/wr_pntr_cdc_inst/dest_graysync_ff_reg[0][13]/D
  -------------------------------------------------------------------    -------------------

                         (clock sys_clk_pin rise edge)
                                                      0.000     0.000 r  
    G4                                                0.000     0.000 r  clk (IN)
                         net (fo=0)                   0.000     0.000    clk
    G4                   IBUF (Prop_ibuf_I_O)         0.388     0.388 r  clk_IBUF_inst/O
                         net (fo=1, routed)           0.684     1.072    clk_IBUF
    BUFGCTRL_X0Y2        BUFG (Prop_bufg_I_O)         0.029     1.101 r  clk_IBUF_BUFG_inst/O
                         net (fo=900, routed)         0.863     1.963    DATA_HANDLER/FIFO/U0/inst_fifo_gen/gconvfifo.rf/grf.rf/gntv_or_sync_fifo.gcx.clkx/wr_pntr_cdc_inst/dest_clk
    SLICE_X33Y5          FDRE                                         r  DATA_HANDLER/FIFO/U0/inst_fifo_gen/gconvfifo.rf/grf.rf/gntv_or_sync_fifo.gcx.clkx/wr_pntr_cdc_inst/dest_graysync_ff_reg[0][13]/C

Slack:                    inf
  Source:                 DATA_HANDLER/FIFO/U0/inst_fifo_gen/gconvfifo.rf/grf.rf/gntv_or_sync_fifo.gcx.clkx/wr_pntr_cdc_inst/src_gray_ff_reg[12]/C
                            (rising edge-triggered cell FDRE)
  Destination:            DATA_HANDLER/FIFO/U0/inst_fifo_gen/gconvfifo.rf/grf.rf/gntv_or_sync_fifo.gcx.clkx/wr_pntr_cdc_inst/dest_graysync_ff_reg[0][12]/D
                            (rising edge-triggered cell FDRE clocked by sys_clk_pin  {rise@0.000ns fall@5.000ns period=10.000ns})
  Path Group:             (none)
  Path Type:              Hold (Min at Fast Process Corner)
  Data Path Delay:        0.302ns  (logic 0.141ns (46.681%)  route 0.161ns (53.319%))
  Logic Levels:           1  (FDRE=1)
  Clock Uncertainty:      0.025ns  ((TSJ^2 + TIJ^2)^1/2 + DJ) / 2 + PE
    Total System Jitter     (TSJ):    0.050ns
    Total Input Jitter      (TIJ):    0.000ns
    Discrete Jitter          (DJ):    0.000ns
    Phase Error              (PE):    0.000ns
  Timing Exception:       False Path

    Location             Delay type                Incr(ns)  Path(ns)    Netlist Resource(s)
  -------------------------------------------------------------------    -------------------
    SLICE_X33Y4          FDRE                         0.000     0.000 r  DATA_HANDLER/FIFO/U0/inst_fifo_gen/gconvfifo.rf/grf.rf/gntv_or_sync_fifo.gcx.clkx/wr_pntr_cdc_inst/src_gray_ff_reg[12]/C
    SLICE_X33Y4          FDRE (Prop_fdre_C_Q)         0.141     0.141 r  DATA_HANDLER/FIFO/U0/inst_fifo_gen/gconvfifo.rf/grf.rf/gntv_or_sync_fifo.gcx.clkx/wr_pntr_cdc_inst/src_gray_ff_reg[12]/Q
                         net (fo=1, routed)           0.161     0.302    DATA_HANDLER/FIFO/U0/inst_fifo_gen/gconvfifo.rf/grf.rf/gntv_or_sync_fifo.gcx.clkx/wr_pntr_cdc_inst/async_path[12]
    SLICE_X33Y5          FDRE                                         r  DATA_HANDLER/FIFO/U0/inst_fifo_gen/gconvfifo.rf/grf.rf/gntv_or_sync_fifo.gcx.clkx/wr_pntr_cdc_inst/dest_graysync_ff_reg[0][12]/D
  -------------------------------------------------------------------    -------------------

                         (clock sys_clk_pin rise edge)
                                                      0.000     0.000 r  
    G4                                                0.000     0.000 r  clk (IN)
                         net (fo=0)                   0.000     0.000    clk
    G4                   IBUF (Prop_ibuf_I_O)         0.388     0.388 r  clk_IBUF_inst/O
                         net (fo=1, routed)           0.684     1.072    clk_IBUF
    BUFGCTRL_X0Y2        BUFG (Prop_bufg_I_O)         0.029     1.101 r  clk_IBUF_BUFG_inst/O
                         net (fo=900, routed)         0.863     1.963    DATA_HANDLER/FIFO/U0/inst_fifo_gen/gconvfifo.rf/grf.rf/gntv_or_sync_fifo.gcx.clkx/wr_pntr_cdc_inst/dest_clk
    SLICE_X33Y5          FDRE                                         r  DATA_HANDLER/FIFO/U0/inst_fifo_gen/gconvfifo.rf/grf.rf/gntv_or_sync_fifo.gcx.clkx/wr_pntr_cdc_inst/dest_graysync_ff_reg[0][12]/C

Slack:                    inf
  Source:                 DATA_HANDLER/FIFO/U0/inst_fifo_gen/gconvfifo.rf/grf.rf/gntv_or_sync_fifo.gcx.clkx/wr_pntr_cdc_inst/src_gray_ff_reg[4]/C
                            (rising edge-triggered cell FDRE)
  Destination:            DATA_HANDLER/FIFO/U0/inst_fifo_gen/gconvfifo.rf/grf.rf/gntv_or_sync_fifo.gcx.clkx/wr_pntr_cdc_inst/dest_graysync_ff_reg[0][4]/D
                            (rising edge-triggered cell FDRE clocked by sys_clk_pin  {rise@0.000ns fall@5.000ns period=10.000ns})
  Path Group:             (none)
  Path Type:              Hold (Min at Fast Process Corner)
  Data Path Delay:        0.305ns  (logic 0.141ns (46.183%)  route 0.164ns (53.817%))
  Logic Levels:           1  (FDRE=1)
  Clock Uncertainty:      0.025ns  ((TSJ^2 + TIJ^2)^1/2 + DJ) / 2 + PE
    Total System Jitter     (TSJ):    0.050ns
    Total Input Jitter      (TIJ):    0.000ns
    Discrete Jitter          (DJ):    0.000ns
    Phase Error              (PE):    0.000ns
  Timing Exception:       False Path

    Location             Delay type                Incr(ns)  Path(ns)    Netlist Resource(s)
  -------------------------------------------------------------------    -------------------
    SLICE_X33Y4          FDRE                         0.000     0.000 r  DATA_HANDLER/FIFO/U0/inst_fifo_gen/gconvfifo.rf/grf.rf/gntv_or_sync_fifo.gcx.clkx/wr_pntr_cdc_inst/src_gray_ff_reg[4]/C
    SLICE_X33Y4          FDRE (Prop_fdre_C_Q)         0.141     0.141 r  DATA_HANDLER/FIFO/U0/inst_fifo_gen/gconvfifo.rf/grf.rf/gntv_or_sync_fifo.gcx.clkx/wr_pntr_cdc_inst/src_gray_ff_reg[4]/Q
                         net (fo=1, routed)           0.164     0.305    DATA_HANDLER/FIFO/U0/inst_fifo_gen/gconvfifo.rf/grf.rf/gntv_or_sync_fifo.gcx.clkx/wr_pntr_cdc_inst/async_path[4]
    SLICE_X33Y1          FDRE                                         r  DATA_HANDLER/FIFO/U0/inst_fifo_gen/gconvfifo.rf/grf.rf/gntv_or_sync_fifo.gcx.clkx/wr_pntr_cdc_inst/dest_graysync_ff_reg[0][4]/D
  -------------------------------------------------------------------    -------------------

                         (clock sys_clk_pin rise edge)
                                                      0.000     0.000 r  
    G4                                                0.000     0.000 r  clk (IN)
                         net (fo=0)                   0.000     0.000    clk
    G4                   IBUF (Prop_ibuf_I_O)         0.388     0.388 r  clk_IBUF_inst/O
                         net (fo=1, routed)           0.684     1.072    clk_IBUF
    BUFGCTRL_X0Y2        BUFG (Prop_bufg_I_O)         0.029     1.101 r  clk_IBUF_BUFG_inst/O
                         net (fo=900, routed)         0.864     1.964    DATA_HANDLER/FIFO/U0/inst_fifo_gen/gconvfifo.rf/grf.rf/gntv_or_sync_fifo.gcx.clkx/wr_pntr_cdc_inst/dest_clk
    SLICE_X33Y1          FDRE                                         r  DATA_HANDLER/FIFO/U0/inst_fifo_gen/gconvfifo.rf/grf.rf/gntv_or_sync_fifo.gcx.clkx/wr_pntr_cdc_inst/dest_graysync_ff_reg[0][4]/C

Slack:                    inf
  Source:                 DATA_HANDLER/FIFO/U0/inst_fifo_gen/gconvfifo.rf/grf.rf/gntv_or_sync_fifo.gcx.clkx/wr_pntr_cdc_inst/src_gray_ff_reg[2]/C
                            (rising edge-triggered cell FDRE)
  Destination:            DATA_HANDLER/FIFO/U0/inst_fifo_gen/gconvfifo.rf/grf.rf/gntv_or_sync_fifo.gcx.clkx/wr_pntr_cdc_inst/dest_graysync_ff_reg[0][2]/D
                            (rising edge-triggered cell FDRE clocked by sys_clk_pin  {rise@0.000ns fall@5.000ns period=10.000ns})
  Path Group:             (none)
  Path Type:              Hold (Min at Fast Process Corner)
  Data Path Delay:        0.306ns  (logic 0.164ns (53.676%)  route 0.142ns (46.324%))
  Logic Levels:           1  (FDRE=1)
  Clock Uncertainty:      0.025ns  ((TSJ^2 + TIJ^2)^1/2 + DJ) / 2 + PE
    Total System Jitter     (TSJ):    0.050ns
    Total Input Jitter      (TIJ):    0.000ns
    Discrete Jitter          (DJ):    0.000ns
    Phase Error              (PE):    0.000ns
  Timing Exception:       False Path

    Location             Delay type                Incr(ns)  Path(ns)    Netlist Resource(s)
  -------------------------------------------------------------------    -------------------
    SLICE_X34Y4          FDRE                         0.000     0.000 r  DATA_HANDLER/FIFO/U0/inst_fifo_gen/gconvfifo.rf/grf.rf/gntv_or_sync_fifo.gcx.clkx/wr_pntr_cdc_inst/src_gray_ff_reg[2]/C
    SLICE_X34Y4          FDRE (Prop_fdre_C_Q)         0.164     0.164 r  DATA_HANDLER/FIFO/U0/inst_fifo_gen/gconvfifo.rf/grf.rf/gntv_or_sync_fifo.gcx.clkx/wr_pntr_cdc_inst/src_gray_ff_reg[2]/Q
                         net (fo=1, routed)           0.142     0.306    DATA_HANDLER/FIFO/U0/inst_fifo_gen/gconvfifo.rf/grf.rf/gntv_or_sync_fifo.gcx.clkx/wr_pntr_cdc_inst/async_path[2]
    SLICE_X34Y2          FDRE                                         r  DATA_HANDLER/FIFO/U0/inst_fifo_gen/gconvfifo.rf/grf.rf/gntv_or_sync_fifo.gcx.clkx/wr_pntr_cdc_inst/dest_graysync_ff_reg[0][2]/D
  -------------------------------------------------------------------    -------------------

                         (clock sys_clk_pin rise edge)
                                                      0.000     0.000 r  
    G4                                                0.000     0.000 r  clk (IN)
                         net (fo=0)                   0.000     0.000    clk
    G4                   IBUF (Prop_ibuf_I_O)         0.388     0.388 r  clk_IBUF_inst/O
                         net (fo=1, routed)           0.684     1.072    clk_IBUF
    BUFGCTRL_X0Y2        BUFG (Prop_bufg_I_O)         0.029     1.101 r  clk_IBUF_BUFG_inst/O
                         net (fo=900, routed)         0.864     1.964    DATA_HANDLER/FIFO/U0/inst_fifo_gen/gconvfifo.rf/grf.rf/gntv_or_sync_fifo.gcx.clkx/wr_pntr_cdc_inst/dest_clk
    SLICE_X34Y2          FDRE                                         r  DATA_HANDLER/FIFO/U0/inst_fifo_gen/gconvfifo.rf/grf.rf/gntv_or_sync_fifo.gcx.clkx/wr_pntr_cdc_inst/dest_graysync_ff_reg[0][2]/C

Slack:                    inf
  Source:                 DATA_HANDLER/FIFO/U0/inst_fifo_gen/gconvfifo.rf/grf.rf/gntv_or_sync_fifo.gcx.clkx/wr_pntr_cdc_inst/src_gray_ff_reg[1]/C
                            (rising edge-triggered cell FDRE)
  Destination:            DATA_HANDLER/FIFO/U0/inst_fifo_gen/gconvfifo.rf/grf.rf/gntv_or_sync_fifo.gcx.clkx/wr_pntr_cdc_inst/dest_graysync_ff_reg[0][1]/D
                            (rising edge-triggered cell FDRE clocked by sys_clk_pin  {rise@0.000ns fall@5.000ns period=10.000ns})
  Path Group:             (none)
  Path Type:              Hold (Min at Fast Process Corner)
  Data Path Delay:        0.315ns  (logic 0.148ns (46.911%)  route 0.167ns (53.089%))
  Logic Levels:           1  (FDRE=1)
  Clock Uncertainty:      0.025ns  ((TSJ^2 + TIJ^2)^1/2 + DJ) / 2 + PE
    Total System Jitter     (TSJ):    0.050ns
    Total Input Jitter      (TIJ):    0.000ns
    Discrete Jitter          (DJ):    0.000ns
    Phase Error              (PE):    0.000ns
  Timing Exception:       False Path

    Location             Delay type                Incr(ns)  Path(ns)    Netlist Resource(s)
  -------------------------------------------------------------------    -------------------
    SLICE_X34Y4          FDRE                         0.000     0.000 r  DATA_HANDLER/FIFO/U0/inst_fifo_gen/gconvfifo.rf/grf.rf/gntv_or_sync_fifo.gcx.clkx/wr_pntr_cdc_inst/src_gray_ff_reg[1]/C
    SLICE_X34Y4          FDRE (Prop_fdre_C_Q)         0.148     0.148 r  DATA_HANDLER/FIFO/U0/inst_fifo_gen/gconvfifo.rf/grf.rf/gntv_or_sync_fifo.gcx.clkx/wr_pntr_cdc_inst/src_gray_ff_reg[1]/Q
                         net (fo=1, routed)           0.167     0.315    DATA_HANDLER/FIFO/U0/inst_fifo_gen/gconvfifo.rf/grf.rf/gntv_or_sync_fifo.gcx.clkx/wr_pntr_cdc_inst/async_path[1]
    SLICE_X34Y2          FDRE                                         r  DATA_HANDLER/FIFO/U0/inst_fifo_gen/gconvfifo.rf/grf.rf/gntv_or_sync_fifo.gcx.clkx/wr_pntr_cdc_inst/dest_graysync_ff_reg[0][1]/D
  -------------------------------------------------------------------    -------------------

                         (clock sys_clk_pin rise edge)
                                                      0.000     0.000 r  
    G4                                                0.000     0.000 r  clk (IN)
                         net (fo=0)                   0.000     0.000    clk
    G4                   IBUF (Prop_ibuf_I_O)         0.388     0.388 r  clk_IBUF_inst/O
                         net (fo=1, routed)           0.684     1.072    clk_IBUF
    BUFGCTRL_X0Y2        BUFG (Prop_bufg_I_O)         0.029     1.101 r  clk_IBUF_BUFG_inst/O
                         net (fo=900, routed)         0.864     1.964    DATA_HANDLER/FIFO/U0/inst_fifo_gen/gconvfifo.rf/grf.rf/gntv_or_sync_fifo.gcx.clkx/wr_pntr_cdc_inst/dest_clk
    SLICE_X34Y2          FDRE                                         r  DATA_HANDLER/FIFO/U0/inst_fifo_gen/gconvfifo.rf/grf.rf/gntv_or_sync_fifo.gcx.clkx/wr_pntr_cdc_inst/dest_graysync_ff_reg[0][1]/C

Slack:                    inf
  Source:                 DATA_HANDLER/FIFO/U0/inst_fifo_gen/gconvfifo.rf/grf.rf/gntv_or_sync_fifo.gcx.clkx/wr_pntr_cdc_inst/src_gray_ff_reg[3]/C
                            (rising edge-triggered cell FDRE)
  Destination:            DATA_HANDLER/FIFO/U0/inst_fifo_gen/gconvfifo.rf/grf.rf/gntv_or_sync_fifo.gcx.clkx/wr_pntr_cdc_inst/dest_graysync_ff_reg[0][3]/D
                            (rising edge-triggered cell FDRE clocked by sys_clk_pin  {rise@0.000ns fall@5.000ns period=10.000ns})
  Path Group:             (none)
  Path Type:              Hold (Min at Fast Process Corner)
  Data Path Delay:        0.315ns  (logic 0.148ns (46.911%)  route 0.167ns (53.089%))
  Logic Levels:           1  (FDRE=1)
  Clock Uncertainty:      0.025ns  ((TSJ^2 + TIJ^2)^1/2 + DJ) / 2 + PE
    Total System Jitter     (TSJ):    0.050ns
    Total Input Jitter      (TIJ):    0.000ns
    Discrete Jitter          (DJ):    0.000ns
    Phase Error              (PE):    0.000ns
  Timing Exception:       False Path

    Location             Delay type                Incr(ns)  Path(ns)    Netlist Resource(s)
  -------------------------------------------------------------------    -------------------
    SLICE_X34Y4          FDRE                         0.000     0.000 r  DATA_HANDLER/FIFO/U0/inst_fifo_gen/gconvfifo.rf/grf.rf/gntv_or_sync_fifo.gcx.clkx/wr_pntr_cdc_inst/src_gray_ff_reg[3]/C
    SLICE_X34Y4          FDRE (Prop_fdre_C_Q)         0.148     0.148 r  DATA_HANDLER/FIFO/U0/inst_fifo_gen/gconvfifo.rf/grf.rf/gntv_or_sync_fifo.gcx.clkx/wr_pntr_cdc_inst/src_gray_ff_reg[3]/Q
                         net (fo=1, routed)           0.167     0.315    DATA_HANDLER/FIFO/U0/inst_fifo_gen/gconvfifo.rf/grf.rf/gntv_or_sync_fifo.gcx.clkx/wr_pntr_cdc_inst/async_path[3]
    SLICE_X34Y2          FDRE                                         r  DATA_HANDLER/FIFO/U0/inst_fifo_gen/gconvfifo.rf/grf.rf/gntv_or_sync_fifo.gcx.clkx/wr_pntr_cdc_inst/dest_graysync_ff_reg[0][3]/D
  -------------------------------------------------------------------    -------------------

                         (clock sys_clk_pin rise edge)
                                                      0.000     0.000 r  
    G4                                                0.000     0.000 r  clk (IN)
                         net (fo=0)                   0.000     0.000    clk
    G4                   IBUF (Prop_ibuf_I_O)         0.388     0.388 r  clk_IBUF_inst/O
                         net (fo=1, routed)           0.684     1.072    clk_IBUF
    BUFGCTRL_X0Y2        BUFG (Prop_bufg_I_O)         0.029     1.101 r  clk_IBUF_BUFG_inst/O
                         net (fo=900, routed)         0.864     1.964    DATA_HANDLER/FIFO/U0/inst_fifo_gen/gconvfifo.rf/grf.rf/gntv_or_sync_fifo.gcx.clkx/wr_pntr_cdc_inst/dest_clk
    SLICE_X34Y2          FDRE                                         r  DATA_HANDLER/FIFO/U0/inst_fifo_gen/gconvfifo.rf/grf.rf/gntv_or_sync_fifo.gcx.clkx/wr_pntr_cdc_inst/dest_graysync_ff_reg[0][3]/C

Slack:                    inf
  Source:                 DATA_HANDLER/FIFO/U0/inst_fifo_gen/gconvfifo.rf/grf.rf/gntv_or_sync_fifo.gcx.clkx/wr_pntr_cdc_inst/src_gray_ff_reg[11]/C
                            (rising edge-triggered cell FDRE)
  Destination:            DATA_HANDLER/FIFO/U0/inst_fifo_gen/gconvfifo.rf/grf.rf/gntv_or_sync_fifo.gcx.clkx/wr_pntr_cdc_inst/dest_graysync_ff_reg[0][11]/D
                            (rising edge-triggered cell FDRE clocked by sys_clk_pin  {rise@0.000ns fall@5.000ns period=10.000ns})
  Path Group:             (none)
  Path Type:              Hold (Min at Fast Process Corner)
  Data Path Delay:        0.321ns  (logic 0.148ns (46.038%)  route 0.173ns (53.962%))
  Logic Levels:           1  (FDRE=1)
  Clock Uncertainty:      0.025ns  ((TSJ^2 + TIJ^2)^1/2 + DJ) / 2 + PE
    Total System Jitter     (TSJ):    0.050ns
    Total Input Jitter      (TIJ):    0.000ns
    Discrete Jitter          (DJ):    0.000ns
    Phase Error              (PE):    0.000ns
  Timing Exception:       False Path

    Location             Delay type                Incr(ns)  Path(ns)    Netlist Resource(s)
  -------------------------------------------------------------------    -------------------
    SLICE_X34Y4          FDRE                         0.000     0.000 r  DATA_HANDLER/FIFO/U0/inst_fifo_gen/gconvfifo.rf/grf.rf/gntv_or_sync_fifo.gcx.clkx/wr_pntr_cdc_inst/src_gray_ff_reg[11]/C
    SLICE_X34Y4          FDRE (Prop_fdre_C_Q)         0.148     0.148 r  DATA_HANDLER/FIFO/U0/inst_fifo_gen/gconvfifo.rf/grf.rf/gntv_or_sync_fifo.gcx.clkx/wr_pntr_cdc_inst/src_gray_ff_reg[11]/Q
                         net (fo=1, routed)           0.173     0.321    DATA_HANDLER/FIFO/U0/inst_fifo_gen/gconvfifo.rf/grf.rf/gntv_or_sync_fifo.gcx.clkx/wr_pntr_cdc_inst/async_path[11]
    SLICE_X37Y3          FDRE                                         r  DATA_HANDLER/FIFO/U0/inst_fifo_gen/gconvfifo.rf/grf.rf/gntv_or_sync_fifo.gcx.clkx/wr_pntr_cdc_inst/dest_graysync_ff_reg[0][11]/D
  -------------------------------------------------------------------    -------------------

                         (clock sys_clk_pin rise edge)
                                                      0.000     0.000 r  
    G4                                                0.000     0.000 r  clk (IN)
                         net (fo=0)                   0.000     0.000    clk
    G4                   IBUF (Prop_ibuf_I_O)         0.388     0.388 r  clk_IBUF_inst/O
                         net (fo=1, routed)           0.684     1.072    clk_IBUF
    BUFGCTRL_X0Y2        BUFG (Prop_bufg_I_O)         0.029     1.101 r  clk_IBUF_BUFG_inst/O
                         net (fo=900, routed)         0.864     1.964    DATA_HANDLER/FIFO/U0/inst_fifo_gen/gconvfifo.rf/grf.rf/gntv_or_sync_fifo.gcx.clkx/wr_pntr_cdc_inst/dest_clk
    SLICE_X37Y3          FDRE                                         r  DATA_HANDLER/FIFO/U0/inst_fifo_gen/gconvfifo.rf/grf.rf/gntv_or_sync_fifo.gcx.clkx/wr_pntr_cdc_inst/dest_graysync_ff_reg[0][11]/C





--------------------------------------------------------------------------------------
Path Group:  (none)
From Clock:  
  To Clock:  

Max Delay          5470 Endpoints
Min Delay          5470 Endpoints
--------------------------------------------------------------------------------------


Max Delay Paths
--------------------------------------------------------------------------------------
Slack:                    inf
  Source:                 LORA_DRIVER/LORA_TX/packet_reg_transfer_byte_index_reg[1]/C
                            (rising edge-triggered cell FDRE)
  Destination:            LORA_DRIVER/LORA_TX/packet_reg_reg[217]/CE
  Path Group:             (none)
  Path Type:              Max at Slow Process Corner
  Data Path Delay:        7.005ns  (logic 0.969ns (13.833%)  route 6.036ns (86.167%))
  Logic Levels:           4  (FDRE=1 LUT5=1 LUT6=2)

    Location             Delay type                Incr(ns)  Path(ns)    Netlist Resource(s)
  -------------------------------------------------------------------    -------------------
    SLICE_X32Y7          FDRE                         0.000     0.000 r  LORA_DRIVER/LORA_TX/packet_reg_transfer_byte_index_reg[1]/C
    SLICE_X32Y7          FDRE (Prop_fdre_C_Q)         0.422     0.422 f  LORA_DRIVER/LORA_TX/packet_reg_transfer_byte_index_reg[1]/Q
                         net (fo=7, routed)           0.854     1.276    LORA_DRIVER/LORA_TX/packet_reg_transfer_byte_index_reg[1]
    SLICE_X33Y8          LUT5 (Prop_lut5_I1_O)        0.299     1.575 r  LORA_DRIVER/LORA_TX/packet_reg_transfer_byte_index[6]_i_3/O
                         net (fo=4, routed)           0.525     2.099    LORA_DRIVER/LORA_TX/packet_reg_transfer_byte_index[6]_i_3_n_0
    SLICE_X32Y8          LUT6 (Prop_lut6_I4_O)        0.124     2.223 r  LORA_DRIVER/LORA_TX/packet_reg[511]_i_3/O
                         net (fo=1, routed)           0.414     2.638    LORA_DRIVER/LORA_TX/packet_reg[511]_i_3_n_0
    SLICE_X34Y8          LUT6 (Prop_lut6_I0_O)        0.124     2.762 r  LORA_DRIVER/LORA_TX/packet_reg[511]_i_1/O
                         net (fo=513, routed)         4.243     7.005    LORA_DRIVER/LORA_TX/packet_reg[511]_i_1_n_0
    SLICE_X21Y16         FDRE                                         r  LORA_DRIVER/LORA_TX/packet_reg_reg[217]/CE
  -------------------------------------------------------------------    -------------------

Slack:                    inf
  Source:                 LORA_DRIVER/LORA_TX/packet_reg_transfer_byte_index_reg[1]/C
                            (rising edge-triggered cell FDRE)
  Destination:            LORA_DRIVER/LORA_TX/packet_reg_reg[225]/CE
  Path Group:             (none)
  Path Type:              Max at Slow Process Corner
  Data Path Delay:        7.005ns  (logic 0.969ns (13.833%)  route 6.036ns (86.167%))
  Logic Levels:           4  (FDRE=1 LUT5=1 LUT6=2)

    Location             Delay type                Incr(ns)  Path(ns)    Netlist Resource(s)
  -------------------------------------------------------------------    -------------------
    SLICE_X32Y7          FDRE                         0.000     0.000 r  LORA_DRIVER/LORA_TX/packet_reg_transfer_byte_index_reg[1]/C
    SLICE_X32Y7          FDRE (Prop_fdre_C_Q)         0.422     0.422 f  LORA_DRIVER/LORA_TX/packet_reg_transfer_byte_index_reg[1]/Q
                         net (fo=7, routed)           0.854     1.276    LORA_DRIVER/LORA_TX/packet_reg_transfer_byte_index_reg[1]
    SLICE_X33Y8          LUT5 (Prop_lut5_I1_O)        0.299     1.575 r  LORA_DRIVER/LORA_TX/packet_reg_transfer_byte_index[6]_i_3/O
                         net (fo=4, routed)           0.525     2.099    LORA_DRIVER/LORA_TX/packet_reg_transfer_byte_index[6]_i_3_n_0
    SLICE_X32Y8          LUT6 (Prop_lut6_I4_O)        0.124     2.223 r  LORA_DRIVER/LORA_TX/packet_reg[511]_i_3/O
                         net (fo=1, routed)           0.414     2.638    LORA_DRIVER/LORA_TX/packet_reg[511]_i_3_n_0
    SLICE_X34Y8          LUT6 (Prop_lut6_I0_O)        0.124     2.762 r  LORA_DRIVER/LORA_TX/packet_reg[511]_i_1/O
                         net (fo=513, routed)         4.243     7.005    LORA_DRIVER/LORA_TX/packet_reg[511]_i_1_n_0
    SLICE_X21Y16         FDRE                                         r  LORA_DRIVER/LORA_TX/packet_reg_reg[225]/CE
  -------------------------------------------------------------------    -------------------

Slack:                    inf
  Source:                 LORA_DRIVER/LORA_TX/packet_reg_transfer_byte_index_reg[1]/C
                            (rising edge-triggered cell FDRE)
  Destination:            LORA_DRIVER/LORA_TX/packet_reg_reg[233]/CE
  Path Group:             (none)
  Path Type:              Max at Slow Process Corner
  Data Path Delay:        7.005ns  (logic 0.969ns (13.833%)  route 6.036ns (86.167%))
  Logic Levels:           4  (FDRE=1 LUT5=1 LUT6=2)

    Location             Delay type                Incr(ns)  Path(ns)    Netlist Resource(s)
  -------------------------------------------------------------------    -------------------
    SLICE_X32Y7          FDRE                         0.000     0.000 r  LORA_DRIVER/LORA_TX/packet_reg_transfer_byte_index_reg[1]/C
    SLICE_X32Y7          FDRE (Prop_fdre_C_Q)         0.422     0.422 f  LORA_DRIVER/LORA_TX/packet_reg_transfer_byte_index_reg[1]/Q
                         net (fo=7, routed)           0.854     1.276    LORA_DRIVER/LORA_TX/packet_reg_transfer_byte_index_reg[1]
    SLICE_X33Y8          LUT5 (Prop_lut5_I1_O)        0.299     1.575 r  LORA_DRIVER/LORA_TX/packet_reg_transfer_byte_index[6]_i_3/O
                         net (fo=4, routed)           0.525     2.099    LORA_DRIVER/LORA_TX/packet_reg_transfer_byte_index[6]_i_3_n_0
    SLICE_X32Y8          LUT6 (Prop_lut6_I4_O)        0.124     2.223 r  LORA_DRIVER/LORA_TX/packet_reg[511]_i_3/O
                         net (fo=1, routed)           0.414     2.638    LORA_DRIVER/LORA_TX/packet_reg[511]_i_3_n_0
    SLICE_X34Y8          LUT6 (Prop_lut6_I0_O)        0.124     2.762 r  LORA_DRIVER/LORA_TX/packet_reg[511]_i_1/O
                         net (fo=513, routed)         4.243     7.005    LORA_DRIVER/LORA_TX/packet_reg[511]_i_1_n_0
    SLICE_X21Y16         FDRE                                         r  LORA_DRIVER/LORA_TX/packet_reg_reg[233]/CE
  -------------------------------------------------------------------    -------------------

Slack:                    inf
  Source:                 LORA_DRIVER/LORA_TX/packet_reg_transfer_byte_index_reg[1]/C
                            (rising edge-triggered cell FDRE)
  Destination:            LORA_DRIVER/LORA_TX/packet_reg_reg[241]/CE
  Path Group:             (none)
  Path Type:              Max at Slow Process Corner
  Data Path Delay:        7.005ns  (logic 0.969ns (13.833%)  route 6.036ns (86.167%))
  Logic Levels:           4  (FDRE=1 LUT5=1 LUT6=2)

    Location             Delay type                Incr(ns)  Path(ns)    Netlist Resource(s)
  -------------------------------------------------------------------    -------------------
    SLICE_X32Y7          FDRE                         0.000     0.000 r  LORA_DRIVER/LORA_TX/packet_reg_transfer_byte_index_reg[1]/C
    SLICE_X32Y7          FDRE (Prop_fdre_C_Q)         0.422     0.422 f  LORA_DRIVER/LORA_TX/packet_reg_transfer_byte_index_reg[1]/Q
                         net (fo=7, routed)           0.854     1.276    LORA_DRIVER/LORA_TX/packet_reg_transfer_byte_index_reg[1]
    SLICE_X33Y8          LUT5 (Prop_lut5_I1_O)        0.299     1.575 r  LORA_DRIVER/LORA_TX/packet_reg_transfer_byte_index[6]_i_3/O
                         net (fo=4, routed)           0.525     2.099    LORA_DRIVER/LORA_TX/packet_reg_transfer_byte_index[6]_i_3_n_0
    SLICE_X32Y8          LUT6 (Prop_lut6_I4_O)        0.124     2.223 r  LORA_DRIVER/LORA_TX/packet_reg[511]_i_3/O
                         net (fo=1, routed)           0.414     2.638    LORA_DRIVER/LORA_TX/packet_reg[511]_i_3_n_0
    SLICE_X34Y8          LUT6 (Prop_lut6_I0_O)        0.124     2.762 r  LORA_DRIVER/LORA_TX/packet_reg[511]_i_1/O
                         net (fo=513, routed)         4.243     7.005    LORA_DRIVER/LORA_TX/packet_reg[511]_i_1_n_0
    SLICE_X21Y16         FDRE                                         r  LORA_DRIVER/LORA_TX/packet_reg_reg[241]/CE
  -------------------------------------------------------------------    -------------------

Slack:                    inf
  Source:                 LORA_DRIVER/LORA_TX/packet_reg_transfer_byte_index_reg[1]/C
                            (rising edge-triggered cell FDRE)
  Destination:            LORA_DRIVER/LORA_TX/packet_reg_reg[249]/CE
  Path Group:             (none)
  Path Type:              Max at Slow Process Corner
  Data Path Delay:        6.722ns  (logic 0.969ns (14.415%)  route 5.753ns (85.585%))
  Logic Levels:           4  (FDRE=1 LUT5=1 LUT6=2)

    Location             Delay type                Incr(ns)  Path(ns)    Netlist Resource(s)
  -------------------------------------------------------------------    -------------------
    SLICE_X32Y7          FDRE                         0.000     0.000 r  LORA_DRIVER/LORA_TX/packet_reg_transfer_byte_index_reg[1]/C
    SLICE_X32Y7          FDRE (Prop_fdre_C_Q)         0.422     0.422 f  LORA_DRIVER/LORA_TX/packet_reg_transfer_byte_index_reg[1]/Q
                         net (fo=7, routed)           0.854     1.276    LORA_DRIVER/LORA_TX/packet_reg_transfer_byte_index_reg[1]
    SLICE_X33Y8          LUT5 (Prop_lut5_I1_O)        0.299     1.575 r  LORA_DRIVER/LORA_TX/packet_reg_transfer_byte_index[6]_i_3/O
                         net (fo=4, routed)           0.525     2.099    LORA_DRIVER/LORA_TX/packet_reg_transfer_byte_index[6]_i_3_n_0
    SLICE_X32Y8          LUT6 (Prop_lut6_I4_O)        0.124     2.223 r  LORA_DRIVER/LORA_TX/packet_reg[511]_i_3/O
                         net (fo=1, routed)           0.414     2.638    LORA_DRIVER/LORA_TX/packet_reg[511]_i_3_n_0
    SLICE_X34Y8          LUT6 (Prop_lut6_I0_O)        0.124     2.762 r  LORA_DRIVER/LORA_TX/packet_reg[511]_i_1/O
                         net (fo=513, routed)         3.960     6.722    LORA_DRIVER/LORA_TX/packet_reg[511]_i_1_n_0
    SLICE_X20Y15         FDRE                                         r  LORA_DRIVER/LORA_TX/packet_reg_reg[249]/CE
  -------------------------------------------------------------------    -------------------

Slack:                    inf
  Source:                 LORA_DRIVER/LORA_TX/packet_reg_transfer_byte_index_reg[1]/C
                            (rising edge-triggered cell FDRE)
  Destination:            LORA_DRIVER/LORA_TX/packet_reg_reg[257]/CE
  Path Group:             (none)
  Path Type:              Max at Slow Process Corner
  Data Path Delay:        6.722ns  (logic 0.969ns (14.415%)  route 5.753ns (85.585%))
  Logic Levels:           4  (FDRE=1 LUT5=1 LUT6=2)

    Location             Delay type                Incr(ns)  Path(ns)    Netlist Resource(s)
  -------------------------------------------------------------------    -------------------
    SLICE_X32Y7          FDRE                         0.000     0.000 r  LORA_DRIVER/LORA_TX/packet_reg_transfer_byte_index_reg[1]/C
    SLICE_X32Y7          FDRE (Prop_fdre_C_Q)         0.422     0.422 f  LORA_DRIVER/LORA_TX/packet_reg_transfer_byte_index_reg[1]/Q
                         net (fo=7, routed)           0.854     1.276    LORA_DRIVER/LORA_TX/packet_reg_transfer_byte_index_reg[1]
    SLICE_X33Y8          LUT5 (Prop_lut5_I1_O)        0.299     1.575 r  LORA_DRIVER/LORA_TX/packet_reg_transfer_byte_index[6]_i_3/O
                         net (fo=4, routed)           0.525     2.099    LORA_DRIVER/LORA_TX/packet_reg_transfer_byte_index[6]_i_3_n_0
    SLICE_X32Y8          LUT6 (Prop_lut6_I4_O)        0.124     2.223 r  LORA_DRIVER/LORA_TX/packet_reg[511]_i_3/O
                         net (fo=1, routed)           0.414     2.638    LORA_DRIVER/LORA_TX/packet_reg[511]_i_3_n_0
    SLICE_X34Y8          LUT6 (Prop_lut6_I0_O)        0.124     2.762 r  LORA_DRIVER/LORA_TX/packet_reg[511]_i_1/O
                         net (fo=513, routed)         3.960     6.722    LORA_DRIVER/LORA_TX/packet_reg[511]_i_1_n_0
    SLICE_X20Y15         FDRE                                         r  LORA_DRIVER/LORA_TX/packet_reg_reg[257]/CE
  -------------------------------------------------------------------    -------------------

Slack:                    inf
  Source:                 LORA_DRIVER/LORA_TX/packet_reg_transfer_byte_index_reg[1]/C
                            (rising edge-triggered cell FDRE)
  Destination:            LORA_DRIVER/LORA_TX/packet_reg_reg[265]/CE
  Path Group:             (none)
  Path Type:              Max at Slow Process Corner
  Data Path Delay:        6.722ns  (logic 0.969ns (14.415%)  route 5.753ns (85.585%))
  Logic Levels:           4  (FDRE=1 LUT5=1 LUT6=2)

    Location             Delay type                Incr(ns)  Path(ns)    Netlist Resource(s)
  -------------------------------------------------------------------    -------------------
    SLICE_X32Y7          FDRE                         0.000     0.000 r  LORA_DRIVER/LORA_TX/packet_reg_transfer_byte_index_reg[1]/C
    SLICE_X32Y7          FDRE (Prop_fdre_C_Q)         0.422     0.422 f  LORA_DRIVER/LORA_TX/packet_reg_transfer_byte_index_reg[1]/Q
                         net (fo=7, routed)           0.854     1.276    LORA_DRIVER/LORA_TX/packet_reg_transfer_byte_index_reg[1]
    SLICE_X33Y8          LUT5 (Prop_lut5_I1_O)        0.299     1.575 r  LORA_DRIVER/LORA_TX/packet_reg_transfer_byte_index[6]_i_3/O
                         net (fo=4, routed)           0.525     2.099    LORA_DRIVER/LORA_TX/packet_reg_transfer_byte_index[6]_i_3_n_0
    SLICE_X32Y8          LUT6 (Prop_lut6_I4_O)        0.124     2.223 r  LORA_DRIVER/LORA_TX/packet_reg[511]_i_3/O
                         net (fo=1, routed)           0.414     2.638    LORA_DRIVER/LORA_TX/packet_reg[511]_i_3_n_0
    SLICE_X34Y8          LUT6 (Prop_lut6_I0_O)        0.124     2.762 r  LORA_DRIVER/LORA_TX/packet_reg[511]_i_1/O
                         net (fo=513, routed)         3.960     6.722    LORA_DRIVER/LORA_TX/packet_reg[511]_i_1_n_0
    SLICE_X20Y15         FDRE                                         r  LORA_DRIVER/LORA_TX/packet_reg_reg[265]/CE
  -------------------------------------------------------------------    -------------------

Slack:                    inf
  Source:                 LORA_DRIVER/LORA_TX/packet_reg_transfer_byte_index_reg[1]/C
                            (rising edge-triggered cell FDRE)
  Destination:            LORA_DRIVER/LORA_TX/packet_reg_reg[273]/CE
  Path Group:             (none)
  Path Type:              Max at Slow Process Corner
  Data Path Delay:        6.722ns  (logic 0.969ns (14.415%)  route 5.753ns (85.585%))
  Logic Levels:           4  (FDRE=1 LUT5=1 LUT6=2)

    Location             Delay type                Incr(ns)  Path(ns)    Netlist Resource(s)
  -------------------------------------------------------------------    -------------------
    SLICE_X32Y7          FDRE                         0.000     0.000 r  LORA_DRIVER/LORA_TX/packet_reg_transfer_byte_index_reg[1]/C
    SLICE_X32Y7          FDRE (Prop_fdre_C_Q)         0.422     0.422 f  LORA_DRIVER/LORA_TX/packet_reg_transfer_byte_index_reg[1]/Q
                         net (fo=7, routed)           0.854     1.276    LORA_DRIVER/LORA_TX/packet_reg_transfer_byte_index_reg[1]
    SLICE_X33Y8          LUT5 (Prop_lut5_I1_O)        0.299     1.575 r  LORA_DRIVER/LORA_TX/packet_reg_transfer_byte_index[6]_i_3/O
                         net (fo=4, routed)           0.525     2.099    LORA_DRIVER/LORA_TX/packet_reg_transfer_byte_index[6]_i_3_n_0
    SLICE_X32Y8          LUT6 (Prop_lut6_I4_O)        0.124     2.223 r  LORA_DRIVER/LORA_TX/packet_reg[511]_i_3/O
                         net (fo=1, routed)           0.414     2.638    LORA_DRIVER/LORA_TX/packet_reg[511]_i_3_n_0
    SLICE_X34Y8          LUT6 (Prop_lut6_I0_O)        0.124     2.762 r  LORA_DRIVER/LORA_TX/packet_reg[511]_i_1/O
                         net (fo=513, routed)         3.960     6.722    LORA_DRIVER/LORA_TX/packet_reg[511]_i_1_n_0
    SLICE_X20Y15         FDRE                                         r  LORA_DRIVER/LORA_TX/packet_reg_reg[273]/CE
  -------------------------------------------------------------------    -------------------

Slack:                    inf
  Source:                 LORA_DRIVER/LORA_TX/packet_reg_transfer_byte_index_reg[1]/C
                            (rising edge-triggered cell FDRE)
  Destination:            LORA_DRIVER/LORA_TX/packet_reg_reg[281]/CE
  Path Group:             (none)
  Path Type:              Max at Slow Process Corner
  Data Path Delay:        6.722ns  (logic 0.969ns (14.415%)  route 5.753ns (85.585%))
  Logic Levels:           4  (FDRE=1 LUT5=1 LUT6=2)

    Location             Delay type                Incr(ns)  Path(ns)    Netlist Resource(s)
  -------------------------------------------------------------------    -------------------
    SLICE_X32Y7          FDRE                         0.000     0.000 r  LORA_DRIVER/LORA_TX/packet_reg_transfer_byte_index_reg[1]/C
    SLICE_X32Y7          FDRE (Prop_fdre_C_Q)         0.422     0.422 f  LORA_DRIVER/LORA_TX/packet_reg_transfer_byte_index_reg[1]/Q
                         net (fo=7, routed)           0.854     1.276    LORA_DRIVER/LORA_TX/packet_reg_transfer_byte_index_reg[1]
    SLICE_X33Y8          LUT5 (Prop_lut5_I1_O)        0.299     1.575 r  LORA_DRIVER/LORA_TX/packet_reg_transfer_byte_index[6]_i_3/O
                         net (fo=4, routed)           0.525     2.099    LORA_DRIVER/LORA_TX/packet_reg_transfer_byte_index[6]_i_3_n_0
    SLICE_X32Y8          LUT6 (Prop_lut6_I4_O)        0.124     2.223 r  LORA_DRIVER/LORA_TX/packet_reg[511]_i_3/O
                         net (fo=1, routed)           0.414     2.638    LORA_DRIVER/LORA_TX/packet_reg[511]_i_3_n_0
    SLICE_X34Y8          LUT6 (Prop_lut6_I0_O)        0.124     2.762 r  LORA_DRIVER/LORA_TX/packet_reg[511]_i_1/O
                         net (fo=513, routed)         3.960     6.722    LORA_DRIVER/LORA_TX/packet_reg[511]_i_1_n_0
    SLICE_X20Y15         FDRE                                         r  LORA_DRIVER/LORA_TX/packet_reg_reg[281]/CE
  -------------------------------------------------------------------    -------------------

Slack:                    inf
  Source:                 LORA_DRIVER/LORA_TX/packet_reg_transfer_byte_index_reg[1]/C
                            (rising edge-triggered cell FDRE)
  Destination:            LORA_DRIVER/LORA_TX/packet_reg_reg[289]/CE
  Path Group:             (none)
  Path Type:              Max at Slow Process Corner
  Data Path Delay:        6.722ns  (logic 0.969ns (14.415%)  route 5.753ns (85.585%))
  Logic Levels:           4  (FDRE=1 LUT5=1 LUT6=2)

    Location             Delay type                Incr(ns)  Path(ns)    Netlist Resource(s)
  -------------------------------------------------------------------    -------------------
    SLICE_X32Y7          FDRE                         0.000     0.000 r  LORA_DRIVER/LORA_TX/packet_reg_transfer_byte_index_reg[1]/C
    SLICE_X32Y7          FDRE (Prop_fdre_C_Q)         0.422     0.422 f  LORA_DRIVER/LORA_TX/packet_reg_transfer_byte_index_reg[1]/Q
                         net (fo=7, routed)           0.854     1.276    LORA_DRIVER/LORA_TX/packet_reg_transfer_byte_index_reg[1]
    SLICE_X33Y8          LUT5 (Prop_lut5_I1_O)        0.299     1.575 r  LORA_DRIVER/LORA_TX/packet_reg_transfer_byte_index[6]_i_3/O
                         net (fo=4, routed)           0.525     2.099    LORA_DRIVER/LORA_TX/packet_reg_transfer_byte_index[6]_i_3_n_0
    SLICE_X32Y8          LUT6 (Prop_lut6_I4_O)        0.124     2.223 r  LORA_DRIVER/LORA_TX/packet_reg[511]_i_3/O
                         net (fo=1, routed)           0.414     2.638    LORA_DRIVER/LORA_TX/packet_reg[511]_i_3_n_0
    SLICE_X34Y8          LUT6 (Prop_lut6_I0_O)        0.124     2.762 r  LORA_DRIVER/LORA_TX/packet_reg[511]_i_1/O
                         net (fo=513, routed)         3.960     6.722    LORA_DRIVER/LORA_TX/packet_reg[511]_i_1_n_0
    SLICE_X20Y15         FDRE                                         r  LORA_DRIVER/LORA_TX/packet_reg_reg[289]/CE
  -------------------------------------------------------------------    -------------------





Min Delay Paths
--------------------------------------------------------------------------------------
Slack:                    inf
  Source:                 DATA_HANDLER/FIFO/U0/inst_fifo_gen/gconvfifo.rf/grf.rf/gntv_or_sync_fifo.gcx.clkx/rd_pntr_cdc_inst/dest_graysync_ff_reg[0][0]/C
                            (rising edge-triggered cell FDRE)
  Destination:            DATA_HANDLER/FIFO/U0/inst_fifo_gen/gconvfifo.rf/grf.rf/gntv_or_sync_fifo.gcx.clkx/rd_pntr_cdc_inst/dest_graysync_ff_reg[1][0]/D
  Path Group:             (none)
  Path Type:              Min at Fast Process Corner
  Data Path Delay:        0.197ns  (logic 0.141ns (71.611%)  route 0.056ns (28.389%))
  Logic Levels:           1  (FDRE=1)

    Location             Delay type                Incr(ns)  Path(ns)    Netlist Resource(s)
  -------------------------------------------------------------------    -------------------
    SLICE_X37Y2          FDRE                         0.000     0.000 r  DATA_HANDLER/FIFO/U0/inst_fifo_gen/gconvfifo.rf/grf.rf/gntv_or_sync_fifo.gcx.clkx/rd_pntr_cdc_inst/dest_graysync_ff_reg[0][0]/C
    SLICE_X37Y2          FDRE (Prop_fdre_C_Q)         0.141     0.141 r  DATA_HANDLER/FIFO/U0/inst_fifo_gen/gconvfifo.rf/grf.rf/gntv_or_sync_fifo.gcx.clkx/rd_pntr_cdc_inst/dest_graysync_ff_reg[0][0]/Q
                         net (fo=1, routed)           0.056     0.197    DATA_HANDLER/FIFO/U0/inst_fifo_gen/gconvfifo.rf/grf.rf/gntv_or_sync_fifo.gcx.clkx/rd_pntr_cdc_inst/dest_graysync_ff[0][0]
    SLICE_X37Y2          FDRE                                         r  DATA_HANDLER/FIFO/U0/inst_fifo_gen/gconvfifo.rf/grf.rf/gntv_or_sync_fifo.gcx.clkx/rd_pntr_cdc_inst/dest_graysync_ff_reg[1][0]/D
  -------------------------------------------------------------------    -------------------

Slack:                    inf
  Source:                 DATA_HANDLER/FIFO/U0/inst_fifo_gen/gconvfifo.rf/grf.rf/gntv_or_sync_fifo.gcx.clkx/rd_pntr_cdc_inst/dest_graysync_ff_reg[0][13]/C
                            (rising edge-triggered cell FDRE)
  Destination:            DATA_HANDLER/FIFO/U0/inst_fifo_gen/gconvfifo.rf/grf.rf/gntv_or_sync_fifo.gcx.clkx/rd_pntr_cdc_inst/dest_graysync_ff_reg[1][13]/D
  Path Group:             (none)
  Path Type:              Min at Fast Process Corner
  Data Path Delay:        0.197ns  (logic 0.141ns (71.611%)  route 0.056ns (28.389%))
  Logic Levels:           1  (FDRE=1)

    Location             Delay type                Incr(ns)  Path(ns)    Netlist Resource(s)
  -------------------------------------------------------------------    -------------------
    SLICE_X33Y6          FDRE                         0.000     0.000 r  DATA_HANDLER/FIFO/U0/inst_fifo_gen/gconvfifo.rf/grf.rf/gntv_or_sync_fifo.gcx.clkx/rd_pntr_cdc_inst/dest_graysync_ff_reg[0][13]/C
    SLICE_X33Y6          FDRE (Prop_fdre_C_Q)         0.141     0.141 r  DATA_HANDLER/FIFO/U0/inst_fifo_gen/gconvfifo.rf/grf.rf/gntv_or_sync_fifo.gcx.clkx/rd_pntr_cdc_inst/dest_graysync_ff_reg[0][13]/Q
                         net (fo=1, routed)           0.056     0.197    DATA_HANDLER/FIFO/U0/inst_fifo_gen/gconvfifo.rf/grf.rf/gntv_or_sync_fifo.gcx.clkx/rd_pntr_cdc_inst/dest_graysync_ff[0][13]
    SLICE_X33Y6          FDRE                                         r  DATA_HANDLER/FIFO/U0/inst_fifo_gen/gconvfifo.rf/grf.rf/gntv_or_sync_fifo.gcx.clkx/rd_pntr_cdc_inst/dest_graysync_ff_reg[1][13]/D
  -------------------------------------------------------------------    -------------------

Slack:                    inf
  Source:                 DATA_HANDLER/FIFO/U0/inst_fifo_gen/gconvfifo.rf/grf.rf/gntv_or_sync_fifo.gcx.clkx/rd_pntr_cdc_inst/dest_graysync_ff_reg[0][14]/C
                            (rising edge-triggered cell FDRE)
  Destination:            DATA_HANDLER/FIFO/U0/inst_fifo_gen/gconvfifo.rf/grf.rf/gntv_or_sync_fifo.gcx.clkx/rd_pntr_cdc_inst/dest_graysync_ff_reg[1][14]/D
  Path Group:             (none)
  Path Type:              Min at Fast Process Corner
  Data Path Delay:        0.197ns  (logic 0.141ns (71.611%)  route 0.056ns (28.389%))
  Logic Levels:           1  (FDRE=1)

    Location             Delay type                Incr(ns)  Path(ns)    Netlist Resource(s)
  -------------------------------------------------------------------    -------------------
    SLICE_X33Y6          FDRE                         0.000     0.000 r  DATA_HANDLER/FIFO/U0/inst_fifo_gen/gconvfifo.rf/grf.rf/gntv_or_sync_fifo.gcx.clkx/rd_pntr_cdc_inst/dest_graysync_ff_reg[0][14]/C
    SLICE_X33Y6          FDRE (Prop_fdre_C_Q)         0.141     0.141 r  DATA_HANDLER/FIFO/U0/inst_fifo_gen/gconvfifo.rf/grf.rf/gntv_or_sync_fifo.gcx.clkx/rd_pntr_cdc_inst/dest_graysync_ff_reg[0][14]/Q
                         net (fo=1, routed)           0.056     0.197    DATA_HANDLER/FIFO/U0/inst_fifo_gen/gconvfifo.rf/grf.rf/gntv_or_sync_fifo.gcx.clkx/rd_pntr_cdc_inst/dest_graysync_ff[0][14]
    SLICE_X33Y6          FDRE                                         r  DATA_HANDLER/FIFO/U0/inst_fifo_gen/gconvfifo.rf/grf.rf/gntv_or_sync_fifo.gcx.clkx/rd_pntr_cdc_inst/dest_graysync_ff_reg[1][14]/D
  -------------------------------------------------------------------    -------------------

Slack:                    inf
  Source:                 DATA_HANDLER/FIFO/U0/inst_fifo_gen/gconvfifo.rf/grf.rf/gntv_or_sync_fifo.gcx.clkx/rd_pntr_cdc_inst/dest_graysync_ff_reg[0][3]/C
                            (rising edge-triggered cell FDRE)
  Destination:            DATA_HANDLER/FIFO/U0/inst_fifo_gen/gconvfifo.rf/grf.rf/gntv_or_sync_fifo.gcx.clkx/rd_pntr_cdc_inst/dest_graysync_ff_reg[1][3]/D
  Path Group:             (none)
  Path Type:              Min at Fast Process Corner
  Data Path Delay:        0.197ns  (logic 0.141ns (71.611%)  route 0.056ns (28.389%))
  Logic Levels:           1  (FDRE=1)

    Location             Delay type                Incr(ns)  Path(ns)    Netlist Resource(s)
  -------------------------------------------------------------------    -------------------
    SLICE_X35Y2          FDRE                         0.000     0.000 r  DATA_HANDLER/FIFO/U0/inst_fifo_gen/gconvfifo.rf/grf.rf/gntv_or_sync_fifo.gcx.clkx/rd_pntr_cdc_inst/dest_graysync_ff_reg[0][3]/C
    SLICE_X35Y2          FDRE (Prop_fdre_C_Q)         0.141     0.141 r  DATA_HANDLER/FIFO/U0/inst_fifo_gen/gconvfifo.rf/grf.rf/gntv_or_sync_fifo.gcx.clkx/rd_pntr_cdc_inst/dest_graysync_ff_reg[0][3]/Q
                         net (fo=1, routed)           0.056     0.197    DATA_HANDLER/FIFO/U0/inst_fifo_gen/gconvfifo.rf/grf.rf/gntv_or_sync_fifo.gcx.clkx/rd_pntr_cdc_inst/dest_graysync_ff[0][3]
    SLICE_X35Y2          FDRE                                         r  DATA_HANDLER/FIFO/U0/inst_fifo_gen/gconvfifo.rf/grf.rf/gntv_or_sync_fifo.gcx.clkx/rd_pntr_cdc_inst/dest_graysync_ff_reg[1][3]/D
  -------------------------------------------------------------------    -------------------

Slack:                    inf
  Source:                 DATA_HANDLER/FIFO/U0/inst_fifo_gen/gconvfifo.rf/grf.rf/gntv_or_sync_fifo.gcx.clkx/rd_pntr_cdc_inst/dest_graysync_ff_reg[0][4]/C
                            (rising edge-triggered cell FDRE)
  Destination:            DATA_HANDLER/FIFO/U0/inst_fifo_gen/gconvfifo.rf/grf.rf/gntv_or_sync_fifo.gcx.clkx/rd_pntr_cdc_inst/dest_graysync_ff_reg[1][4]/D
  Path Group:             (none)
  Path Type:              Min at Fast Process Corner
  Data Path Delay:        0.197ns  (logic 0.141ns (71.611%)  route 0.056ns (28.389%))
  Logic Levels:           1  (FDRE=1)

    Location             Delay type                Incr(ns)  Path(ns)    Netlist Resource(s)
  -------------------------------------------------------------------    -------------------
    SLICE_X35Y2          FDRE                         0.000     0.000 r  DATA_HANDLER/FIFO/U0/inst_fifo_gen/gconvfifo.rf/grf.rf/gntv_or_sync_fifo.gcx.clkx/rd_pntr_cdc_inst/dest_graysync_ff_reg[0][4]/C
    SLICE_X35Y2          FDRE (Prop_fdre_C_Q)         0.141     0.141 r  DATA_HANDLER/FIFO/U0/inst_fifo_gen/gconvfifo.rf/grf.rf/gntv_or_sync_fifo.gcx.clkx/rd_pntr_cdc_inst/dest_graysync_ff_reg[0][4]/Q
                         net (fo=1, routed)           0.056     0.197    DATA_HANDLER/FIFO/U0/inst_fifo_gen/gconvfifo.rf/grf.rf/gntv_or_sync_fifo.gcx.clkx/rd_pntr_cdc_inst/dest_graysync_ff[0][4]
    SLICE_X35Y2          FDRE                                         r  DATA_HANDLER/FIFO/U0/inst_fifo_gen/gconvfifo.rf/grf.rf/gntv_or_sync_fifo.gcx.clkx/rd_pntr_cdc_inst/dest_graysync_ff_reg[1][4]/D
  -------------------------------------------------------------------    -------------------

Slack:                    inf
  Source:                 DATA_HANDLER/FIFO/U0/inst_fifo_gen/gconvfifo.rf/grf.rf/gntv_or_sync_fifo.gcx.clkx/rd_pntr_cdc_inst/dest_graysync_ff_reg[0][5]/C
                            (rising edge-triggered cell FDRE)
  Destination:            DATA_HANDLER/FIFO/U0/inst_fifo_gen/gconvfifo.rf/grf.rf/gntv_or_sync_fifo.gcx.clkx/rd_pntr_cdc_inst/dest_graysync_ff_reg[1][5]/D
  Path Group:             (none)
  Path Type:              Min at Fast Process Corner
  Data Path Delay:        0.197ns  (logic 0.141ns (71.611%)  route 0.056ns (28.389%))
  Logic Levels:           1  (FDRE=1)

    Location             Delay type                Incr(ns)  Path(ns)    Netlist Resource(s)
  -------------------------------------------------------------------    -------------------
    SLICE_X35Y2          FDRE                         0.000     0.000 r  DATA_HANDLER/FIFO/U0/inst_fifo_gen/gconvfifo.rf/grf.rf/gntv_or_sync_fifo.gcx.clkx/rd_pntr_cdc_inst/dest_graysync_ff_reg[0][5]/C
    SLICE_X35Y2          FDRE (Prop_fdre_C_Q)         0.141     0.141 r  DATA_HANDLER/FIFO/U0/inst_fifo_gen/gconvfifo.rf/grf.rf/gntv_or_sync_fifo.gcx.clkx/rd_pntr_cdc_inst/dest_graysync_ff_reg[0][5]/Q
                         net (fo=1, routed)           0.056     0.197    DATA_HANDLER/FIFO/U0/inst_fifo_gen/gconvfifo.rf/grf.rf/gntv_or_sync_fifo.gcx.clkx/rd_pntr_cdc_inst/dest_graysync_ff[0][5]
    SLICE_X35Y2          FDRE                                         r  DATA_HANDLER/FIFO/U0/inst_fifo_gen/gconvfifo.rf/grf.rf/gntv_or_sync_fifo.gcx.clkx/rd_pntr_cdc_inst/dest_graysync_ff_reg[1][5]/D
  -------------------------------------------------------------------    -------------------

Slack:                    inf
  Source:                 DATA_HANDLER/FIFO/U0/inst_fifo_gen/gconvfifo.rf/grf.rf/gntv_or_sync_fifo.gcx.clkx/rd_pntr_cdc_inst/dest_graysync_ff_reg[0][7]/C
                            (rising edge-triggered cell FDRE)
  Destination:            DATA_HANDLER/FIFO/U0/inst_fifo_gen/gconvfifo.rf/grf.rf/gntv_or_sync_fifo.gcx.clkx/rd_pntr_cdc_inst/dest_graysync_ff_reg[1][7]/D
  Path Group:             (none)
  Path Type:              Min at Fast Process Corner
  Data Path Delay:        0.197ns  (logic 0.141ns (71.611%)  route 0.056ns (28.389%))
  Logic Levels:           1  (FDRE=1)

    Location             Delay type                Incr(ns)  Path(ns)    Netlist Resource(s)
  -------------------------------------------------------------------    -------------------
    SLICE_X35Y2          FDRE                         0.000     0.000 r  DATA_HANDLER/FIFO/U0/inst_fifo_gen/gconvfifo.rf/grf.rf/gntv_or_sync_fifo.gcx.clkx/rd_pntr_cdc_inst/dest_graysync_ff_reg[0][7]/C
    SLICE_X35Y2          FDRE (Prop_fdre_C_Q)         0.141     0.141 r  DATA_HANDLER/FIFO/U0/inst_fifo_gen/gconvfifo.rf/grf.rf/gntv_or_sync_fifo.gcx.clkx/rd_pntr_cdc_inst/dest_graysync_ff_reg[0][7]/Q
                         net (fo=1, routed)           0.056     0.197    DATA_HANDLER/FIFO/U0/inst_fifo_gen/gconvfifo.rf/grf.rf/gntv_or_sync_fifo.gcx.clkx/rd_pntr_cdc_inst/dest_graysync_ff[0][7]
    SLICE_X35Y2          FDRE                                         r  DATA_HANDLER/FIFO/U0/inst_fifo_gen/gconvfifo.rf/grf.rf/gntv_or_sync_fifo.gcx.clkx/rd_pntr_cdc_inst/dest_graysync_ff_reg[1][7]/D
  -------------------------------------------------------------------    -------------------

Slack:                    inf
  Source:                 DATA_HANDLER/FIFO/U0/inst_fifo_gen/gconvfifo.rf/grf.rf/gntv_or_sync_fifo.gcx.clkx/rd_pntr_cdc_inst/dest_graysync_ff_reg[0][8]/C
                            (rising edge-triggered cell FDRE)
  Destination:            DATA_HANDLER/FIFO/U0/inst_fifo_gen/gconvfifo.rf/grf.rf/gntv_or_sync_fifo.gcx.clkx/rd_pntr_cdc_inst/dest_graysync_ff_reg[1][8]/D
  Path Group:             (none)
  Path Type:              Min at Fast Process Corner
  Data Path Delay:        0.197ns  (logic 0.141ns (71.611%)  route 0.056ns (28.389%))
  Logic Levels:           1  (FDRE=1)

    Location             Delay type                Incr(ns)  Path(ns)    Netlist Resource(s)
  -------------------------------------------------------------------    -------------------
    SLICE_X33Y6          FDRE                         0.000     0.000 r  DATA_HANDLER/FIFO/U0/inst_fifo_gen/gconvfifo.rf/grf.rf/gntv_or_sync_fifo.gcx.clkx/rd_pntr_cdc_inst/dest_graysync_ff_reg[0][8]/C
    SLICE_X33Y6          FDRE (Prop_fdre_C_Q)         0.141     0.141 r  DATA_HANDLER/FIFO/U0/inst_fifo_gen/gconvfifo.rf/grf.rf/gntv_or_sync_fifo.gcx.clkx/rd_pntr_cdc_inst/dest_graysync_ff_reg[0][8]/Q
                         net (fo=1, routed)           0.056     0.197    DATA_HANDLER/FIFO/U0/inst_fifo_gen/gconvfifo.rf/grf.rf/gntv_or_sync_fifo.gcx.clkx/rd_pntr_cdc_inst/dest_graysync_ff[0][8]
    SLICE_X33Y6          FDRE                                         r  DATA_HANDLER/FIFO/U0/inst_fifo_gen/gconvfifo.rf/grf.rf/gntv_or_sync_fifo.gcx.clkx/rd_pntr_cdc_inst/dest_graysync_ff_reg[1][8]/D
  -------------------------------------------------------------------    -------------------

Slack:                    inf
  Source:                 DATA_HANDLER/FIFO/U0/inst_fifo_gen/gconvfifo.rf/grf.rf/gntv_or_sync_fifo.gcx.clkx/rd_pntr_cdc_inst/dest_graysync_ff_reg[0][9]/C
                            (rising edge-triggered cell FDRE)
  Destination:            DATA_HANDLER/FIFO/U0/inst_fifo_gen/gconvfifo.rf/grf.rf/gntv_or_sync_fifo.gcx.clkx/rd_pntr_cdc_inst/dest_graysync_ff_reg[1][9]/D
  Path Group:             (none)
  Path Type:              Min at Fast Process Corner
  Data Path Delay:        0.197ns  (logic 0.141ns (71.611%)  route 0.056ns (28.389%))
  Logic Levels:           1  (FDRE=1)

    Location             Delay type                Incr(ns)  Path(ns)    Netlist Resource(s)
  -------------------------------------------------------------------    -------------------
    SLICE_X33Y6          FDRE                         0.000     0.000 r  DATA_HANDLER/FIFO/U0/inst_fifo_gen/gconvfifo.rf/grf.rf/gntv_or_sync_fifo.gcx.clkx/rd_pntr_cdc_inst/dest_graysync_ff_reg[0][9]/C
    SLICE_X33Y6          FDRE (Prop_fdre_C_Q)         0.141     0.141 r  DATA_HANDLER/FIFO/U0/inst_fifo_gen/gconvfifo.rf/grf.rf/gntv_or_sync_fifo.gcx.clkx/rd_pntr_cdc_inst/dest_graysync_ff_reg[0][9]/Q
                         net (fo=1, routed)           0.056     0.197    DATA_HANDLER/FIFO/U0/inst_fifo_gen/gconvfifo.rf/grf.rf/gntv_or_sync_fifo.gcx.clkx/rd_pntr_cdc_inst/dest_graysync_ff[0][9]
    SLICE_X33Y6          FDRE                                         r  DATA_HANDLER/FIFO/U0/inst_fifo_gen/gconvfifo.rf/grf.rf/gntv_or_sync_fifo.gcx.clkx/rd_pntr_cdc_inst/dest_graysync_ff_reg[1][9]/D
  -------------------------------------------------------------------    -------------------

Slack:                    inf
  Source:                 DATA_PROCESSOR/DDS_GENERATOR/U0/i_synth/i_has_nd_rdy_pipe.valid_phase_read_del/opt_has_pipe.first_q_reg[0]/C
                            (rising edge-triggered cell FDRE)
  Destination:            DATA_PROCESSOR/DDS_GENERATOR/U0/i_synth/i_has_nd_rdy_pipe.valid_phase_read_del/opt_has_pipe.i_pipe[4].pipe_reg[4][0]_srl3/D
  Path Group:             (none)
  Path Type:              Min at Fast Process Corner
  Data Path Delay:        0.197ns  (logic 0.141ns (71.611%)  route 0.056ns (28.389%))
  Logic Levels:           1  (FDRE=1)

    Location             Delay type                Incr(ns)  Path(ns)    Netlist Resource(s)
  -------------------------------------------------------------------    -------------------
    SLICE_X19Y22         FDRE                         0.000     0.000 r  DATA_PROCESSOR/DDS_GENERATOR/U0/i_synth/i_has_nd_rdy_pipe.valid_phase_read_del/opt_has_pipe.first_q_reg[0]/C
    SLICE_X19Y22         FDRE (Prop_fdre_C_Q)         0.141     0.141 r  DATA_PROCESSOR/DDS_GENERATOR/U0/i_synth/i_has_nd_rdy_pipe.valid_phase_read_del/opt_has_pipe.first_q_reg[0]/Q
                         net (fo=1, routed)           0.056     0.197    DATA_PROCESSOR/DDS_GENERATOR/U0/i_synth/i_has_nd_rdy_pipe.valid_phase_read_del/opt_has_pipe.first_q
    SLICE_X18Y22         SRL16E                                       r  DATA_PROCESSOR/DDS_GENERATOR/U0/i_synth/i_has_nd_rdy_pipe.valid_phase_read_del/opt_has_pipe.i_pipe[4].pipe_reg[4][0]_srl3/D
  -------------------------------------------------------------------    -------------------





--------------------------------------------------------------------------------------
Path Group:  (none)
From Clock:  sys_clk_pin
  To Clock:  

Max Delay          1830 Endpoints
Min Delay          1830 Endpoints
--------------------------------------------------------------------------------------


Max Delay Paths
--------------------------------------------------------------------------------------
Slack:                    inf
  Source:                 LORA_DRIVER/LORA_TX/bit_reg[4]/C
                            (rising edge-triggered cell FDRE clocked by sys_clk_pin  {rise@0.000ns fall@5.000ns period=10.000ns})
  Destination:            LORA_DRIVER/LORA_TX/packet_reg_reg[217]/CE
  Path Group:             (none)
  Path Type:              Max at Slow Process Corner
  Data Path Delay:        9.466ns  (logic 1.126ns (11.895%)  route 8.340ns (88.105%))
  Logic Levels:           3  (LUT2=1 LUT6=2)
  Clock Uncertainty:      0.025ns  ((TSJ^2 + TIJ^2)^1/2 + DJ) / 2 + PE
    Total System Jitter     (TSJ):    0.050ns
    Total Input Jitter      (TIJ):    0.000ns
    Discrete Jitter          (DJ):    0.000ns
    Phase Error              (PE):    0.000ns

    Location             Delay type                Incr(ns)  Path(ns)    Netlist Resource(s)
  -------------------------------------------------------------------    -------------------
                         (clock sys_clk_pin rise edge)
                                                      0.000     0.000 r  
    G4                                                0.000     0.000 r  clk (IN)
                         net (fo=0)                   0.000     0.000    clk
    G4                   IBUF (Prop_ibuf_I_O)         1.432     1.432 r  clk_IBUF_inst/O
                         net (fo=1, routed)           1.990     3.422    clk_IBUF
    BUFGCTRL_X0Y2        BUFG (Prop_bufg_I_O)         0.096     3.518 r  clk_IBUF_BUFG_inst/O
                         net (fo=900, routed)         1.699     5.217    LORA_DRIVER/LORA_TX/clk_IBUF_BUFG
    SLICE_X38Y9          FDRE                                         r  LORA_DRIVER/LORA_TX/bit_reg[4]/C
  -------------------------------------------------------------------    -------------------
    SLICE_X38Y9          FDRE (Prop_fdre_C_Q)         0.518     5.735 r  LORA_DRIVER/LORA_TX/bit_reg[4]/Q
                         net (fo=13, routed)          1.249     6.984    LORA_DRIVER/LORA_TX/bit_reg_n_0_[4]
    SLICE_X34Y11         LUT2 (Prop_lut2_I1_O)        0.153     7.137 r  LORA_DRIVER/LORA_TX/state_next[2]_i_6/O
                         net (fo=3, routed)           0.836     7.973    LORA_DRIVER/LORA_TX/state_next[2]_i_6_n_0
    SLICE_X34Y9          LUT6 (Prop_lut6_I3_O)        0.331     8.304 r  LORA_DRIVER/LORA_TX/state_next[2]_i_2/O
                         net (fo=27, routed)          2.011    10.316    LORA_DRIVER/LORA_TX/state_next[2]_i_2_n_0
    SLICE_X34Y8          LUT6 (Prop_lut6_I4_O)        0.124    10.440 r  LORA_DRIVER/LORA_TX/packet_reg[511]_i_1/O
                         net (fo=513, routed)         4.243    14.683    LORA_DRIVER/LORA_TX/packet_reg[511]_i_1_n_0
    SLICE_X21Y16         FDRE                                         r  LORA_DRIVER/LORA_TX/packet_reg_reg[217]/CE
  -------------------------------------------------------------------    -------------------

Slack:                    inf
  Source:                 LORA_DRIVER/LORA_TX/bit_reg[4]/C
                            (rising edge-triggered cell FDRE clocked by sys_clk_pin  {rise@0.000ns fall@5.000ns period=10.000ns})
  Destination:            LORA_DRIVER/LORA_TX/packet_reg_reg[225]/CE
  Path Group:             (none)
  Path Type:              Max at Slow Process Corner
  Data Path Delay:        9.466ns  (logic 1.126ns (11.895%)  route 8.340ns (88.105%))
  Logic Levels:           3  (LUT2=1 LUT6=2)
  Clock Uncertainty:      0.025ns  ((TSJ^2 + TIJ^2)^1/2 + DJ) / 2 + PE
    Total System Jitter     (TSJ):    0.050ns
    Total Input Jitter      (TIJ):    0.000ns
    Discrete Jitter          (DJ):    0.000ns
    Phase Error              (PE):    0.000ns

    Location             Delay type                Incr(ns)  Path(ns)    Netlist Resource(s)
  -------------------------------------------------------------------    -------------------
                         (clock sys_clk_pin rise edge)
                                                      0.000     0.000 r  
    G4                                                0.000     0.000 r  clk (IN)
                         net (fo=0)                   0.000     0.000    clk
    G4                   IBUF (Prop_ibuf_I_O)         1.432     1.432 r  clk_IBUF_inst/O
                         net (fo=1, routed)           1.990     3.422    clk_IBUF
    BUFGCTRL_X0Y2        BUFG (Prop_bufg_I_O)         0.096     3.518 r  clk_IBUF_BUFG_inst/O
                         net (fo=900, routed)         1.699     5.217    LORA_DRIVER/LORA_TX/clk_IBUF_BUFG
    SLICE_X38Y9          FDRE                                         r  LORA_DRIVER/LORA_TX/bit_reg[4]/C
  -------------------------------------------------------------------    -------------------
    SLICE_X38Y9          FDRE (Prop_fdre_C_Q)         0.518     5.735 r  LORA_DRIVER/LORA_TX/bit_reg[4]/Q
                         net (fo=13, routed)          1.249     6.984    LORA_DRIVER/LORA_TX/bit_reg_n_0_[4]
    SLICE_X34Y11         LUT2 (Prop_lut2_I1_O)        0.153     7.137 r  LORA_DRIVER/LORA_TX/state_next[2]_i_6/O
                         net (fo=3, routed)           0.836     7.973    LORA_DRIVER/LORA_TX/state_next[2]_i_6_n_0
    SLICE_X34Y9          LUT6 (Prop_lut6_I3_O)        0.331     8.304 r  LORA_DRIVER/LORA_TX/state_next[2]_i_2/O
                         net (fo=27, routed)          2.011    10.316    LORA_DRIVER/LORA_TX/state_next[2]_i_2_n_0
    SLICE_X34Y8          LUT6 (Prop_lut6_I4_O)        0.124    10.440 r  LORA_DRIVER/LORA_TX/packet_reg[511]_i_1/O
                         net (fo=513, routed)         4.243    14.683    LORA_DRIVER/LORA_TX/packet_reg[511]_i_1_n_0
    SLICE_X21Y16         FDRE                                         r  LORA_DRIVER/LORA_TX/packet_reg_reg[225]/CE
  -------------------------------------------------------------------    -------------------

Slack:                    inf
  Source:                 LORA_DRIVER/LORA_TX/bit_reg[4]/C
                            (rising edge-triggered cell FDRE clocked by sys_clk_pin  {rise@0.000ns fall@5.000ns period=10.000ns})
  Destination:            LORA_DRIVER/LORA_TX/packet_reg_reg[233]/CE
  Path Group:             (none)
  Path Type:              Max at Slow Process Corner
  Data Path Delay:        9.466ns  (logic 1.126ns (11.895%)  route 8.340ns (88.105%))
  Logic Levels:           3  (LUT2=1 LUT6=2)
  Clock Uncertainty:      0.025ns  ((TSJ^2 + TIJ^2)^1/2 + DJ) / 2 + PE
    Total System Jitter     (TSJ):    0.050ns
    Total Input Jitter      (TIJ):    0.000ns
    Discrete Jitter          (DJ):    0.000ns
    Phase Error              (PE):    0.000ns

    Location             Delay type                Incr(ns)  Path(ns)    Netlist Resource(s)
  -------------------------------------------------------------------    -------------------
                         (clock sys_clk_pin rise edge)
                                                      0.000     0.000 r  
    G4                                                0.000     0.000 r  clk (IN)
                         net (fo=0)                   0.000     0.000    clk
    G4                   IBUF (Prop_ibuf_I_O)         1.432     1.432 r  clk_IBUF_inst/O
                         net (fo=1, routed)           1.990     3.422    clk_IBUF
    BUFGCTRL_X0Y2        BUFG (Prop_bufg_I_O)         0.096     3.518 r  clk_IBUF_BUFG_inst/O
                         net (fo=900, routed)         1.699     5.217    LORA_DRIVER/LORA_TX/clk_IBUF_BUFG
    SLICE_X38Y9          FDRE                                         r  LORA_DRIVER/LORA_TX/bit_reg[4]/C
  -------------------------------------------------------------------    -------------------
    SLICE_X38Y9          FDRE (Prop_fdre_C_Q)         0.518     5.735 r  LORA_DRIVER/LORA_TX/bit_reg[4]/Q
                         net (fo=13, routed)          1.249     6.984    LORA_DRIVER/LORA_TX/bit_reg_n_0_[4]
    SLICE_X34Y11         LUT2 (Prop_lut2_I1_O)        0.153     7.137 r  LORA_DRIVER/LORA_TX/state_next[2]_i_6/O
                         net (fo=3, routed)           0.836     7.973    LORA_DRIVER/LORA_TX/state_next[2]_i_6_n_0
    SLICE_X34Y9          LUT6 (Prop_lut6_I3_O)        0.331     8.304 r  LORA_DRIVER/LORA_TX/state_next[2]_i_2/O
                         net (fo=27, routed)          2.011    10.316    LORA_DRIVER/LORA_TX/state_next[2]_i_2_n_0
    SLICE_X34Y8          LUT6 (Prop_lut6_I4_O)        0.124    10.440 r  LORA_DRIVER/LORA_TX/packet_reg[511]_i_1/O
                         net (fo=513, routed)         4.243    14.683    LORA_DRIVER/LORA_TX/packet_reg[511]_i_1_n_0
    SLICE_X21Y16         FDRE                                         r  LORA_DRIVER/LORA_TX/packet_reg_reg[233]/CE
  -------------------------------------------------------------------    -------------------

Slack:                    inf
  Source:                 LORA_DRIVER/LORA_TX/bit_reg[4]/C
                            (rising edge-triggered cell FDRE clocked by sys_clk_pin  {rise@0.000ns fall@5.000ns period=10.000ns})
  Destination:            LORA_DRIVER/LORA_TX/packet_reg_reg[241]/CE
  Path Group:             (none)
  Path Type:              Max at Slow Process Corner
  Data Path Delay:        9.466ns  (logic 1.126ns (11.895%)  route 8.340ns (88.105%))
  Logic Levels:           3  (LUT2=1 LUT6=2)
  Clock Uncertainty:      0.025ns  ((TSJ^2 + TIJ^2)^1/2 + DJ) / 2 + PE
    Total System Jitter     (TSJ):    0.050ns
    Total Input Jitter      (TIJ):    0.000ns
    Discrete Jitter          (DJ):    0.000ns
    Phase Error              (PE):    0.000ns

    Location             Delay type                Incr(ns)  Path(ns)    Netlist Resource(s)
  -------------------------------------------------------------------    -------------------
                         (clock sys_clk_pin rise edge)
                                                      0.000     0.000 r  
    G4                                                0.000     0.000 r  clk (IN)
                         net (fo=0)                   0.000     0.000    clk
    G4                   IBUF (Prop_ibuf_I_O)         1.432     1.432 r  clk_IBUF_inst/O
                         net (fo=1, routed)           1.990     3.422    clk_IBUF
    BUFGCTRL_X0Y2        BUFG (Prop_bufg_I_O)         0.096     3.518 r  clk_IBUF_BUFG_inst/O
                         net (fo=900, routed)         1.699     5.217    LORA_DRIVER/LORA_TX/clk_IBUF_BUFG
    SLICE_X38Y9          FDRE                                         r  LORA_DRIVER/LORA_TX/bit_reg[4]/C
  -------------------------------------------------------------------    -------------------
    SLICE_X38Y9          FDRE (Prop_fdre_C_Q)         0.518     5.735 r  LORA_DRIVER/LORA_TX/bit_reg[4]/Q
                         net (fo=13, routed)          1.249     6.984    LORA_DRIVER/LORA_TX/bit_reg_n_0_[4]
    SLICE_X34Y11         LUT2 (Prop_lut2_I1_O)        0.153     7.137 r  LORA_DRIVER/LORA_TX/state_next[2]_i_6/O
                         net (fo=3, routed)           0.836     7.973    LORA_DRIVER/LORA_TX/state_next[2]_i_6_n_0
    SLICE_X34Y9          LUT6 (Prop_lut6_I3_O)        0.331     8.304 r  LORA_DRIVER/LORA_TX/state_next[2]_i_2/O
                         net (fo=27, routed)          2.011    10.316    LORA_DRIVER/LORA_TX/state_next[2]_i_2_n_0
    SLICE_X34Y8          LUT6 (Prop_lut6_I4_O)        0.124    10.440 r  LORA_DRIVER/LORA_TX/packet_reg[511]_i_1/O
                         net (fo=513, routed)         4.243    14.683    LORA_DRIVER/LORA_TX/packet_reg[511]_i_1_n_0
    SLICE_X21Y16         FDRE                                         r  LORA_DRIVER/LORA_TX/packet_reg_reg[241]/CE
  -------------------------------------------------------------------    -------------------

Slack:                    inf
  Source:                 LORA_DRIVER/LORA_TX/bit_reg[4]/C
                            (rising edge-triggered cell FDRE clocked by sys_clk_pin  {rise@0.000ns fall@5.000ns period=10.000ns})
  Destination:            LORA_DRIVER/LORA_TX/packet_reg_reg[249]/CE
  Path Group:             (none)
  Path Type:              Max at Slow Process Corner
  Data Path Delay:        9.183ns  (logic 1.126ns (12.262%)  route 8.057ns (87.738%))
  Logic Levels:           3  (LUT2=1 LUT6=2)
  Clock Uncertainty:      0.025ns  ((TSJ^2 + TIJ^2)^1/2 + DJ) / 2 + PE
    Total System Jitter     (TSJ):    0.050ns
    Total Input Jitter      (TIJ):    0.000ns
    Discrete Jitter          (DJ):    0.000ns
    Phase Error              (PE):    0.000ns

    Location             Delay type                Incr(ns)  Path(ns)    Netlist Resource(s)
  -------------------------------------------------------------------    -------------------
                         (clock sys_clk_pin rise edge)
                                                      0.000     0.000 r  
    G4                                                0.000     0.000 r  clk (IN)
                         net (fo=0)                   0.000     0.000    clk
    G4                   IBUF (Prop_ibuf_I_O)         1.432     1.432 r  clk_IBUF_inst/O
                         net (fo=1, routed)           1.990     3.422    clk_IBUF
    BUFGCTRL_X0Y2        BUFG (Prop_bufg_I_O)         0.096     3.518 r  clk_IBUF_BUFG_inst/O
                         net (fo=900, routed)         1.699     5.217    LORA_DRIVER/LORA_TX/clk_IBUF_BUFG
    SLICE_X38Y9          FDRE                                         r  LORA_DRIVER/LORA_TX/bit_reg[4]/C
  -------------------------------------------------------------------    -------------------
    SLICE_X38Y9          FDRE (Prop_fdre_C_Q)         0.518     5.735 r  LORA_DRIVER/LORA_TX/bit_reg[4]/Q
                         net (fo=13, routed)          1.249     6.984    LORA_DRIVER/LORA_TX/bit_reg_n_0_[4]
    SLICE_X34Y11         LUT2 (Prop_lut2_I1_O)        0.153     7.137 r  LORA_DRIVER/LORA_TX/state_next[2]_i_6/O
                         net (fo=3, routed)           0.836     7.973    LORA_DRIVER/LORA_TX/state_next[2]_i_6_n_0
    SLICE_X34Y9          LUT6 (Prop_lut6_I3_O)        0.331     8.304 r  LORA_DRIVER/LORA_TX/state_next[2]_i_2/O
                         net (fo=27, routed)          2.011    10.316    LORA_DRIVER/LORA_TX/state_next[2]_i_2_n_0
    SLICE_X34Y8          LUT6 (Prop_lut6_I4_O)        0.124    10.440 r  LORA_DRIVER/LORA_TX/packet_reg[511]_i_1/O
                         net (fo=513, routed)         3.960    14.400    LORA_DRIVER/LORA_TX/packet_reg[511]_i_1_n_0
    SLICE_X20Y15         FDRE                                         r  LORA_DRIVER/LORA_TX/packet_reg_reg[249]/CE
  -------------------------------------------------------------------    -------------------

Slack:                    inf
  Source:                 LORA_DRIVER/LORA_TX/bit_reg[4]/C
                            (rising edge-triggered cell FDRE clocked by sys_clk_pin  {rise@0.000ns fall@5.000ns period=10.000ns})
  Destination:            LORA_DRIVER/LORA_TX/packet_reg_reg[257]/CE
  Path Group:             (none)
  Path Type:              Max at Slow Process Corner
  Data Path Delay:        9.183ns  (logic 1.126ns (12.262%)  route 8.057ns (87.738%))
  Logic Levels:           3  (LUT2=1 LUT6=2)
  Clock Uncertainty:      0.025ns  ((TSJ^2 + TIJ^2)^1/2 + DJ) / 2 + PE
    Total System Jitter     (TSJ):    0.050ns
    Total Input Jitter      (TIJ):    0.000ns
    Discrete Jitter          (DJ):    0.000ns
    Phase Error              (PE):    0.000ns

    Location             Delay type                Incr(ns)  Path(ns)    Netlist Resource(s)
  -------------------------------------------------------------------    -------------------
                         (clock sys_clk_pin rise edge)
                                                      0.000     0.000 r  
    G4                                                0.000     0.000 r  clk (IN)
                         net (fo=0)                   0.000     0.000    clk
    G4                   IBUF (Prop_ibuf_I_O)         1.432     1.432 r  clk_IBUF_inst/O
                         net (fo=1, routed)           1.990     3.422    clk_IBUF
    BUFGCTRL_X0Y2        BUFG (Prop_bufg_I_O)         0.096     3.518 r  clk_IBUF_BUFG_inst/O
                         net (fo=900, routed)         1.699     5.217    LORA_DRIVER/LORA_TX/clk_IBUF_BUFG
    SLICE_X38Y9          FDRE                                         r  LORA_DRIVER/LORA_TX/bit_reg[4]/C
  -------------------------------------------------------------------    -------------------
    SLICE_X38Y9          FDRE (Prop_fdre_C_Q)         0.518     5.735 r  LORA_DRIVER/LORA_TX/bit_reg[4]/Q
                         net (fo=13, routed)          1.249     6.984    LORA_DRIVER/LORA_TX/bit_reg_n_0_[4]
    SLICE_X34Y11         LUT2 (Prop_lut2_I1_O)        0.153     7.137 r  LORA_DRIVER/LORA_TX/state_next[2]_i_6/O
                         net (fo=3, routed)           0.836     7.973    LORA_DRIVER/LORA_TX/state_next[2]_i_6_n_0
    SLICE_X34Y9          LUT6 (Prop_lut6_I3_O)        0.331     8.304 r  LORA_DRIVER/LORA_TX/state_next[2]_i_2/O
                         net (fo=27, routed)          2.011    10.316    LORA_DRIVER/LORA_TX/state_next[2]_i_2_n_0
    SLICE_X34Y8          LUT6 (Prop_lut6_I4_O)        0.124    10.440 r  LORA_DRIVER/LORA_TX/packet_reg[511]_i_1/O
                         net (fo=513, routed)         3.960    14.400    LORA_DRIVER/LORA_TX/packet_reg[511]_i_1_n_0
    SLICE_X20Y15         FDRE                                         r  LORA_DRIVER/LORA_TX/packet_reg_reg[257]/CE
  -------------------------------------------------------------------    -------------------

Slack:                    inf
  Source:                 LORA_DRIVER/LORA_TX/bit_reg[4]/C
                            (rising edge-triggered cell FDRE clocked by sys_clk_pin  {rise@0.000ns fall@5.000ns period=10.000ns})
  Destination:            LORA_DRIVER/LORA_TX/packet_reg_reg[265]/CE
  Path Group:             (none)
  Path Type:              Max at Slow Process Corner
  Data Path Delay:        9.183ns  (logic 1.126ns (12.262%)  route 8.057ns (87.738%))
  Logic Levels:           3  (LUT2=1 LUT6=2)
  Clock Uncertainty:      0.025ns  ((TSJ^2 + TIJ^2)^1/2 + DJ) / 2 + PE
    Total System Jitter     (TSJ):    0.050ns
    Total Input Jitter      (TIJ):    0.000ns
    Discrete Jitter          (DJ):    0.000ns
    Phase Error              (PE):    0.000ns

    Location             Delay type                Incr(ns)  Path(ns)    Netlist Resource(s)
  -------------------------------------------------------------------    -------------------
                         (clock sys_clk_pin rise edge)
                                                      0.000     0.000 r  
    G4                                                0.000     0.000 r  clk (IN)
                         net (fo=0)                   0.000     0.000    clk
    G4                   IBUF (Prop_ibuf_I_O)         1.432     1.432 r  clk_IBUF_inst/O
                         net (fo=1, routed)           1.990     3.422    clk_IBUF
    BUFGCTRL_X0Y2        BUFG (Prop_bufg_I_O)         0.096     3.518 r  clk_IBUF_BUFG_inst/O
                         net (fo=900, routed)         1.699     5.217    LORA_DRIVER/LORA_TX/clk_IBUF_BUFG
    SLICE_X38Y9          FDRE                                         r  LORA_DRIVER/LORA_TX/bit_reg[4]/C
  -------------------------------------------------------------------    -------------------
    SLICE_X38Y9          FDRE (Prop_fdre_C_Q)         0.518     5.735 r  LORA_DRIVER/LORA_TX/bit_reg[4]/Q
                         net (fo=13, routed)          1.249     6.984    LORA_DRIVER/LORA_TX/bit_reg_n_0_[4]
    SLICE_X34Y11         LUT2 (Prop_lut2_I1_O)        0.153     7.137 r  LORA_DRIVER/LORA_TX/state_next[2]_i_6/O
                         net (fo=3, routed)           0.836     7.973    LORA_DRIVER/LORA_TX/state_next[2]_i_6_n_0
    SLICE_X34Y9          LUT6 (Prop_lut6_I3_O)        0.331     8.304 r  LORA_DRIVER/LORA_TX/state_next[2]_i_2/O
                         net (fo=27, routed)          2.011    10.316    LORA_DRIVER/LORA_TX/state_next[2]_i_2_n_0
    SLICE_X34Y8          LUT6 (Prop_lut6_I4_O)        0.124    10.440 r  LORA_DRIVER/LORA_TX/packet_reg[511]_i_1/O
                         net (fo=513, routed)         3.960    14.400    LORA_DRIVER/LORA_TX/packet_reg[511]_i_1_n_0
    SLICE_X20Y15         FDRE                                         r  LORA_DRIVER/LORA_TX/packet_reg_reg[265]/CE
  -------------------------------------------------------------------    -------------------

Slack:                    inf
  Source:                 LORA_DRIVER/LORA_TX/bit_reg[4]/C
                            (rising edge-triggered cell FDRE clocked by sys_clk_pin  {rise@0.000ns fall@5.000ns period=10.000ns})
  Destination:            LORA_DRIVER/LORA_TX/packet_reg_reg[273]/CE
  Path Group:             (none)
  Path Type:              Max at Slow Process Corner
  Data Path Delay:        9.183ns  (logic 1.126ns (12.262%)  route 8.057ns (87.738%))
  Logic Levels:           3  (LUT2=1 LUT6=2)
  Clock Uncertainty:      0.025ns  ((TSJ^2 + TIJ^2)^1/2 + DJ) / 2 + PE
    Total System Jitter     (TSJ):    0.050ns
    Total Input Jitter      (TIJ):    0.000ns
    Discrete Jitter          (DJ):    0.000ns
    Phase Error              (PE):    0.000ns

    Location             Delay type                Incr(ns)  Path(ns)    Netlist Resource(s)
  -------------------------------------------------------------------    -------------------
                         (clock sys_clk_pin rise edge)
                                                      0.000     0.000 r  
    G4                                                0.000     0.000 r  clk (IN)
                         net (fo=0)                   0.000     0.000    clk
    G4                   IBUF (Prop_ibuf_I_O)         1.432     1.432 r  clk_IBUF_inst/O
                         net (fo=1, routed)           1.990     3.422    clk_IBUF
    BUFGCTRL_X0Y2        BUFG (Prop_bufg_I_O)         0.096     3.518 r  clk_IBUF_BUFG_inst/O
                         net (fo=900, routed)         1.699     5.217    LORA_DRIVER/LORA_TX/clk_IBUF_BUFG
    SLICE_X38Y9          FDRE                                         r  LORA_DRIVER/LORA_TX/bit_reg[4]/C
  -------------------------------------------------------------------    -------------------
    SLICE_X38Y9          FDRE (Prop_fdre_C_Q)         0.518     5.735 r  LORA_DRIVER/LORA_TX/bit_reg[4]/Q
                         net (fo=13, routed)          1.249     6.984    LORA_DRIVER/LORA_TX/bit_reg_n_0_[4]
    SLICE_X34Y11         LUT2 (Prop_lut2_I1_O)        0.153     7.137 r  LORA_DRIVER/LORA_TX/state_next[2]_i_6/O
                         net (fo=3, routed)           0.836     7.973    LORA_DRIVER/LORA_TX/state_next[2]_i_6_n_0
    SLICE_X34Y9          LUT6 (Prop_lut6_I3_O)        0.331     8.304 r  LORA_DRIVER/LORA_TX/state_next[2]_i_2/O
                         net (fo=27, routed)          2.011    10.316    LORA_DRIVER/LORA_TX/state_next[2]_i_2_n_0
    SLICE_X34Y8          LUT6 (Prop_lut6_I4_O)        0.124    10.440 r  LORA_DRIVER/LORA_TX/packet_reg[511]_i_1/O
                         net (fo=513, routed)         3.960    14.400    LORA_DRIVER/LORA_TX/packet_reg[511]_i_1_n_0
    SLICE_X20Y15         FDRE                                         r  LORA_DRIVER/LORA_TX/packet_reg_reg[273]/CE
  -------------------------------------------------------------------    -------------------

Slack:                    inf
  Source:                 LORA_DRIVER/LORA_TX/bit_reg[4]/C
                            (rising edge-triggered cell FDRE clocked by sys_clk_pin  {rise@0.000ns fall@5.000ns period=10.000ns})
  Destination:            LORA_DRIVER/LORA_TX/packet_reg_reg[281]/CE
  Path Group:             (none)
  Path Type:              Max at Slow Process Corner
  Data Path Delay:        9.183ns  (logic 1.126ns (12.262%)  route 8.057ns (87.738%))
  Logic Levels:           3  (LUT2=1 LUT6=2)
  Clock Uncertainty:      0.025ns  ((TSJ^2 + TIJ^2)^1/2 + DJ) / 2 + PE
    Total System Jitter     (TSJ):    0.050ns
    Total Input Jitter      (TIJ):    0.000ns
    Discrete Jitter          (DJ):    0.000ns
    Phase Error              (PE):    0.000ns

    Location             Delay type                Incr(ns)  Path(ns)    Netlist Resource(s)
  -------------------------------------------------------------------    -------------------
                         (clock sys_clk_pin rise edge)
                                                      0.000     0.000 r  
    G4                                                0.000     0.000 r  clk (IN)
                         net (fo=0)                   0.000     0.000    clk
    G4                   IBUF (Prop_ibuf_I_O)         1.432     1.432 r  clk_IBUF_inst/O
                         net (fo=1, routed)           1.990     3.422    clk_IBUF
    BUFGCTRL_X0Y2        BUFG (Prop_bufg_I_O)         0.096     3.518 r  clk_IBUF_BUFG_inst/O
                         net (fo=900, routed)         1.699     5.217    LORA_DRIVER/LORA_TX/clk_IBUF_BUFG
    SLICE_X38Y9          FDRE                                         r  LORA_DRIVER/LORA_TX/bit_reg[4]/C
  -------------------------------------------------------------------    -------------------
    SLICE_X38Y9          FDRE (Prop_fdre_C_Q)         0.518     5.735 r  LORA_DRIVER/LORA_TX/bit_reg[4]/Q
                         net (fo=13, routed)          1.249     6.984    LORA_DRIVER/LORA_TX/bit_reg_n_0_[4]
    SLICE_X34Y11         LUT2 (Prop_lut2_I1_O)        0.153     7.137 r  LORA_DRIVER/LORA_TX/state_next[2]_i_6/O
                         net (fo=3, routed)           0.836     7.973    LORA_DRIVER/LORA_TX/state_next[2]_i_6_n_0
    SLICE_X34Y9          LUT6 (Prop_lut6_I3_O)        0.331     8.304 r  LORA_DRIVER/LORA_TX/state_next[2]_i_2/O
                         net (fo=27, routed)          2.011    10.316    LORA_DRIVER/LORA_TX/state_next[2]_i_2_n_0
    SLICE_X34Y8          LUT6 (Prop_lut6_I4_O)        0.124    10.440 r  LORA_DRIVER/LORA_TX/packet_reg[511]_i_1/O
                         net (fo=513, routed)         3.960    14.400    LORA_DRIVER/LORA_TX/packet_reg[511]_i_1_n_0
    SLICE_X20Y15         FDRE                                         r  LORA_DRIVER/LORA_TX/packet_reg_reg[281]/CE
  -------------------------------------------------------------------    -------------------

Slack:                    inf
  Source:                 LORA_DRIVER/LORA_TX/bit_reg[4]/C
                            (rising edge-triggered cell FDRE clocked by sys_clk_pin  {rise@0.000ns fall@5.000ns period=10.000ns})
  Destination:            LORA_DRIVER/LORA_TX/packet_reg_reg[289]/CE
  Path Group:             (none)
  Path Type:              Max at Slow Process Corner
  Data Path Delay:        9.183ns  (logic 1.126ns (12.262%)  route 8.057ns (87.738%))
  Logic Levels:           3  (LUT2=1 LUT6=2)
  Clock Uncertainty:      0.025ns  ((TSJ^2 + TIJ^2)^1/2 + DJ) / 2 + PE
    Total System Jitter     (TSJ):    0.050ns
    Total Input Jitter      (TIJ):    0.000ns
    Discrete Jitter          (DJ):    0.000ns
    Phase Error              (PE):    0.000ns

    Location             Delay type                Incr(ns)  Path(ns)    Netlist Resource(s)
  -------------------------------------------------------------------    -------------------
                         (clock sys_clk_pin rise edge)
                                                      0.000     0.000 r  
    G4                                                0.000     0.000 r  clk (IN)
                         net (fo=0)                   0.000     0.000    clk
    G4                   IBUF (Prop_ibuf_I_O)         1.432     1.432 r  clk_IBUF_inst/O
                         net (fo=1, routed)           1.990     3.422    clk_IBUF
    BUFGCTRL_X0Y2        BUFG (Prop_bufg_I_O)         0.096     3.518 r  clk_IBUF_BUFG_inst/O
                         net (fo=900, routed)         1.699     5.217    LORA_DRIVER/LORA_TX/clk_IBUF_BUFG
    SLICE_X38Y9          FDRE                                         r  LORA_DRIVER/LORA_TX/bit_reg[4]/C
  -------------------------------------------------------------------    -------------------
    SLICE_X38Y9          FDRE (Prop_fdre_C_Q)         0.518     5.735 r  LORA_DRIVER/LORA_TX/bit_reg[4]/Q
                         net (fo=13, routed)          1.249     6.984    LORA_DRIVER/LORA_TX/bit_reg_n_0_[4]
    SLICE_X34Y11         LUT2 (Prop_lut2_I1_O)        0.153     7.137 r  LORA_DRIVER/LORA_TX/state_next[2]_i_6/O
                         net (fo=3, routed)           0.836     7.973    LORA_DRIVER/LORA_TX/state_next[2]_i_6_n_0
    SLICE_X34Y9          LUT6 (Prop_lut6_I3_O)        0.331     8.304 r  LORA_DRIVER/LORA_TX/state_next[2]_i_2/O
                         net (fo=27, routed)          2.011    10.316    LORA_DRIVER/LORA_TX/state_next[2]_i_2_n_0
    SLICE_X34Y8          LUT6 (Prop_lut6_I4_O)        0.124    10.440 r  LORA_DRIVER/LORA_TX/packet_reg[511]_i_1/O
                         net (fo=513, routed)         3.960    14.400    LORA_DRIVER/LORA_TX/packet_reg[511]_i_1_n_0
    SLICE_X20Y15         FDRE                                         r  LORA_DRIVER/LORA_TX/packet_reg_reg[289]/CE
  -------------------------------------------------------------------    -------------------





Min Delay Paths
--------------------------------------------------------------------------------------
Slack:                    inf
  Source:                 DATA_HANDLER/packet_reg_reg[505]/C
                            (rising edge-triggered cell FDRE clocked by sys_clk_pin  {rise@0.000ns fall@5.000ns period=10.000ns})
  Destination:            DATA_HANDLER/packet_reg_transfer_reg[505]/D
  Path Group:             (none)
  Path Type:              Min at Fast Process Corner
  Data Path Delay:        0.249ns  (logic 0.128ns (51.422%)  route 0.121ns (48.577%))
  Logic Levels:           0  
  Clock Uncertainty:      0.025ns  ((TSJ^2 + TIJ^2)^1/2 + DJ) / 2 + PE
    Total System Jitter     (TSJ):    0.050ns
    Total Input Jitter      (TIJ):    0.000ns
    Discrete Jitter          (DJ):    0.000ns
    Phase Error              (PE):    0.000ns

    Location             Delay type                Incr(ns)  Path(ns)    Netlist Resource(s)
  -------------------------------------------------------------------    -------------------
                         (clock sys_clk_pin rise edge)
                                                      0.000     0.000 r  
    G4                                                0.000     0.000 r  clk (IN)
                         net (fo=0)                   0.000     0.000    clk
    G4                   IBUF (Prop_ibuf_I_O)         0.200     0.200 r  clk_IBUF_inst/O
                         net (fo=1, routed)           0.630     0.831    clk_IBUF
    BUFGCTRL_X0Y2        BUFG (Prop_bufg_I_O)         0.026     0.857 r  clk_IBUF_BUFG_inst/O
                         net (fo=900, routed)         0.563     1.419    DATA_HANDLER/clk_IBUF_BUFG
    SLICE_X13Y10         FDRE                                         r  DATA_HANDLER/packet_reg_reg[505]/C
  -------------------------------------------------------------------    -------------------
    SLICE_X13Y10         FDRE (Prop_fdre_C_Q)         0.128     1.547 r  DATA_HANDLER/packet_reg_reg[505]/Q
                         net (fo=2, routed)           0.121     1.668    DATA_HANDLER/packet_reg_reg_n_0_[505]
    SLICE_X15Y10         FDRE                                         r  DATA_HANDLER/packet_reg_transfer_reg[505]/D
  -------------------------------------------------------------------    -------------------

Slack:                    inf
  Source:                 DATA_HANDLER/packet_reg_reg[367]/C
                            (rising edge-triggered cell FDRE clocked by sys_clk_pin  {rise@0.000ns fall@5.000ns period=10.000ns})
  Destination:            DATA_HANDLER/packet_reg_transfer_reg[367]/D
  Path Group:             (none)
  Path Type:              Min at Fast Process Corner
  Data Path Delay:        0.248ns  (logic 0.186ns (74.990%)  route 0.062ns (25.010%))
  Logic Levels:           1  (LUT4=1)
  Clock Uncertainty:      0.025ns  ((TSJ^2 + TIJ^2)^1/2 + DJ) / 2 + PE
    Total System Jitter     (TSJ):    0.050ns
    Total Input Jitter      (TIJ):    0.000ns
    Discrete Jitter          (DJ):    0.000ns
    Phase Error              (PE):    0.000ns

    Location             Delay type                Incr(ns)  Path(ns)    Netlist Resource(s)
  -------------------------------------------------------------------    -------------------
                         (clock sys_clk_pin rise edge)
                                                      0.000     0.000 r  
    G4                                                0.000     0.000 r  clk (IN)
                         net (fo=0)                   0.000     0.000    clk
    G4                   IBUF (Prop_ibuf_I_O)         0.200     0.200 r  clk_IBUF_inst/O
                         net (fo=1, routed)           0.630     0.831    clk_IBUF
    BUFGCTRL_X0Y2        BUFG (Prop_bufg_I_O)         0.026     0.857 r  clk_IBUF_BUFG_inst/O
                         net (fo=900, routed)         0.566     1.422    DATA_HANDLER/clk_IBUF_BUFG
    SLICE_X8Y6           FDRE                                         r  DATA_HANDLER/packet_reg_reg[367]/C
  -------------------------------------------------------------------    -------------------
    SLICE_X8Y6           FDRE (Prop_fdre_C_Q)         0.141     1.563 r  DATA_HANDLER/packet_reg_reg[367]/Q
                         net (fo=2, routed)           0.062     1.625    DATA_HANDLER/packet_reg_reg_n_0_[367]
    SLICE_X9Y6           LUT4 (Prop_lut4_I2_O)        0.045     1.670 r  DATA_HANDLER/packet_reg_transfer[367]_i_1/O
                         net (fo=1, routed)           0.000     1.670    DATA_HANDLER/packet_reg_transfer[367]_i_1_n_0
    SLICE_X9Y6           FDRE                                         r  DATA_HANDLER/packet_reg_transfer_reg[367]/D
  -------------------------------------------------------------------    -------------------

Slack:                    inf
  Source:                 DATA_HANDLER/packet_reg_reg[196]/C
                            (rising edge-triggered cell FDRE clocked by sys_clk_pin  {rise@0.000ns fall@5.000ns period=10.000ns})
  Destination:            DATA_HANDLER/packet_reg_transfer_reg[196]/D
  Path Group:             (none)
  Path Type:              Min at Fast Process Corner
  Data Path Delay:        0.248ns  (logic 0.186ns (74.990%)  route 0.062ns (25.010%))
  Logic Levels:           1  (LUT4=1)
  Clock Uncertainty:      0.025ns  ((TSJ^2 + TIJ^2)^1/2 + DJ) / 2 + PE
    Total System Jitter     (TSJ):    0.050ns
    Total Input Jitter      (TIJ):    0.000ns
    Discrete Jitter          (DJ):    0.000ns
    Phase Error              (PE):    0.000ns

    Location             Delay type                Incr(ns)  Path(ns)    Netlist Resource(s)
  -------------------------------------------------------------------    -------------------
                         (clock sys_clk_pin rise edge)
                                                      0.000     0.000 r  
    G4                                                0.000     0.000 r  clk (IN)
                         net (fo=0)                   0.000     0.000    clk
    G4                   IBUF (Prop_ibuf_I_O)         0.200     0.200 r  clk_IBUF_inst/O
                         net (fo=1, routed)           0.630     0.831    clk_IBUF
    BUFGCTRL_X0Y2        BUFG (Prop_bufg_I_O)         0.026     0.857 r  clk_IBUF_BUFG_inst/O
                         net (fo=900, routed)         0.567     1.423    DATA_HANDLER/clk_IBUF_BUFG
    SLICE_X0Y12          FDRE                                         r  DATA_HANDLER/packet_reg_reg[196]/C
  -------------------------------------------------------------------    -------------------
    SLICE_X0Y12          FDRE (Prop_fdre_C_Q)         0.141     1.564 r  DATA_HANDLER/packet_reg_reg[196]/Q
                         net (fo=2, routed)           0.062     1.626    DATA_HANDLER/packet_reg_reg_n_0_[196]
    SLICE_X1Y12          LUT4 (Prop_lut4_I2_O)        0.045     1.671 r  DATA_HANDLER/packet_reg_transfer[196]_i_1/O
                         net (fo=1, routed)           0.000     1.671    DATA_HANDLER/packet_reg_transfer[196]_i_1_n_0
    SLICE_X1Y12          FDRE                                         r  DATA_HANDLER/packet_reg_transfer_reg[196]/D
  -------------------------------------------------------------------    -------------------

Slack:                    inf
  Source:                 DATA_HANDLER/packet_reg_reg[435]/C
                            (rising edge-triggered cell FDRE clocked by sys_clk_pin  {rise@0.000ns fall@5.000ns period=10.000ns})
  Destination:            DATA_HANDLER/packet_reg_transfer_reg[435]/D
  Path Group:             (none)
  Path Type:              Min at Fast Process Corner
  Data Path Delay:        0.251ns  (logic 0.186ns (74.042%)  route 0.065ns (25.958%))
  Logic Levels:           1  (LUT4=1)
  Clock Uncertainty:      0.025ns  ((TSJ^2 + TIJ^2)^1/2 + DJ) / 2 + PE
    Total System Jitter     (TSJ):    0.050ns
    Total Input Jitter      (TIJ):    0.000ns
    Discrete Jitter          (DJ):    0.000ns
    Phase Error              (PE):    0.000ns

    Location             Delay type                Incr(ns)  Path(ns)    Netlist Resource(s)
  -------------------------------------------------------------------    -------------------
                         (clock sys_clk_pin rise edge)
                                                      0.000     0.000 r  
    G4                                                0.000     0.000 r  clk (IN)
                         net (fo=0)                   0.000     0.000    clk
    G4                   IBUF (Prop_ibuf_I_O)         0.200     0.200 r  clk_IBUF_inst/O
                         net (fo=1, routed)           0.630     0.831    clk_IBUF
    BUFGCTRL_X0Y2        BUFG (Prop_bufg_I_O)         0.026     0.857 r  clk_IBUF_BUFG_inst/O
                         net (fo=900, routed)         0.565     1.421    DATA_HANDLER/clk_IBUF_BUFG
    SLICE_X11Y8          FDRE                                         r  DATA_HANDLER/packet_reg_reg[435]/C
  -------------------------------------------------------------------    -------------------
    SLICE_X11Y8          FDRE (Prop_fdre_C_Q)         0.141     1.562 r  DATA_HANDLER/packet_reg_reg[435]/Q
                         net (fo=2, routed)           0.065     1.627    DATA_HANDLER/packet_reg_reg_n_0_[435]
    SLICE_X10Y8          LUT4 (Prop_lut4_I2_O)        0.045     1.672 r  DATA_HANDLER/packet_reg_transfer[435]_i_1/O
                         net (fo=1, routed)           0.000     1.672    DATA_HANDLER/packet_reg_transfer[435]_i_1_n_0
    SLICE_X10Y8          FDRE                                         r  DATA_HANDLER/packet_reg_transfer_reg[435]/D
  -------------------------------------------------------------------    -------------------

Slack:                    inf
  Source:                 DATA_HANDLER/packet_reg_reg[183]/C
                            (rising edge-triggered cell FDRE clocked by sys_clk_pin  {rise@0.000ns fall@5.000ns period=10.000ns})
  Destination:            DATA_HANDLER/packet_reg_transfer_reg[183]/D
  Path Group:             (none)
  Path Type:              Min at Fast Process Corner
  Data Path Delay:        0.251ns  (logic 0.186ns (74.094%)  route 0.065ns (25.906%))
  Logic Levels:           1  (LUT4=1)
  Clock Uncertainty:      0.025ns  ((TSJ^2 + TIJ^2)^1/2 + DJ) / 2 + PE
    Total System Jitter     (TSJ):    0.050ns
    Total Input Jitter      (TIJ):    0.000ns
    Discrete Jitter          (DJ):    0.000ns
    Phase Error              (PE):    0.000ns

    Location             Delay type                Incr(ns)  Path(ns)    Netlist Resource(s)
  -------------------------------------------------------------------    -------------------
                         (clock sys_clk_pin rise edge)
                                                      0.000     0.000 r  
    G4                                                0.000     0.000 r  clk (IN)
                         net (fo=0)                   0.000     0.000    clk
    G4                   IBUF (Prop_ibuf_I_O)         0.200     0.200 r  clk_IBUF_inst/O
                         net (fo=1, routed)           0.630     0.831    clk_IBUF
    BUFGCTRL_X0Y2        BUFG (Prop_bufg_I_O)         0.026     0.857 r  clk_IBUF_BUFG_inst/O
                         net (fo=900, routed)         0.566     1.422    DATA_HANDLER/clk_IBUF_BUFG
    SLICE_X4Y10          FDRE                                         r  DATA_HANDLER/packet_reg_reg[183]/C
  -------------------------------------------------------------------    -------------------
    SLICE_X4Y10          FDRE (Prop_fdre_C_Q)         0.141     1.563 r  DATA_HANDLER/packet_reg_reg[183]/Q
                         net (fo=2, routed)           0.065     1.628    DATA_HANDLER/packet_reg_reg_n_0_[183]
    SLICE_X5Y10          LUT4 (Prop_lut4_I2_O)        0.045     1.673 r  DATA_HANDLER/packet_reg_transfer[183]_i_1/O
                         net (fo=1, routed)           0.000     1.673    DATA_HANDLER/packet_reg_transfer[183]_i_1_n_0
    SLICE_X5Y10          FDRE                                         r  DATA_HANDLER/packet_reg_transfer_reg[183]/D
  -------------------------------------------------------------------    -------------------

Slack:                    inf
  Source:                 DATA_HANDLER/packet_reg_reg[212]/C
                            (rising edge-triggered cell FDRE clocked by sys_clk_pin  {rise@0.000ns fall@5.000ns period=10.000ns})
  Destination:            DATA_HANDLER/packet_reg_transfer_reg[212]/D
  Path Group:             (none)
  Path Type:              Min at Fast Process Corner
  Data Path Delay:        0.248ns  (logic 0.186ns (74.990%)  route 0.062ns (25.010%))
  Logic Levels:           1  (LUT4=1)
  Clock Uncertainty:      0.025ns  ((TSJ^2 + TIJ^2)^1/2 + DJ) / 2 + PE
    Total System Jitter     (TSJ):    0.050ns
    Total Input Jitter      (TIJ):    0.000ns
    Discrete Jitter          (DJ):    0.000ns
    Phase Error              (PE):    0.000ns

    Location             Delay type                Incr(ns)  Path(ns)    Netlist Resource(s)
  -------------------------------------------------------------------    -------------------
                         (clock sys_clk_pin rise edge)
                                                      0.000     0.000 r  
    G4                                                0.000     0.000 r  clk (IN)
                         net (fo=0)                   0.000     0.000    clk
    G4                   IBUF (Prop_ibuf_I_O)         0.200     0.200 r  clk_IBUF_inst/O
                         net (fo=1, routed)           0.630     0.831    clk_IBUF
    BUFGCTRL_X0Y2        BUFG (Prop_bufg_I_O)         0.026     0.857 r  clk_IBUF_BUFG_inst/O
                         net (fo=900, routed)         0.569     1.425    DATA_HANDLER/clk_IBUF_BUFG
    SLICE_X0Y9           FDRE                                         r  DATA_HANDLER/packet_reg_reg[212]/C
  -------------------------------------------------------------------    -------------------
    SLICE_X0Y9           FDRE (Prop_fdre_C_Q)         0.141     1.566 r  DATA_HANDLER/packet_reg_reg[212]/Q
                         net (fo=2, routed)           0.062     1.628    DATA_HANDLER/packet_reg_reg_n_0_[212]
    SLICE_X1Y9           LUT4 (Prop_lut4_I2_O)        0.045     1.673 r  DATA_HANDLER/packet_reg_transfer[212]_i_1/O
                         net (fo=1, routed)           0.000     1.673    DATA_HANDLER/packet_reg_transfer[212]_i_1_n_0
    SLICE_X1Y9           FDRE                                         r  DATA_HANDLER/packet_reg_transfer_reg[212]/D
  -------------------------------------------------------------------    -------------------

Slack:                    inf
  Source:                 DATA_HANDLER/packet_reg_reg[375]/C
                            (rising edge-triggered cell FDRE clocked by sys_clk_pin  {rise@0.000ns fall@5.000ns period=10.000ns})
  Destination:            DATA_HANDLER/packet_reg_transfer_reg[375]/D
  Path Group:             (none)
  Path Type:              Min at Fast Process Corner
  Data Path Delay:        0.251ns  (logic 0.186ns (74.086%)  route 0.065ns (25.914%))
  Logic Levels:           1  (LUT4=1)
  Clock Uncertainty:      0.025ns  ((TSJ^2 + TIJ^2)^1/2 + DJ) / 2 + PE
    Total System Jitter     (TSJ):    0.050ns
    Total Input Jitter      (TIJ):    0.000ns
    Discrete Jitter          (DJ):    0.000ns
    Phase Error              (PE):    0.000ns

    Location             Delay type                Incr(ns)  Path(ns)    Netlist Resource(s)
  -------------------------------------------------------------------    -------------------
                         (clock sys_clk_pin rise edge)
                                                      0.000     0.000 r  
    G4                                                0.000     0.000 r  clk (IN)
                         net (fo=0)                   0.000     0.000    clk
    G4                   IBUF (Prop_ibuf_I_O)         0.200     0.200 r  clk_IBUF_inst/O
                         net (fo=1, routed)           0.630     0.831    clk_IBUF
    BUFGCTRL_X0Y2        BUFG (Prop_bufg_I_O)         0.026     0.857 r  clk_IBUF_BUFG_inst/O
                         net (fo=900, routed)         0.566     1.422    DATA_HANDLER/clk_IBUF_BUFG
    SLICE_X8Y4           FDRE                                         r  DATA_HANDLER/packet_reg_reg[375]/C
  -------------------------------------------------------------------    -------------------
    SLICE_X8Y4           FDRE (Prop_fdre_C_Q)         0.141     1.563 r  DATA_HANDLER/packet_reg_reg[375]/Q
                         net (fo=2, routed)           0.065     1.628    DATA_HANDLER/packet_reg_reg_n_0_[375]
    SLICE_X9Y4           LUT4 (Prop_lut4_I2_O)        0.045     1.673 r  DATA_HANDLER/packet_reg_transfer[375]_i_1/O
                         net (fo=1, routed)           0.000     1.673    DATA_HANDLER/packet_reg_transfer[375]_i_1_n_0
    SLICE_X9Y4           FDRE                                         r  DATA_HANDLER/packet_reg_transfer_reg[375]/D
  -------------------------------------------------------------------    -------------------

Slack:                    inf
  Source:                 DATA_HANDLER/packet_reg_reg[408]/C
                            (rising edge-triggered cell FDRE clocked by sys_clk_pin  {rise@0.000ns fall@5.000ns period=10.000ns})
  Destination:            DATA_HANDLER/packet_reg_transfer_reg[408]/D
  Path Group:             (none)
  Path Type:              Min at Fast Process Corner
  Data Path Delay:        0.251ns  (logic 0.186ns (74.086%)  route 0.065ns (25.914%))
  Logic Levels:           1  (LUT4=1)
  Clock Uncertainty:      0.025ns  ((TSJ^2 + TIJ^2)^1/2 + DJ) / 2 + PE
    Total System Jitter     (TSJ):    0.050ns
    Total Input Jitter      (TIJ):    0.000ns
    Discrete Jitter          (DJ):    0.000ns
    Phase Error              (PE):    0.000ns

    Location             Delay type                Incr(ns)  Path(ns)    Netlist Resource(s)
  -------------------------------------------------------------------    -------------------
                         (clock sys_clk_pin rise edge)
                                                      0.000     0.000 r  
    G4                                                0.000     0.000 r  clk (IN)
                         net (fo=0)                   0.000     0.000    clk
    G4                   IBUF (Prop_ibuf_I_O)         0.200     0.200 r  clk_IBUF_inst/O
                         net (fo=1, routed)           0.630     0.831    clk_IBUF
    BUFGCTRL_X0Y2        BUFG (Prop_bufg_I_O)         0.026     0.857 r  clk_IBUF_BUFG_inst/O
                         net (fo=900, routed)         0.566     1.422    DATA_HANDLER/clk_IBUF_BUFG
    SLICE_X12Y0          FDRE                                         r  DATA_HANDLER/packet_reg_reg[408]/C
  -------------------------------------------------------------------    -------------------
    SLICE_X12Y0          FDRE (Prop_fdre_C_Q)         0.141     1.563 r  DATA_HANDLER/packet_reg_reg[408]/Q
                         net (fo=2, routed)           0.065     1.628    DATA_HANDLER/packet_reg_reg_n_0_[408]
    SLICE_X13Y0          LUT4 (Prop_lut4_I2_O)        0.045     1.673 r  DATA_HANDLER/packet_reg_transfer[408]_i_1/O
                         net (fo=1, routed)           0.000     1.673    DATA_HANDLER/packet_reg_transfer[408]_i_1_n_0
    SLICE_X13Y0          FDRE                                         r  DATA_HANDLER/packet_reg_transfer_reg[408]/D
  -------------------------------------------------------------------    -------------------

Slack:                    inf
  Source:                 DATA_HANDLER/packet_reg_reg[506]/C
                            (rising edge-triggered cell FDRE clocked by sys_clk_pin  {rise@0.000ns fall@5.000ns period=10.000ns})
  Destination:            DATA_HANDLER/packet_reg_transfer_reg[506]/D
  Path Group:             (none)
  Path Type:              Min at Fast Process Corner
  Data Path Delay:        0.254ns  (logic 0.141ns (55.481%)  route 0.113ns (44.519%))
  Logic Levels:           0  
  Clock Uncertainty:      0.025ns  ((TSJ^2 + TIJ^2)^1/2 + DJ) / 2 + PE
    Total System Jitter     (TSJ):    0.050ns
    Total Input Jitter      (TIJ):    0.000ns
    Discrete Jitter          (DJ):    0.000ns
    Phase Error              (PE):    0.000ns

    Location             Delay type                Incr(ns)  Path(ns)    Netlist Resource(s)
  -------------------------------------------------------------------    -------------------
                         (clock sys_clk_pin rise edge)
                                                      0.000     0.000 r  
    G4                                                0.000     0.000 r  clk (IN)
                         net (fo=0)                   0.000     0.000    clk
    G4                   IBUF (Prop_ibuf_I_O)         0.200     0.200 r  clk_IBUF_inst/O
                         net (fo=1, routed)           0.630     0.831    clk_IBUF
    BUFGCTRL_X0Y2        BUFG (Prop_bufg_I_O)         0.026     0.857 r  clk_IBUF_BUFG_inst/O
                         net (fo=900, routed)         0.563     1.419    DATA_HANDLER/clk_IBUF_BUFG
    SLICE_X13Y10         FDRE                                         r  DATA_HANDLER/packet_reg_reg[506]/C
  -------------------------------------------------------------------    -------------------
    SLICE_X13Y10         FDRE (Prop_fdre_C_Q)         0.141     1.560 r  DATA_HANDLER/packet_reg_reg[506]/Q
                         net (fo=2, routed)           0.113     1.673    DATA_HANDLER/packet_reg_reg_n_0_[506]
    SLICE_X15Y10         FDRE                                         r  DATA_HANDLER/packet_reg_transfer_reg[506]/D
  -------------------------------------------------------------------    -------------------

Slack:                    inf
  Source:                 DATA_HANDLER/packet_reg_reg[244]/C
                            (rising edge-triggered cell FDRE clocked by sys_clk_pin  {rise@0.000ns fall@5.000ns period=10.000ns})
  Destination:            DATA_HANDLER/packet_reg_transfer_reg[244]/D
  Path Group:             (none)
  Path Type:              Min at Fast Process Corner
  Data Path Delay:        0.251ns  (logic 0.186ns (74.094%)  route 0.065ns (25.906%))
  Logic Levels:           1  (LUT4=1)
  Clock Uncertainty:      0.025ns  ((TSJ^2 + TIJ^2)^1/2 + DJ) / 2 + PE
    Total System Jitter     (TSJ):    0.050ns
    Total Input Jitter      (TIJ):    0.000ns
    Discrete Jitter          (DJ):    0.000ns
    Phase Error              (PE):    0.000ns

    Location             Delay type                Incr(ns)  Path(ns)    Netlist Resource(s)
  -------------------------------------------------------------------    -------------------
                         (clock sys_clk_pin rise edge)
                                                      0.000     0.000 r  
    G4                                                0.000     0.000 r  clk (IN)
                         net (fo=0)                   0.000     0.000    clk
    G4                   IBUF (Prop_ibuf_I_O)         0.200     0.200 r  clk_IBUF_inst/O
                         net (fo=1, routed)           0.630     0.831    clk_IBUF
    BUFGCTRL_X0Y2        BUFG (Prop_bufg_I_O)         0.026     0.857 r  clk_IBUF_BUFG_inst/O
                         net (fo=900, routed)         0.570     1.426    DATA_HANDLER/clk_IBUF_BUFG
    SLICE_X0Y6           FDRE                                         r  DATA_HANDLER/packet_reg_reg[244]/C
  -------------------------------------------------------------------    -------------------
    SLICE_X0Y6           FDRE (Prop_fdre_C_Q)         0.141     1.567 r  DATA_HANDLER/packet_reg_reg[244]/Q
                         net (fo=2, routed)           0.065     1.632    DATA_HANDLER/packet_reg_reg_n_0_[244]
    SLICE_X1Y6           LUT4 (Prop_lut4_I2_O)        0.045     1.677 r  DATA_HANDLER/packet_reg_transfer[244]_i_1/O
                         net (fo=1, routed)           0.000     1.677    DATA_HANDLER/packet_reg_transfer[244]_i_1_n_0
    SLICE_X1Y6           FDRE                                         r  DATA_HANDLER/packet_reg_transfer_reg[244]/D
  -------------------------------------------------------------------    -------------------





--------------------------------------------------------------------------------------
Path Group:  (none)
From Clock:  
  To Clock:  sys_clk_pin

Max Delay           192 Endpoints
Min Delay           192 Endpoints
--------------------------------------------------------------------------------------


Max Delay Paths
--------------------------------------------------------------------------------------
Slack:                    inf
  Source:                 I0
                            (input port)
  Destination:            GPS_CONTROL/PRNG/seed_reg[0]/D
                            (rising edge-triggered cell FDRE clocked by sys_clk_pin  {rise@0.000ns fall@5.000ns period=10.000ns})
  Path Group:             (none)
  Path Type:              Setup (Max at Slow Process Corner)
  Data Path Delay:        4.532ns  (logic 1.472ns (32.484%)  route 3.060ns (67.516%))
  Logic Levels:           1  (IBUF=1)
  Clock Path Skew:        4.843ns (DCD - SCD + CPR)
    Destination Clock Delay (DCD):    4.843ns
    Source Clock Delay      (SCD):    0.000ns
    Clock Pessimism Removal (CPR):    0.000ns
  Clock Uncertainty:      0.025ns  ((TSJ^2 + TIJ^2)^1/2 + DJ) / 2 + PE
    Total System Jitter     (TSJ):    0.050ns
    Total Input Jitter      (TIJ):    0.000ns
    Discrete Jitter          (DJ):    0.000ns
    Phase Error              (PE):    0.000ns

    Location             Delay type                Incr(ns)  Path(ns)    Netlist Resource(s)
  -------------------------------------------------------------------    -------------------
    B5                                                0.000     0.000 r  I0 (IN)
                         net (fo=0)                   0.000     0.000    I0
    B5                   IBUF (Prop_ibuf_I_O)         1.472     1.472 r  I0_IBUF_inst/O
                         net (fo=3, routed)           3.060     4.532    GPS_CONTROL/PRNG/D[0]
    SLICE_X25Y0          FDRE                                         r  GPS_CONTROL/PRNG/seed_reg[0]/D
  -------------------------------------------------------------------    -------------------

                         (clock sys_clk_pin rise edge)
                                                      0.000     0.000 r  
    G4                                                0.000     0.000 r  clk (IN)
                         net (fo=0)                   0.000     0.000    clk
    G4                   IBUF (Prop_ibuf_I_O)         1.362     1.362 r  clk_IBUF_inst/O
                         net (fo=1, routed)           1.886     3.248    clk_IBUF
    BUFGCTRL_X0Y2        BUFG (Prop_bufg_I_O)         0.091     3.339 r  clk_IBUF_BUFG_inst/O
                         net (fo=900, routed)         1.504     4.843    GPS_CONTROL/PRNG/clk_IBUF_BUFG
    SLICE_X25Y0          FDRE                                         r  GPS_CONTROL/PRNG/seed_reg[0]/C

Slack:                    inf
  Source:                 DATA_HANDLER/fifo_data_count_reg[18]/C
                            (rising edge-triggered cell FDRE)
  Destination:            DATA_HANDLER/TRANSMIT_BEGIN_reg/D
                            (rising edge-triggered cell FDRE clocked by sys_clk_pin  {rise@0.000ns fall@5.000ns period=10.000ns})
  Path Group:             (none)
  Path Type:              Setup (Max at Slow Process Corner)
  Data Path Delay:        3.678ns  (logic 1.014ns (27.572%)  route 2.664ns (72.428%))
  Logic Levels:           5  (FDRE=1 LUT2=1 LUT4=1 LUT6=2)
  Clock Uncertainty:      0.025ns  ((TSJ^2 + TIJ^2)^1/2 + DJ) / 2 + PE
    Total System Jitter     (TSJ):    0.050ns
    Total Input Jitter      (TIJ):    0.000ns
    Discrete Jitter          (DJ):    0.000ns
    Phase Error              (PE):    0.000ns

    Location             Delay type                Incr(ns)  Path(ns)    Netlist Resource(s)
  -------------------------------------------------------------------    -------------------
    SLICE_X18Y8          FDRE                         0.000     0.000 r  DATA_HANDLER/fifo_data_count_reg[18]/C
    SLICE_X18Y8          FDRE (Prop_fdre_C_Q)         0.518     0.518 f  DATA_HANDLER/fifo_data_count_reg[18]/Q
                         net (fo=3, routed)           1.097     1.615    DATA_HANDLER/fifo_data_count_reg_n_0_[18]
    SLICE_X20Y7          LUT2 (Prop_lut2_I0_O)        0.124     1.739 f  DATA_HANDLER/wr_en_reg_i_3/O
                         net (fo=3, routed)           0.596     2.334    DATA_HANDLER/wr_en_reg_i_3_n_0
    SLICE_X20Y6          LUT6 (Prop_lut6_I2_O)        0.124     2.458 r  DATA_HANDLER/TRANSMIT_BEGIN_i_5/O
                         net (fo=1, routed)           0.810     3.268    DATA_HANDLER/TRANSMIT_BEGIN_i_5_n_0
    SLICE_X20Y7          LUT6 (Prop_lut6_I3_O)        0.124     3.392 r  DATA_HANDLER/TRANSMIT_BEGIN_i_2/O
                         net (fo=1, routed)           0.162     3.554    DATA_HANDLER/TRANSMIT_BEGIN_i_2_n_0
    SLICE_X20Y7          LUT4 (Prop_lut4_I0_O)        0.124     3.678 r  DATA_HANDLER/TRANSMIT_BEGIN_i_1/O
                         net (fo=1, routed)           0.000     3.678    DATA_HANDLER/TRANSMIT_BEGIN_i_1_n_0
    SLICE_X20Y7          FDRE                                         r  DATA_HANDLER/TRANSMIT_BEGIN_reg/D
  -------------------------------------------------------------------    -------------------

                         (clock sys_clk_pin rise edge)
                                                      0.000     0.000 r  
    G4                                                0.000     0.000 r  clk (IN)
                         net (fo=0)                   0.000     0.000    clk
    G4                   IBUF (Prop_ibuf_I_O)         1.362     1.362 r  clk_IBUF_inst/O
                         net (fo=1, routed)           1.886     3.248    clk_IBUF
    BUFGCTRL_X0Y2        BUFG (Prop_bufg_I_O)         0.091     3.339 r  clk_IBUF_BUFG_inst/O
                         net (fo=900, routed)         1.498     4.837    DATA_HANDLER/clk_IBUF_BUFG
    SLICE_X20Y7          FDRE                                         r  DATA_HANDLER/TRANSMIT_BEGIN_reg/C

Slack:                    inf
  Source:                 LORA_DRIVER/LORA_TX/tx_done_reg_reg/C
                            (rising edge-triggered cell FDRE)
  Destination:            DATA_HANDLER/delay_reg_reg[0]/CE
                            (rising edge-triggered cell FDRE clocked by sys_clk_pin  {rise@0.000ns fall@5.000ns period=10.000ns})
  Path Group:             (none)
  Path Type:              Setup (Max at Slow Process Corner)
  Data Path Delay:        3.623ns  (logic 0.772ns (21.309%)  route 2.851ns (78.691%))
  Logic Levels:           3  (FDRE=1 LUT2=1 LUT6=1)
  Clock Uncertainty:      0.025ns  ((TSJ^2 + TIJ^2)^1/2 + DJ) / 2 + PE
    Total System Jitter     (TSJ):    0.050ns
    Total Input Jitter      (TIJ):    0.000ns
    Discrete Jitter          (DJ):    0.000ns
    Phase Error              (PE):    0.000ns

    Location             Delay type                Incr(ns)  Path(ns)    Netlist Resource(s)
  -------------------------------------------------------------------    -------------------
    SLICE_X28Y7          FDRE                         0.000     0.000 r  LORA_DRIVER/LORA_TX/tx_done_reg_reg/C
    SLICE_X28Y7          FDRE (Prop_fdre_C_Q)         0.524     0.524 r  LORA_DRIVER/LORA_TX/tx_done_reg_reg/Q
                         net (fo=8, routed)           1.544     2.068    LORA_DRIVER/LORA_TX/tx_done_reg_reg_0
    SLICE_X16Y7          LUT2 (Prop_lut2_I0_O)        0.124     2.192 r  LORA_DRIVER/LORA_TX/delay_reg[0]_i_3/O
                         net (fo=1, routed)           0.375     2.567    DATA_HANDLER/TRANSMIT_BEGIN1
    SLICE_X16Y7          LUT6 (Prop_lut6_I1_O)        0.124     2.691 r  DATA_HANDLER/delay_reg[0]_i_1/O
                         net (fo=24, routed)          0.931     3.623    DATA_HANDLER/delay_reg[0]_i_1_n_0
    SLICE_X16Y1          FDRE                                         r  DATA_HANDLER/delay_reg_reg[0]/CE
  -------------------------------------------------------------------    -------------------

                         (clock sys_clk_pin rise edge)
                                                      0.000     0.000 r  
    G4                                                0.000     0.000 r  clk (IN)
                         net (fo=0)                   0.000     0.000    clk
    G4                   IBUF (Prop_ibuf_I_O)         1.362     1.362 r  clk_IBUF_inst/O
                         net (fo=1, routed)           1.886     3.248    clk_IBUF
    BUFGCTRL_X0Y2        BUFG (Prop_bufg_I_O)         0.091     3.339 r  clk_IBUF_BUFG_inst/O
                         net (fo=900, routed)         1.511     4.850    DATA_HANDLER/clk_IBUF_BUFG
    SLICE_X16Y1          FDRE                                         r  DATA_HANDLER/delay_reg_reg[0]/C

Slack:                    inf
  Source:                 LORA_DRIVER/LORA_TX/tx_done_reg_reg/C
                            (rising edge-triggered cell FDRE)
  Destination:            DATA_HANDLER/delay_reg_reg[1]/CE
                            (rising edge-triggered cell FDRE clocked by sys_clk_pin  {rise@0.000ns fall@5.000ns period=10.000ns})
  Path Group:             (none)
  Path Type:              Setup (Max at Slow Process Corner)
  Data Path Delay:        3.623ns  (logic 0.772ns (21.309%)  route 2.851ns (78.691%))
  Logic Levels:           3  (FDRE=1 LUT2=1 LUT6=1)
  Clock Uncertainty:      0.025ns  ((TSJ^2 + TIJ^2)^1/2 + DJ) / 2 + PE
    Total System Jitter     (TSJ):    0.050ns
    Total Input Jitter      (TIJ):    0.000ns
    Discrete Jitter          (DJ):    0.000ns
    Phase Error              (PE):    0.000ns

    Location             Delay type                Incr(ns)  Path(ns)    Netlist Resource(s)
  -------------------------------------------------------------------    -------------------
    SLICE_X28Y7          FDRE                         0.000     0.000 r  LORA_DRIVER/LORA_TX/tx_done_reg_reg/C
    SLICE_X28Y7          FDRE (Prop_fdre_C_Q)         0.524     0.524 r  LORA_DRIVER/LORA_TX/tx_done_reg_reg/Q
                         net (fo=8, routed)           1.544     2.068    LORA_DRIVER/LORA_TX/tx_done_reg_reg_0
    SLICE_X16Y7          LUT2 (Prop_lut2_I0_O)        0.124     2.192 r  LORA_DRIVER/LORA_TX/delay_reg[0]_i_3/O
                         net (fo=1, routed)           0.375     2.567    DATA_HANDLER/TRANSMIT_BEGIN1
    SLICE_X16Y7          LUT6 (Prop_lut6_I1_O)        0.124     2.691 r  DATA_HANDLER/delay_reg[0]_i_1/O
                         net (fo=24, routed)          0.931     3.623    DATA_HANDLER/delay_reg[0]_i_1_n_0
    SLICE_X16Y1          FDRE                                         r  DATA_HANDLER/delay_reg_reg[1]/CE
  -------------------------------------------------------------------    -------------------

                         (clock sys_clk_pin rise edge)
                                                      0.000     0.000 r  
    G4                                                0.000     0.000 r  clk (IN)
                         net (fo=0)                   0.000     0.000    clk
    G4                   IBUF (Prop_ibuf_I_O)         1.362     1.362 r  clk_IBUF_inst/O
                         net (fo=1, routed)           1.886     3.248    clk_IBUF
    BUFGCTRL_X0Y2        BUFG (Prop_bufg_I_O)         0.091     3.339 r  clk_IBUF_BUFG_inst/O
                         net (fo=900, routed)         1.511     4.850    DATA_HANDLER/clk_IBUF_BUFG
    SLICE_X16Y1          FDRE                                         r  DATA_HANDLER/delay_reg_reg[1]/C

Slack:                    inf
  Source:                 LORA_DRIVER/LORA_TX/tx_done_reg_reg/C
                            (rising edge-triggered cell FDRE)
  Destination:            DATA_HANDLER/delay_reg_reg[2]/CE
                            (rising edge-triggered cell FDRE clocked by sys_clk_pin  {rise@0.000ns fall@5.000ns period=10.000ns})
  Path Group:             (none)
  Path Type:              Setup (Max at Slow Process Corner)
  Data Path Delay:        3.623ns  (logic 0.772ns (21.309%)  route 2.851ns (78.691%))
  Logic Levels:           3  (FDRE=1 LUT2=1 LUT6=1)
  Clock Uncertainty:      0.025ns  ((TSJ^2 + TIJ^2)^1/2 + DJ) / 2 + PE
    Total System Jitter     (TSJ):    0.050ns
    Total Input Jitter      (TIJ):    0.000ns
    Discrete Jitter          (DJ):    0.000ns
    Phase Error              (PE):    0.000ns

    Location             Delay type                Incr(ns)  Path(ns)    Netlist Resource(s)
  -------------------------------------------------------------------    -------------------
    SLICE_X28Y7          FDRE                         0.000     0.000 r  LORA_DRIVER/LORA_TX/tx_done_reg_reg/C
    SLICE_X28Y7          FDRE (Prop_fdre_C_Q)         0.524     0.524 r  LORA_DRIVER/LORA_TX/tx_done_reg_reg/Q
                         net (fo=8, routed)           1.544     2.068    LORA_DRIVER/LORA_TX/tx_done_reg_reg_0
    SLICE_X16Y7          LUT2 (Prop_lut2_I0_O)        0.124     2.192 r  LORA_DRIVER/LORA_TX/delay_reg[0]_i_3/O
                         net (fo=1, routed)           0.375     2.567    DATA_HANDLER/TRANSMIT_BEGIN1
    SLICE_X16Y7          LUT6 (Prop_lut6_I1_O)        0.124     2.691 r  DATA_HANDLER/delay_reg[0]_i_1/O
                         net (fo=24, routed)          0.931     3.623    DATA_HANDLER/delay_reg[0]_i_1_n_0
    SLICE_X16Y1          FDRE                                         r  DATA_HANDLER/delay_reg_reg[2]/CE
  -------------------------------------------------------------------    -------------------

                         (clock sys_clk_pin rise edge)
                                                      0.000     0.000 r  
    G4                                                0.000     0.000 r  clk (IN)
                         net (fo=0)                   0.000     0.000    clk
    G4                   IBUF (Prop_ibuf_I_O)         1.362     1.362 r  clk_IBUF_inst/O
                         net (fo=1, routed)           1.886     3.248    clk_IBUF
    BUFGCTRL_X0Y2        BUFG (Prop_bufg_I_O)         0.091     3.339 r  clk_IBUF_BUFG_inst/O
                         net (fo=900, routed)         1.511     4.850    DATA_HANDLER/clk_IBUF_BUFG
    SLICE_X16Y1          FDRE                                         r  DATA_HANDLER/delay_reg_reg[2]/C

Slack:                    inf
  Source:                 LORA_DRIVER/LORA_TX/tx_done_reg_reg/C
                            (rising edge-triggered cell FDRE)
  Destination:            DATA_HANDLER/delay_reg_reg[3]/CE
                            (rising edge-triggered cell FDRE clocked by sys_clk_pin  {rise@0.000ns fall@5.000ns period=10.000ns})
  Path Group:             (none)
  Path Type:              Setup (Max at Slow Process Corner)
  Data Path Delay:        3.623ns  (logic 0.772ns (21.309%)  route 2.851ns (78.691%))
  Logic Levels:           3  (FDRE=1 LUT2=1 LUT6=1)
  Clock Uncertainty:      0.025ns  ((TSJ^2 + TIJ^2)^1/2 + DJ) / 2 + PE
    Total System Jitter     (TSJ):    0.050ns
    Total Input Jitter      (TIJ):    0.000ns
    Discrete Jitter          (DJ):    0.000ns
    Phase Error              (PE):    0.000ns

    Location             Delay type                Incr(ns)  Path(ns)    Netlist Resource(s)
  -------------------------------------------------------------------    -------------------
    SLICE_X28Y7          FDRE                         0.000     0.000 r  LORA_DRIVER/LORA_TX/tx_done_reg_reg/C
    SLICE_X28Y7          FDRE (Prop_fdre_C_Q)         0.524     0.524 r  LORA_DRIVER/LORA_TX/tx_done_reg_reg/Q
                         net (fo=8, routed)           1.544     2.068    LORA_DRIVER/LORA_TX/tx_done_reg_reg_0
    SLICE_X16Y7          LUT2 (Prop_lut2_I0_O)        0.124     2.192 r  LORA_DRIVER/LORA_TX/delay_reg[0]_i_3/O
                         net (fo=1, routed)           0.375     2.567    DATA_HANDLER/TRANSMIT_BEGIN1
    SLICE_X16Y7          LUT6 (Prop_lut6_I1_O)        0.124     2.691 r  DATA_HANDLER/delay_reg[0]_i_1/O
                         net (fo=24, routed)          0.931     3.623    DATA_HANDLER/delay_reg[0]_i_1_n_0
    SLICE_X16Y1          FDRE                                         r  DATA_HANDLER/delay_reg_reg[3]/CE
  -------------------------------------------------------------------    -------------------

                         (clock sys_clk_pin rise edge)
                                                      0.000     0.000 r  
    G4                                                0.000     0.000 r  clk (IN)
                         net (fo=0)                   0.000     0.000    clk
    G4                   IBUF (Prop_ibuf_I_O)         1.362     1.362 r  clk_IBUF_inst/O
                         net (fo=1, routed)           1.886     3.248    clk_IBUF
    BUFGCTRL_X0Y2        BUFG (Prop_bufg_I_O)         0.091     3.339 r  clk_IBUF_BUFG_inst/O
                         net (fo=900, routed)         1.511     4.850    DATA_HANDLER/clk_IBUF_BUFG
    SLICE_X16Y1          FDRE                                         r  DATA_HANDLER/delay_reg_reg[3]/C

Slack:                    inf
  Source:                 LORA_DRIVER/LORA_TX/tx_done_reg_reg/C
                            (rising edge-triggered cell FDRE)
  Destination:            DATA_HANDLER/delay_reg_reg[4]/CE
                            (rising edge-triggered cell FDRE clocked by sys_clk_pin  {rise@0.000ns fall@5.000ns period=10.000ns})
  Path Group:             (none)
  Path Type:              Setup (Max at Slow Process Corner)
  Data Path Delay:        3.483ns  (logic 0.772ns (22.165%)  route 2.711ns (77.835%))
  Logic Levels:           3  (FDRE=1 LUT2=1 LUT6=1)
  Clock Uncertainty:      0.025ns  ((TSJ^2 + TIJ^2)^1/2 + DJ) / 2 + PE
    Total System Jitter     (TSJ):    0.050ns
    Total Input Jitter      (TIJ):    0.000ns
    Discrete Jitter          (DJ):    0.000ns
    Phase Error              (PE):    0.000ns

    Location             Delay type                Incr(ns)  Path(ns)    Netlist Resource(s)
  -------------------------------------------------------------------    -------------------
    SLICE_X28Y7          FDRE                         0.000     0.000 r  LORA_DRIVER/LORA_TX/tx_done_reg_reg/C
    SLICE_X28Y7          FDRE (Prop_fdre_C_Q)         0.524     0.524 r  LORA_DRIVER/LORA_TX/tx_done_reg_reg/Q
                         net (fo=8, routed)           1.544     2.068    LORA_DRIVER/LORA_TX/tx_done_reg_reg_0
    SLICE_X16Y7          LUT2 (Prop_lut2_I0_O)        0.124     2.192 r  LORA_DRIVER/LORA_TX/delay_reg[0]_i_3/O
                         net (fo=1, routed)           0.375     2.567    DATA_HANDLER/TRANSMIT_BEGIN1
    SLICE_X16Y7          LUT6 (Prop_lut6_I1_O)        0.124     2.691 r  DATA_HANDLER/delay_reg[0]_i_1/O
                         net (fo=24, routed)          0.792     3.483    DATA_HANDLER/delay_reg[0]_i_1_n_0
    SLICE_X16Y2          FDRE                                         r  DATA_HANDLER/delay_reg_reg[4]/CE
  -------------------------------------------------------------------    -------------------

                         (clock sys_clk_pin rise edge)
                                                      0.000     0.000 r  
    G4                                                0.000     0.000 r  clk (IN)
                         net (fo=0)                   0.000     0.000    clk
    G4                   IBUF (Prop_ibuf_I_O)         1.362     1.362 r  clk_IBUF_inst/O
                         net (fo=1, routed)           1.886     3.248    clk_IBUF
    BUFGCTRL_X0Y2        BUFG (Prop_bufg_I_O)         0.091     3.339 r  clk_IBUF_BUFG_inst/O
                         net (fo=900, routed)         1.511     4.850    DATA_HANDLER/clk_IBUF_BUFG
    SLICE_X16Y2          FDRE                                         r  DATA_HANDLER/delay_reg_reg[4]/C

Slack:                    inf
  Source:                 LORA_DRIVER/LORA_TX/tx_done_reg_reg/C
                            (rising edge-triggered cell FDRE)
  Destination:            DATA_HANDLER/delay_reg_reg[5]/CE
                            (rising edge-triggered cell FDRE clocked by sys_clk_pin  {rise@0.000ns fall@5.000ns period=10.000ns})
  Path Group:             (none)
  Path Type:              Setup (Max at Slow Process Corner)
  Data Path Delay:        3.483ns  (logic 0.772ns (22.165%)  route 2.711ns (77.835%))
  Logic Levels:           3  (FDRE=1 LUT2=1 LUT6=1)
  Clock Uncertainty:      0.025ns  ((TSJ^2 + TIJ^2)^1/2 + DJ) / 2 + PE
    Total System Jitter     (TSJ):    0.050ns
    Total Input Jitter      (TIJ):    0.000ns
    Discrete Jitter          (DJ):    0.000ns
    Phase Error              (PE):    0.000ns

    Location             Delay type                Incr(ns)  Path(ns)    Netlist Resource(s)
  -------------------------------------------------------------------    -------------------
    SLICE_X28Y7          FDRE                         0.000     0.000 r  LORA_DRIVER/LORA_TX/tx_done_reg_reg/C
    SLICE_X28Y7          FDRE (Prop_fdre_C_Q)         0.524     0.524 r  LORA_DRIVER/LORA_TX/tx_done_reg_reg/Q
                         net (fo=8, routed)           1.544     2.068    LORA_DRIVER/LORA_TX/tx_done_reg_reg_0
    SLICE_X16Y7          LUT2 (Prop_lut2_I0_O)        0.124     2.192 r  LORA_DRIVER/LORA_TX/delay_reg[0]_i_3/O
                         net (fo=1, routed)           0.375     2.567    DATA_HANDLER/TRANSMIT_BEGIN1
    SLICE_X16Y7          LUT6 (Prop_lut6_I1_O)        0.124     2.691 r  DATA_HANDLER/delay_reg[0]_i_1/O
                         net (fo=24, routed)          0.792     3.483    DATA_HANDLER/delay_reg[0]_i_1_n_0
    SLICE_X16Y2          FDRE                                         r  DATA_HANDLER/delay_reg_reg[5]/CE
  -------------------------------------------------------------------    -------------------

                         (clock sys_clk_pin rise edge)
                                                      0.000     0.000 r  
    G4                                                0.000     0.000 r  clk (IN)
                         net (fo=0)                   0.000     0.000    clk
    G4                   IBUF (Prop_ibuf_I_O)         1.362     1.362 r  clk_IBUF_inst/O
                         net (fo=1, routed)           1.886     3.248    clk_IBUF
    BUFGCTRL_X0Y2        BUFG (Prop_bufg_I_O)         0.091     3.339 r  clk_IBUF_BUFG_inst/O
                         net (fo=900, routed)         1.511     4.850    DATA_HANDLER/clk_IBUF_BUFG
    SLICE_X16Y2          FDRE                                         r  DATA_HANDLER/delay_reg_reg[5]/C

Slack:                    inf
  Source:                 LORA_DRIVER/LORA_TX/tx_done_reg_reg/C
                            (rising edge-triggered cell FDRE)
  Destination:            DATA_HANDLER/delay_reg_reg[6]/CE
                            (rising edge-triggered cell FDRE clocked by sys_clk_pin  {rise@0.000ns fall@5.000ns period=10.000ns})
  Path Group:             (none)
  Path Type:              Setup (Max at Slow Process Corner)
  Data Path Delay:        3.483ns  (logic 0.772ns (22.165%)  route 2.711ns (77.835%))
  Logic Levels:           3  (FDRE=1 LUT2=1 LUT6=1)
  Clock Uncertainty:      0.025ns  ((TSJ^2 + TIJ^2)^1/2 + DJ) / 2 + PE
    Total System Jitter     (TSJ):    0.050ns
    Total Input Jitter      (TIJ):    0.000ns
    Discrete Jitter          (DJ):    0.000ns
    Phase Error              (PE):    0.000ns

    Location             Delay type                Incr(ns)  Path(ns)    Netlist Resource(s)
  -------------------------------------------------------------------    -------------------
    SLICE_X28Y7          FDRE                         0.000     0.000 r  LORA_DRIVER/LORA_TX/tx_done_reg_reg/C
    SLICE_X28Y7          FDRE (Prop_fdre_C_Q)         0.524     0.524 r  LORA_DRIVER/LORA_TX/tx_done_reg_reg/Q
                         net (fo=8, routed)           1.544     2.068    LORA_DRIVER/LORA_TX/tx_done_reg_reg_0
    SLICE_X16Y7          LUT2 (Prop_lut2_I0_O)        0.124     2.192 r  LORA_DRIVER/LORA_TX/delay_reg[0]_i_3/O
                         net (fo=1, routed)           0.375     2.567    DATA_HANDLER/TRANSMIT_BEGIN1
    SLICE_X16Y7          LUT6 (Prop_lut6_I1_O)        0.124     2.691 r  DATA_HANDLER/delay_reg[0]_i_1/O
                         net (fo=24, routed)          0.792     3.483    DATA_HANDLER/delay_reg[0]_i_1_n_0
    SLICE_X16Y2          FDRE                                         r  DATA_HANDLER/delay_reg_reg[6]/CE
  -------------------------------------------------------------------    -------------------

                         (clock sys_clk_pin rise edge)
                                                      0.000     0.000 r  
    G4                                                0.000     0.000 r  clk (IN)
                         net (fo=0)                   0.000     0.000    clk
    G4                   IBUF (Prop_ibuf_I_O)         1.362     1.362 r  clk_IBUF_inst/O
                         net (fo=1, routed)           1.886     3.248    clk_IBUF
    BUFGCTRL_X0Y2        BUFG (Prop_bufg_I_O)         0.091     3.339 r  clk_IBUF_BUFG_inst/O
                         net (fo=900, routed)         1.511     4.850    DATA_HANDLER/clk_IBUF_BUFG
    SLICE_X16Y2          FDRE                                         r  DATA_HANDLER/delay_reg_reg[6]/C

Slack:                    inf
  Source:                 LORA_DRIVER/LORA_TX/tx_done_reg_reg/C
                            (rising edge-triggered cell FDRE)
  Destination:            DATA_HANDLER/delay_reg_reg[7]/CE
                            (rising edge-triggered cell FDRE clocked by sys_clk_pin  {rise@0.000ns fall@5.000ns period=10.000ns})
  Path Group:             (none)
  Path Type:              Setup (Max at Slow Process Corner)
  Data Path Delay:        3.483ns  (logic 0.772ns (22.165%)  route 2.711ns (77.835%))
  Logic Levels:           3  (FDRE=1 LUT2=1 LUT6=1)
  Clock Uncertainty:      0.025ns  ((TSJ^2 + TIJ^2)^1/2 + DJ) / 2 + PE
    Total System Jitter     (TSJ):    0.050ns
    Total Input Jitter      (TIJ):    0.000ns
    Discrete Jitter          (DJ):    0.000ns
    Phase Error              (PE):    0.000ns

    Location             Delay type                Incr(ns)  Path(ns)    Netlist Resource(s)
  -------------------------------------------------------------------    -------------------
    SLICE_X28Y7          FDRE                         0.000     0.000 r  LORA_DRIVER/LORA_TX/tx_done_reg_reg/C
    SLICE_X28Y7          FDRE (Prop_fdre_C_Q)         0.524     0.524 r  LORA_DRIVER/LORA_TX/tx_done_reg_reg/Q
                         net (fo=8, routed)           1.544     2.068    LORA_DRIVER/LORA_TX/tx_done_reg_reg_0
    SLICE_X16Y7          LUT2 (Prop_lut2_I0_O)        0.124     2.192 r  LORA_DRIVER/LORA_TX/delay_reg[0]_i_3/O
                         net (fo=1, routed)           0.375     2.567    DATA_HANDLER/TRANSMIT_BEGIN1
    SLICE_X16Y7          LUT6 (Prop_lut6_I1_O)        0.124     2.691 r  DATA_HANDLER/delay_reg[0]_i_1/O
                         net (fo=24, routed)          0.792     3.483    DATA_HANDLER/delay_reg[0]_i_1_n_0
    SLICE_X16Y2          FDRE                                         r  DATA_HANDLER/delay_reg_reg[7]/CE
  -------------------------------------------------------------------    -------------------

                         (clock sys_clk_pin rise edge)
                                                      0.000     0.000 r  
    G4                                                0.000     0.000 r  clk (IN)
                         net (fo=0)                   0.000     0.000    clk
    G4                   IBUF (Prop_ibuf_I_O)         1.362     1.362 r  clk_IBUF_inst/O
                         net (fo=1, routed)           1.886     3.248    clk_IBUF
    BUFGCTRL_X0Y2        BUFG (Prop_bufg_I_O)         0.091     3.339 r  clk_IBUF_BUFG_inst/O
                         net (fo=900, routed)         1.511     4.850    DATA_HANDLER/clk_IBUF_BUFG
    SLICE_X16Y2          FDRE                                         r  DATA_HANDLER/delay_reg_reg[7]/C





Min Delay Paths
--------------------------------------------------------------------------------------
Slack:                    inf
  Source:                 LORA_DRIVER/LORA_CONFIG/LoRa_register_index_next_reg[4]/C
                            (rising edge-triggered cell FDRE)
  Destination:            LORA_DRIVER/LORA_CONFIG/LoRa_register_index_reg[4]/D
                            (rising edge-triggered cell FDCE clocked by sys_clk_pin  {rise@0.000ns fall@5.000ns period=10.000ns})
  Path Group:             (none)
  Path Type:              Hold (Min at Fast Process Corner)
  Data Path Delay:        0.210ns  (logic 0.151ns (71.737%)  route 0.059ns (28.263%))
  Logic Levels:           1  (FDRE=1)
  Clock Uncertainty:      0.025ns  ((TSJ^2 + TIJ^2)^1/2 + DJ) / 2 + PE
    Total System Jitter     (TSJ):    0.050ns
    Total Input Jitter      (TIJ):    0.000ns
    Discrete Jitter          (DJ):    0.000ns
    Phase Error              (PE):    0.000ns

    Location             Delay type                Incr(ns)  Path(ns)    Netlist Resource(s)
  -------------------------------------------------------------------    -------------------
    SLICE_X38Y20         FDRE                         0.000     0.000 r  LORA_DRIVER/LORA_CONFIG/LoRa_register_index_next_reg[4]/C
    SLICE_X38Y20         FDRE (Prop_fdre_C_Q)         0.151     0.151 r  LORA_DRIVER/LORA_CONFIG/LoRa_register_index_next_reg[4]/Q
                         net (fo=1, routed)           0.059     0.210    LORA_DRIVER/LORA_CONFIG/LoRa_register_index_next_reg_n_0_[4]
    SLICE_X39Y20         FDCE                                         r  LORA_DRIVER/LORA_CONFIG/LoRa_register_index_reg[4]/D
  -------------------------------------------------------------------    -------------------

                         (clock sys_clk_pin rise edge)
                                                      0.000     0.000 r  
    G4                                                0.000     0.000 r  clk (IN)
                         net (fo=0)                   0.000     0.000    clk
    G4                   IBUF (Prop_ibuf_I_O)         0.388     0.388 r  clk_IBUF_inst/O
                         net (fo=1, routed)           0.684     1.072    clk_IBUF
    BUFGCTRL_X0Y2        BUFG (Prop_bufg_I_O)         0.029     1.101 r  clk_IBUF_BUFG_inst/O
                         net (fo=900, routed)         0.853     1.953    LORA_DRIVER/LORA_CONFIG/clk_IBUF_BUFG
    SLICE_X39Y20         FDCE                                         r  LORA_DRIVER/LORA_CONFIG/LoRa_register_index_reg[4]/C

Slack:                    inf
  Source:                 LORA_DRIVER/LORA_TX/bit_next_reg[13]/C
                            (rising edge-triggered cell FDRE)
  Destination:            LORA_DRIVER/LORA_TX/bit_reg[13]/D
                            (rising edge-triggered cell FDRE clocked by sys_clk_pin  {rise@0.000ns fall@5.000ns period=10.000ns})
  Path Group:             (none)
  Path Type:              Hold (Min at Fast Process Corner)
  Data Path Delay:        0.233ns  (logic 0.146ns (62.633%)  route 0.087ns (37.367%))
  Logic Levels:           1  (FDRE=1)
  Clock Uncertainty:      0.025ns  ((TSJ^2 + TIJ^2)^1/2 + DJ) / 2 + PE
    Total System Jitter     (TSJ):    0.050ns
    Total Input Jitter      (TIJ):    0.000ns
    Discrete Jitter          (DJ):    0.000ns
    Phase Error              (PE):    0.000ns

    Location             Delay type                Incr(ns)  Path(ns)    Netlist Resource(s)
  -------------------------------------------------------------------    -------------------
    SLICE_X39Y10         FDRE                         0.000     0.000 r  LORA_DRIVER/LORA_TX/bit_next_reg[13]/C
    SLICE_X39Y10         FDRE (Prop_fdre_C_Q)         0.146     0.146 r  LORA_DRIVER/LORA_TX/bit_next_reg[13]/Q
                         net (fo=1, routed)           0.087     0.233    LORA_DRIVER/LORA_TX/bit_next_reg_n_0_[13]
    SLICE_X38Y10         FDRE                                         r  LORA_DRIVER/LORA_TX/bit_reg[13]/D
  -------------------------------------------------------------------    -------------------

                         (clock sys_clk_pin rise edge)
                                                      0.000     0.000 r  
    G4                                                0.000     0.000 r  clk (IN)
                         net (fo=0)                   0.000     0.000    clk
    G4                   IBUF (Prop_ibuf_I_O)         0.388     0.388 r  clk_IBUF_inst/O
                         net (fo=1, routed)           0.684     1.072    clk_IBUF
    BUFGCTRL_X0Y2        BUFG (Prop_bufg_I_O)         0.029     1.101 r  clk_IBUF_BUFG_inst/O
                         net (fo=900, routed)         0.862     1.962    LORA_DRIVER/LORA_TX/clk_IBUF_BUFG
    SLICE_X38Y10         FDRE                                         r  LORA_DRIVER/LORA_TX/bit_reg[13]/C

Slack:                    inf
  Source:                 LORA_DRIVER/LORA_CONFIG/SCLK_en_next_reg/C
                            (rising edge-triggered cell FDRE)
  Destination:            LORA_DRIVER/LORA_CONFIG/SCLK_en_reg/D
                            (rising edge-triggered cell FDCE clocked by sys_clk_pin  {rise@0.000ns fall@5.000ns period=10.000ns})
  Path Group:             (none)
  Path Type:              Hold (Min at Fast Process Corner)
  Data Path Delay:        0.238ns  (logic 0.133ns (55.972%)  route 0.105ns (44.028%))
  Logic Levels:           1  (FDRE=1)
  Clock Uncertainty:      0.025ns  ((TSJ^2 + TIJ^2)^1/2 + DJ) / 2 + PE
    Total System Jitter     (TSJ):    0.050ns
    Total Input Jitter      (TIJ):    0.000ns
    Discrete Jitter          (DJ):    0.000ns
    Phase Error              (PE):    0.000ns

    Location             Delay type                Incr(ns)  Path(ns)    Netlist Resource(s)
  -------------------------------------------------------------------    -------------------
    SLICE_X37Y18         FDRE                         0.000     0.000 r  LORA_DRIVER/LORA_CONFIG/SCLK_en_next_reg/C
    SLICE_X37Y18         FDRE (Prop_fdre_C_Q)         0.133     0.133 r  LORA_DRIVER/LORA_CONFIG/SCLK_en_next_reg/Q
                         net (fo=1, routed)           0.105     0.238    LORA_DRIVER/LORA_CONFIG/SCLK_en_next_reg_n_0
    SLICE_X38Y18         FDCE                                         r  LORA_DRIVER/LORA_CONFIG/SCLK_en_reg/D
  -------------------------------------------------------------------    -------------------

                         (clock sys_clk_pin rise edge)
                                                      0.000     0.000 r  
    G4                                                0.000     0.000 r  clk (IN)
                         net (fo=0)                   0.000     0.000    clk
    G4                   IBUF (Prop_ibuf_I_O)         0.388     0.388 r  clk_IBUF_inst/O
                         net (fo=1, routed)           0.684     1.072    clk_IBUF
    BUFGCTRL_X0Y2        BUFG (Prop_bufg_I_O)         0.029     1.101 r  clk_IBUF_BUFG_inst/O
                         net (fo=900, routed)         0.855     1.955    LORA_DRIVER/LORA_CONFIG/clk_IBUF_BUFG
    SLICE_X38Y18         FDCE                                         r  LORA_DRIVER/LORA_CONFIG/SCLK_en_reg/C

Slack:                    inf
  Source:                 LORA_DRIVER/LORA_TX/data_bits_next_reg[7]/C
                            (rising edge-triggered cell FDRE)
  Destination:            LORA_DRIVER/LORA_TX/data_bits_reg[7]/D
                            (rising edge-triggered cell FDRE clocked by sys_clk_pin  {rise@0.000ns fall@5.000ns period=10.000ns})
  Path Group:             (none)
  Path Type:              Hold (Min at Fast Process Corner)
  Data Path Delay:        0.246ns  (logic 0.133ns (53.979%)  route 0.113ns (46.021%))
  Logic Levels:           1  (FDRE=1)
  Clock Uncertainty:      0.025ns  ((TSJ^2 + TIJ^2)^1/2 + DJ) / 2 + PE
    Total System Jitter     (TSJ):    0.050ns
    Total Input Jitter      (TIJ):    0.000ns
    Discrete Jitter          (DJ):    0.000ns
    Phase Error              (PE):    0.000ns

    Location             Delay type                Incr(ns)  Path(ns)    Netlist Resource(s)
  -------------------------------------------------------------------    -------------------
    SLICE_X31Y10         FDRE                         0.000     0.000 r  LORA_DRIVER/LORA_TX/data_bits_next_reg[7]/C
    SLICE_X31Y10         FDRE (Prop_fdre_C_Q)         0.133     0.133 r  LORA_DRIVER/LORA_TX/data_bits_next_reg[7]/Q
                         net (fo=1, routed)           0.113     0.246    LORA_DRIVER/LORA_TX/data_bits_next[7]
    SLICE_X31Y9          FDRE                                         r  LORA_DRIVER/LORA_TX/data_bits_reg[7]/D
  -------------------------------------------------------------------    -------------------

                         (clock sys_clk_pin rise edge)
                                                      0.000     0.000 r  
    G4                                                0.000     0.000 r  clk (IN)
                         net (fo=0)                   0.000     0.000    clk
    G4                   IBUF (Prop_ibuf_I_O)         0.388     0.388 r  clk_IBUF_inst/O
                         net (fo=1, routed)           0.684     1.072    clk_IBUF
    BUFGCTRL_X0Y2        BUFG (Prop_bufg_I_O)         0.029     1.101 r  clk_IBUF_BUFG_inst/O
                         net (fo=900, routed)         0.834     1.934    LORA_DRIVER/LORA_TX/clk_IBUF_BUFG
    SLICE_X31Y9          FDRE                                         r  LORA_DRIVER/LORA_TX/data_bits_reg[7]/C

Slack:                    inf
  Source:                 MAX_DRIVER/bit_next_reg[1]/C
                            (rising edge-triggered cell FDRE)
  Destination:            MAX_DRIVER/bit_reg[1]/D
                            (rising edge-triggered cell FDRE clocked by sys_clk_pin  {rise@0.000ns fall@5.000ns period=10.000ns})
  Path Group:             (none)
  Path Type:              Hold (Min at Fast Process Corner)
  Data Path Delay:        0.249ns  (logic 0.151ns (60.600%)  route 0.098ns (39.400%))
  Logic Levels:           1  (FDRE=1)
  Clock Uncertainty:      0.025ns  ((TSJ^2 + TIJ^2)^1/2 + DJ) / 2 + PE
    Total System Jitter     (TSJ):    0.050ns
    Total Input Jitter      (TIJ):    0.000ns
    Discrete Jitter          (DJ):    0.000ns
    Phase Error              (PE):    0.000ns

    Location             Delay type                Incr(ns)  Path(ns)    Netlist Resource(s)
  -------------------------------------------------------------------    -------------------
    SLICE_X34Y22         FDRE                         0.000     0.000 r  MAX_DRIVER/bit_next_reg[1]/C
    SLICE_X34Y22         FDRE (Prop_fdre_C_Q)         0.151     0.151 r  MAX_DRIVER/bit_next_reg[1]/Q
                         net (fo=1, routed)           0.098     0.249    MAX_DRIVER/bit_next_reg_n_0_[1]
    SLICE_X33Y22         FDRE                                         r  MAX_DRIVER/bit_reg[1]/D
  -------------------------------------------------------------------    -------------------

                         (clock sys_clk_pin rise edge)
                                                      0.000     0.000 r  
    G4                                                0.000     0.000 r  clk (IN)
                         net (fo=0)                   0.000     0.000    clk
    G4                   IBUF (Prop_ibuf_I_O)         0.388     0.388 r  clk_IBUF_inst/O
                         net (fo=1, routed)           0.684     1.072    clk_IBUF
    BUFGCTRL_X0Y2        BUFG (Prop_bufg_I_O)         0.029     1.101 r  clk_IBUF_BUFG_inst/O
                         net (fo=900, routed)         0.850     1.950    MAX_DRIVER/clk_IBUF_BUFG
    SLICE_X33Y22         FDRE                                         r  MAX_DRIVER/bit_reg[1]/C

Slack:                    inf
  Source:                 LORA_DRIVER/LORA_TX/bit_next_reg[6]/C
                            (rising edge-triggered cell FDRE)
  Destination:            LORA_DRIVER/LORA_TX/bit_reg[6]/D
                            (rising edge-triggered cell FDRE clocked by sys_clk_pin  {rise@0.000ns fall@5.000ns period=10.000ns})
  Path Group:             (none)
  Path Type:              Hold (Min at Fast Process Corner)
  Data Path Delay:        0.252ns  (logic 0.146ns (57.897%)  route 0.106ns (42.103%))
  Logic Levels:           1  (FDRE=1)
  Clock Uncertainty:      0.025ns  ((TSJ^2 + TIJ^2)^1/2 + DJ) / 2 + PE
    Total System Jitter     (TSJ):    0.050ns
    Total Input Jitter      (TIJ):    0.000ns
    Discrete Jitter          (DJ):    0.000ns
    Phase Error              (PE):    0.000ns

    Location             Delay type                Incr(ns)  Path(ns)    Netlist Resource(s)
  -------------------------------------------------------------------    -------------------
    SLICE_X39Y10         FDRE                         0.000     0.000 r  LORA_DRIVER/LORA_TX/bit_next_reg[6]/C
    SLICE_X39Y10         FDRE (Prop_fdre_C_Q)         0.146     0.146 r  LORA_DRIVER/LORA_TX/bit_next_reg[6]/Q
                         net (fo=1, routed)           0.106     0.252    LORA_DRIVER/LORA_TX/bit_next_reg_n_0_[6]
    SLICE_X39Y9          FDRE                                         r  LORA_DRIVER/LORA_TX/bit_reg[6]/D
  -------------------------------------------------------------------    -------------------

                         (clock sys_clk_pin rise edge)
                                                      0.000     0.000 r  
    G4                                                0.000     0.000 r  clk (IN)
                         net (fo=0)                   0.000     0.000    clk
    G4                   IBUF (Prop_ibuf_I_O)         0.388     0.388 r  clk_IBUF_inst/O
                         net (fo=1, routed)           0.684     1.072    clk_IBUF
    BUFGCTRL_X0Y2        BUFG (Prop_bufg_I_O)         0.029     1.101 r  clk_IBUF_BUFG_inst/O
                         net (fo=900, routed)         0.863     1.963    LORA_DRIVER/LORA_TX/clk_IBUF_BUFG
    SLICE_X39Y9          FDRE                                         r  LORA_DRIVER/LORA_TX/bit_reg[6]/C

Slack:                    inf
  Source:                 LORA_DRIVER/LORA_TX/data_bits_next_reg[5]/C
                            (rising edge-triggered cell FDRE)
  Destination:            LORA_DRIVER/LORA_TX/data_bits_reg[5]/D
                            (rising edge-triggered cell FDRE clocked by sys_clk_pin  {rise@0.000ns fall@5.000ns period=10.000ns})
  Path Group:             (none)
  Path Type:              Hold (Min at Fast Process Corner)
  Data Path Delay:        0.252ns  (logic 0.133ns (52.734%)  route 0.119ns (47.266%))
  Logic Levels:           1  (FDRE=1)
  Clock Uncertainty:      0.025ns  ((TSJ^2 + TIJ^2)^1/2 + DJ) / 2 + PE
    Total System Jitter     (TSJ):    0.050ns
    Total Input Jitter      (TIJ):    0.000ns
    Discrete Jitter          (DJ):    0.000ns
    Phase Error              (PE):    0.000ns

    Location             Delay type                Incr(ns)  Path(ns)    Netlist Resource(s)
  -------------------------------------------------------------------    -------------------
    SLICE_X31Y10         FDRE                         0.000     0.000 r  LORA_DRIVER/LORA_TX/data_bits_next_reg[5]/C
    SLICE_X31Y10         FDRE (Prop_fdre_C_Q)         0.133     0.133 r  LORA_DRIVER/LORA_TX/data_bits_next_reg[5]/Q
                         net (fo=1, routed)           0.119     0.252    LORA_DRIVER/LORA_TX/data_bits_next[5]
    SLICE_X31Y9          FDRE                                         r  LORA_DRIVER/LORA_TX/data_bits_reg[5]/D
  -------------------------------------------------------------------    -------------------

                         (clock sys_clk_pin rise edge)
                                                      0.000     0.000 r  
    G4                                                0.000     0.000 r  clk (IN)
                         net (fo=0)                   0.000     0.000    clk
    G4                   IBUF (Prop_ibuf_I_O)         0.388     0.388 r  clk_IBUF_inst/O
                         net (fo=1, routed)           0.684     1.072    clk_IBUF
    BUFGCTRL_X0Y2        BUFG (Prop_bufg_I_O)         0.029     1.101 r  clk_IBUF_BUFG_inst/O
                         net (fo=900, routed)         0.834     1.934    LORA_DRIVER/LORA_TX/clk_IBUF_BUFG
    SLICE_X31Y9          FDRE                                         r  LORA_DRIVER/LORA_TX/data_bits_reg[5]/C

Slack:                    inf
  Source:                 MAX_DRIVER/data_bits_next_reg[5]/C
                            (rising edge-triggered cell FDRE)
  Destination:            MAX_DRIVER/data_bits_reg[5]/D
                            (rising edge-triggered cell FDRE clocked by sys_clk_pin  {rise@0.000ns fall@5.000ns period=10.000ns})
  Path Group:             (none)
  Path Type:              Hold (Min at Fast Process Corner)
  Data Path Delay:        0.252ns  (logic 0.133ns (52.692%)  route 0.119ns (47.308%))
  Logic Levels:           1  (FDRE=1)
  Clock Uncertainty:      0.025ns  ((TSJ^2 + TIJ^2)^1/2 + DJ) / 2 + PE
    Total System Jitter     (TSJ):    0.050ns
    Total Input Jitter      (TIJ):    0.000ns
    Discrete Jitter          (DJ):    0.000ns
    Phase Error              (PE):    0.000ns

    Location             Delay type                Incr(ns)  Path(ns)    Netlist Resource(s)
  -------------------------------------------------------------------    -------------------
    SLICE_X39Y25         FDRE                         0.000     0.000 r  MAX_DRIVER/data_bits_next_reg[5]/C
    SLICE_X39Y25         FDRE (Prop_fdre_C_Q)         0.133     0.133 r  MAX_DRIVER/data_bits_next_reg[5]/Q
                         net (fo=1, routed)           0.119     0.252    MAX_DRIVER/data_bits_next[5]
    SLICE_X38Y25         FDRE                                         r  MAX_DRIVER/data_bits_reg[5]/D
  -------------------------------------------------------------------    -------------------

                         (clock sys_clk_pin rise edge)
                                                      0.000     0.000 r  
    G4                                                0.000     0.000 r  clk (IN)
                         net (fo=0)                   0.000     0.000    clk
    G4                   IBUF (Prop_ibuf_I_O)         0.388     0.388 r  clk_IBUF_inst/O
                         net (fo=1, routed)           0.684     1.072    clk_IBUF
    BUFGCTRL_X0Y2        BUFG (Prop_bufg_I_O)         0.029     1.101 r  clk_IBUF_BUFG_inst/O
                         net (fo=900, routed)         0.848     1.948    MAX_DRIVER/clk_IBUF_BUFG
    SLICE_X38Y25         FDRE                                         r  MAX_DRIVER/data_bits_reg[5]/C

Slack:                    inf
  Source:                 LORA_DRIVER/LORA_TX/data_bits_next_reg[2]/C
                            (rising edge-triggered cell FDRE)
  Destination:            LORA_DRIVER/LORA_TX/data_bits_reg[2]/D
                            (rising edge-triggered cell FDRE clocked by sys_clk_pin  {rise@0.000ns fall@5.000ns period=10.000ns})
  Path Group:             (none)
  Path Type:              Hold (Min at Fast Process Corner)
  Data Path Delay:        0.253ns  (logic 0.146ns (57.668%)  route 0.107ns (42.332%))
  Logic Levels:           1  (FDRE=1)
  Clock Uncertainty:      0.025ns  ((TSJ^2 + TIJ^2)^1/2 + DJ) / 2 + PE
    Total System Jitter     (TSJ):    0.050ns
    Total Input Jitter      (TIJ):    0.000ns
    Discrete Jitter          (DJ):    0.000ns
    Phase Error              (PE):    0.000ns

    Location             Delay type                Incr(ns)  Path(ns)    Netlist Resource(s)
  -------------------------------------------------------------------    -------------------
    SLICE_X31Y10         FDRE                         0.000     0.000 r  LORA_DRIVER/LORA_TX/data_bits_next_reg[2]/C
    SLICE_X31Y10         FDRE (Prop_fdre_C_Q)         0.146     0.146 r  LORA_DRIVER/LORA_TX/data_bits_next_reg[2]/Q
                         net (fo=1, routed)           0.107     0.253    LORA_DRIVER/LORA_TX/data_bits_next[2]
    SLICE_X31Y9          FDRE                                         r  LORA_DRIVER/LORA_TX/data_bits_reg[2]/D
  -------------------------------------------------------------------    -------------------

                         (clock sys_clk_pin rise edge)
                                                      0.000     0.000 r  
    G4                                                0.000     0.000 r  clk (IN)
                         net (fo=0)                   0.000     0.000    clk
    G4                   IBUF (Prop_ibuf_I_O)         0.388     0.388 r  clk_IBUF_inst/O
                         net (fo=1, routed)           0.684     1.072    clk_IBUF
    BUFGCTRL_X0Y2        BUFG (Prop_bufg_I_O)         0.029     1.101 r  clk_IBUF_BUFG_inst/O
                         net (fo=900, routed)         0.834     1.934    LORA_DRIVER/LORA_TX/clk_IBUF_BUFG
    SLICE_X31Y9          FDRE                                         r  LORA_DRIVER/LORA_TX/data_bits_reg[2]/C

Slack:                    inf
  Source:                 LORA_DRIVER/LORA_CONFIG/data_bits_next_reg[7]/C
                            (rising edge-triggered cell FDRE)
  Destination:            LORA_DRIVER/LORA_CONFIG/data_bits_reg[7]/D
                            (rising edge-triggered cell FDCE clocked by sys_clk_pin  {rise@0.000ns fall@5.000ns period=10.000ns})
  Path Group:             (none)
  Path Type:              Hold (Min at Fast Process Corner)
  Data Path Delay:        0.254ns  (logic 0.151ns (59.465%)  route 0.103ns (40.535%))
  Logic Levels:           1  (FDRE=1)
  Clock Uncertainty:      0.025ns  ((TSJ^2 + TIJ^2)^1/2 + DJ) / 2 + PE
    Total System Jitter     (TSJ):    0.050ns
    Total Input Jitter      (TIJ):    0.000ns
    Discrete Jitter          (DJ):    0.000ns
    Phase Error              (PE):    0.000ns

    Location             Delay type                Incr(ns)  Path(ns)    Netlist Resource(s)
  -------------------------------------------------------------------    -------------------
    SLICE_X38Y19         FDRE                         0.000     0.000 r  LORA_DRIVER/LORA_CONFIG/data_bits_next_reg[7]/C
    SLICE_X38Y19         FDRE (Prop_fdre_C_Q)         0.151     0.151 r  LORA_DRIVER/LORA_CONFIG/data_bits_next_reg[7]/Q
                         net (fo=1, routed)           0.103     0.254    LORA_DRIVER/LORA_CONFIG/data_bits_next_reg_n_0_[7]
    SLICE_X36Y18         FDCE                                         r  LORA_DRIVER/LORA_CONFIG/data_bits_reg[7]/D
  -------------------------------------------------------------------    -------------------

                         (clock sys_clk_pin rise edge)
                                                      0.000     0.000 r  
    G4                                                0.000     0.000 r  clk (IN)
                         net (fo=0)                   0.000     0.000    clk
    G4                   IBUF (Prop_ibuf_I_O)         0.388     0.388 r  clk_IBUF_inst/O
                         net (fo=1, routed)           0.684     1.072    clk_IBUF
    BUFGCTRL_X0Y2        BUFG (Prop_bufg_I_O)         0.029     1.101 r  clk_IBUF_BUFG_inst/O
                         net (fo=900, routed)         0.855     1.955    LORA_DRIVER/LORA_CONFIG/clk_IBUF_BUFG
    SLICE_X36Y18         FDCE                                         r  LORA_DRIVER/LORA_CONFIG/data_bits_reg[7]/C





