ISO-10303-21;
HEADER;
FILE_DESCRIPTION (( 'STEP AP214' ),
    '1' );
FILE_NAME ('100R07X105KV4T.STEP',
    '2023-06-12T06:41:07',
    ( '' ),
    ( '' ),
    'SwSTEP 2.0',
    'SolidWorks 2021',
    '' );
FILE_SCHEMA (( 'AUTOMOTIVE_DESIGN' ));
ENDSEC;

DATA;
#1 = CARTESIAN_POINT ( 'NONE',  ( -0.6112381362628731551, 1.184588016019195500, -0.4001157127461026919 ) ) ;
#2 = EDGE_LOOP ( 'NONE', ( #802, #1173, #664 ) ) ;
#3 = DIRECTION ( 'NONE',  ( 0.000000000000000000, 0.000000000000000000, 1.000000000000000000 ) ) ;
#4 = ORIENTED_EDGE ( 'NONE', *, *, #1346, .F. ) ;
#5 = CIRCLE ( 'NONE', #510, 12.96999999999993669 ) ;
#6 = DIRECTION ( 'NONE',  ( -1.000000000000000000, 6.219324721119654928E-15, 0.000000000000000000 ) ) ;
#7 = CARTESIAN_POINT ( 'NONE',  ( -0.6237292507710202605, 1.439999999999999947, 0.6000000000000000888 ) ) ;
#8 = EDGE_CURVE ( 'NONE', #504, #1729, #1506, .T. ) ;
#9 = DIRECTION ( 'NONE',  ( 0.000000000000000000, 0.000000000000000000, 1.000000000000000000 ) ) ;
#10 = LINE ( 'NONE', #1036, #1338 ) ;
#11 = B_SPLINE_CURVE_WITH_KNOTS ( 'NONE', 3,
 ( #1341, #1595, #343, #46, #822, #76, #326, #1090, #913, #1609 ),
 .UNSPECIFIED., .F., .F.,
 ( 4, 3, 3, 4 ),
 ( 0.000000000000000000, 6.732895261613795662E-06, 1.346604988552606497E-05, 1.502089146518478479E-05 ),
 .UNSPECIFIED. ) ;
#12 = CARTESIAN_POINT ( 'NONE',  ( 0.6050000000000013145, 0.7199999999999988631, -0.6199999999999999956 ) ) ;
#13 = ORIENTED_EDGE ( 'NONE', *, *, #1139, .T. ) ;
#14 = ORIENTED_EDGE ( 'NONE', *, *, #1675, .T. ) ;
#15 = CARTESIAN_POINT ( 'NONE',  ( 0.9849999999999997646, 0.02000000000000005246, 0.6199999999999999956 ) ) ;
#16 = CARTESIAN_POINT ( 'NONE',  ( 13.57499999999993712, 0.7199999999999988631, -0.6199999999999999956 ) ) ;
#17 = ADVANCED_FACE ( 'NONE', ( #1488 ), #619, .F. ) ;
#18 = CYLINDRICAL_SURFACE ( 'NONE', #1640, 12.96999999999993669 ) ;
#19 = CARTESIAN_POINT ( 'NONE',  ( 13.57499999999993712, 0.7199999999999988631, 0.6199999999999999956 ) ) ;
#20 = VERTEX_POINT ( 'NONE', #1211 ) ;
#21 =( GEOMETRIC_REPRESENTATION_CONTEXT ( 3 ) GLOBAL_UNCERTAINTY_ASSIGNED_CONTEXT ( ( #732 ) ) GLOBAL_UNIT_ASSIGNED_CONTEXT ( ( #459, #1197, #1770 ) ) REPRESENTATION_CONTEXT ( 'NONE', 'WORKASPACE' ) );
#22 = DIRECTION ( 'NONE',  ( 1.000000000000000000, 0.000000000000000000, 0.000000000000000000 ) ) ;
#23 = UNCERTAINTY_MEASURE_WITH_UNIT (LENGTH_MEASURE( 1.000000000000000082E-05 ), #198, 'distance_accuracy_value', 'NONE');
#24 = ORIENTED_EDGE ( 'NONE', *, *, #1431, .T. ) ;
#25 = CARTESIAN_POINT ( 'NONE',  ( -0.6246510961073498125, 1.433696901665127532, 0.6145737738686939400 ) ) ;
#26 = EDGE_CURVE ( 'NONE', #1747, #1513, #1315, .T. ) ;
#27 = CARTESIAN_POINT ( 'NONE',  ( 0.6050000000000013145, 0.7199999999999988631, -0.6199999999999999956 ) ) ;
#28 = CARTESIAN_POINT ( 'NONE',  ( 0.6237292507710193723, 0.02323176007672970306, -0.5999999999999997558 ) ) ;
#29 = CARTESIAN_POINT ( 'NONE',  ( -0.6237292507710202605, 0.000000000000000000, -0.6000000000000000888 ) ) ;
#30 = ORIENTED_EDGE ( 'NONE', *, *, #1591, .F. ) ;
#31 = CARTESIAN_POINT ( 'NONE',  ( 0.6237292507710219258, -1.240161279834199215, 0.5999999999999997558 ) ) ;
#32 = EDGE_LOOP ( 'NONE', ( #1365, #607, #1267, #878, #1427 ) ) ;
#33 = EDGE_CURVE ( 'NONE', #1012, #211, #1637, .T. ) ;
#34 = EDGE_CURVE ( 'NONE', #1491, #690, #377, .T. ) ;
#35 = CARTESIAN_POINT ( 'NONE',  ( -0.6239035213229937593, 0.02000000000000005246, -0.6199999999999999956 ) ) ;
#36 = CYLINDRICAL_SURFACE ( 'NONE', #1094, 9.619999999999974349 ) ;
#37 = VECTOR ( 'NONE', #1644, 1000.000000000000000 ) ;
#38 = AXIS2_PLACEMENT_3D ( 'NONE', #1171, #155, #176 ) ;
#39 = CARTESIAN_POINT ( 'NONE',  ( -0.6050000000000003153, 0.9579386221204909679, -0.2049191097901293668 ) ) ;
#40 = CARTESIAN_POINT ( 'NONE',  ( 0.6243435963873948946, 0.01190486827483132337, -0.6182884893726735553 ) ) ;
#41 = DIRECTION ( 'NONE',  ( -0.000000000000000000, -0.000000000000000000, 1.000000000000000000 ) ) ;
#42 = VERTEX_POINT ( 'NONE', #970 ) ;
#43 = CARTESIAN_POINT ( 'NONE',  ( 0.6050000000000003153, 0.7199999999999988631, 4.591774807899560578E-38 ) ) ;
#44 = VERTEX_POINT ( 'NONE', #961 ) ;
#45 = DIRECTION ( 'NONE',  ( -1.000000000000000000, -0.000000000000000000, -0.000000000000000000 ) ) ;
#46 = CARTESIAN_POINT ( 'NONE',  ( -0.6242634413637425661, 0.01337238321567548426, 0.6188699416261678188 ) ) ;
#47 =( NAMED_UNIT ( * ) SI_UNIT ( $, .STERADIAN. ) SOLID_ANGLE_UNIT ( ) );
#48 = CARTESIAN_POINT ( 'NONE',  ( 0.9849999999999997646, 0.02000000000000005246, -0.6000000000000000888 ) ) ;
#49 = DIRECTION ( 'NONE',  ( -1.000000000000000000, 0.000000000000000000, 0.000000000000000000 ) ) ;
#50 = ORIENTED_EDGE ( 'NONE', *, *, #448, .T. ) ;
#51 = CARTESIAN_POINT ( 'NONE',  ( 0.6246510961073509227, 0.006303098334870358907, -0.6145737738686918306 ) ) ;
#52 = CARTESIAN_POINT ( 'NONE',  ( -0.9849999999999997646, 1.439999999999999947, -0.6199999999999999956 ) ) ;
#53 = ORIENTED_EDGE ( 'NONE', *, *, #754, .F. ) ;
#54 = CARTESIAN_POINT ( 'NONE',  ( 0.6244893612058596277, 1.430758232518621220, -0.6170084760313551131 ) ) ;
#55 = CARTESIAN_POINT ( 'NONE',  ( 0.000000000000000000, 1.419999999999999929, -0.6000000000000000888 ) ) ;
#56 = AXIS2_PLACEMENT_3D ( 'NONE', #147, #1450, #135 ) ;
#57 = PLANE ( 'NONE',  #681 ) ;
#58 = CARTESIAN_POINT ( 'NONE',  ( 0.6050000000000013145, 0.7199999999999988631, -0.5999999999999999778 ) ) ;
#59 = FACE_OUTER_BOUND ( 'NONE', #1563, .T. ) ;
#60 = ORIENTED_EDGE ( 'NONE', *, *, #352, .T. ) ;
#61 = VECTOR ( 'NONE', #1430, 1000.000000000000000 ) ;
#62 = VERTEX_POINT ( 'NONE', #672 ) ;
#63 = AXIS2_PLACEMENT_3D ( 'NONE', #1806, #1253, #1266 ) ;
#64 = VERTEX_POINT ( 'NONE', #977 ) ;
#65 = AXIS2_PLACEMENT_3D ( 'NONE', #16, #1835, #593 ) ;
#66 = DIRECTION ( 'NONE',  ( 0.000000000000000000, 0.000000000000000000, 1.000000000000000000 ) ) ;
#67 = DIRECTION ( 'NONE',  ( 1.000000000000000000, -0.000000000000000000, -0.000000000000000000 ) ) ;
#68 = DIRECTION ( 'NONE',  ( 0.000000000000000000, 0.000000000000000000, -1.000000000000000000 ) ) ;
#69 = EDGE_CURVE ( 'NONE', #523, #1504, #687, .T. ) ;
#70 = CIRCLE ( 'NONE', #1632, 9.619999999999974349 ) ;
#71 = CARTESIAN_POINT ( 'NONE',  ( 10.22499999999997300, -1.240161279834199215, 0.000000000000000000 ) ) ;
#72 = AXIS2_PLACEMENT_3D ( 'NONE', #864, #1718, #877 ) ;
#73 = ORIENTED_EDGE ( 'NONE', *, *, #1405, .T. ) ;
#74 = ORIENTED_EDGE ( 'NONE', *, *, #1246, .F. ) ;
#75 = VERTEX_POINT ( 'NONE', #1378 ) ;
#76 = CARTESIAN_POINT ( 'NONE',  ( -0.6244893612058597387, 0.009241767481378355270, 0.6170084760313550021 ) ) ;
#77 = FILL_AREA_STYLE_COLOUR ( '', #1705 ) ;
#78 = DIRECTION ( 'NONE',  ( 1.000000000000000000, 0.000000000000000000, 0.000000000000000000 ) ) ;
#79 = CARTESIAN_POINT ( 'NONE',  ( 13.57499999999993712, 0.7199999999999988631, 0.6199999999999999956 ) ) ;
#80 = EDGE_CURVE ( 'NONE', #690, #764, #1112, .T. ) ;
#81 = B_SPLINE_CURVE_WITH_KNOTS ( 'NONE', 3,
 ( #1160, #344, #1772, #1626, #366, #921, #1754, #613, #1300, #460 ),
 .UNSPECIFIED., .F., .F.,
 ( 4, 3, 3, 4 ),
 ( 0.000000000000000000, 6.732895261613726205E-06, 1.346604988552564823E-05, 1.502089146519205572E-05 ),
 .UNSPECIFIED. ) ;
#82 = ORIENTED_EDGE ( 'NONE', *, *, #962, .F. ) ;
#83 = ORIENTED_EDGE ( 'NONE', *, *, #1274, .F. ) ;
#84 = EDGE_LOOP ( 'NONE', ( #393, #1803, #454 ) ) ;
#85 = CARTESIAN_POINT ( 'NONE',  ( -0.6237292507710202605, 0.000000000000000000, -0.6000000000000000888 ) ) ;
#86 = CARTESIAN_POINT ( 'NONE',  ( 0.000000000000000000, 1.419999999999999929, 0.6000000000000000888 ) ) ;
#87 = CARTESIAN_POINT ( 'NONE',  ( -0.6050000000000013145, 0.7199999999999988631, -0.6199999999999999956 ) ) ;
#88 = CLOSED_SHELL ( 'NONE', ( #554, #1206, #359, #17, #458, #960, #1294, #1443, #1667, #234, #700, #104, #632, #894, #1479, #304 ) ) ;
#89 = DIRECTION ( 'NONE',  ( -1.000000000000000000, 0.000000000000000000, 0.000000000000000000 ) ) ;
#90 = ORIENTED_EDGE ( 'NONE', *, *, #472, .T. ) ;
#91 = ORIENTED_EDGE ( 'NONE', *, *, #33, .T. ) ;
#92 = CARTESIAN_POINT ( 'NONE',  ( 0.000000000000000000, 0.000000000000000000, 0.000000000000000000 ) ) ;
#93 = EDGE_CURVE ( 'NONE', #1049, #887, #1228, .T. ) ;
#94 = EDGE_CURVE ( 'NONE', #1069, #157, #1258, .T. ) ;
#95 = EDGE_CURVE ( 'NONE', #1504, #706, #1712, .T. ) ;
#96 = SPHERICAL_SURFACE ( 'NONE', #1201, 0.02000000000000000042 ) ;
#97 = CARTESIAN_POINT ( 'NONE',  ( 1.004999999999999893, 0.02000000000000000042, -0.6000000000000001998 ) ) ;
#98 = CARTESIAN_POINT ( 'NONE',  ( 0.6239035213229937593, 0.02000000000000005246, 0.6199999999999999956 ) ) ;
#99 = CARTESIAN_POINT ( 'NONE',  ( 0.6050000000000013145, 0.7199999999999988631, 0.6199999999999999956 ) ) ;
#100 = ORIENTED_EDGE ( 'NONE', *, *, #448, .F. ) ;
#101 = VERTEX_POINT ( 'NONE', #1525 ) ;
#102 = AXIS2_PLACEMENT_3D ( 'NONE', #1709, #598, #477 ) ;
#103 = ADVANCED_FACE ( 'NONE', ( #1679 ), #705, .T. ) ;
#104 = ADVANCED_FACE ( 'NONE', ( #1118 ), #540, .F. ) ;
#105 = ORIENTED_EDGE ( 'NONE', *, *, #1397, .T. ) ;
#106 = CARTESIAN_POINT ( 'NONE',  ( -0.6239035213229937593, 1.419999999999999929, 0.6199999999999999956 ) ) ;
#107 = DIRECTION ( 'NONE',  ( 0.000000000000000000, 1.000000000000000000, -0.000000000000000000 ) ) ;
#108 = DIRECTION ( 'NONE',  ( -0.000000000000000000, 1.000000000000000000, -0.000000000000000000 ) ) ;
#109 = ORIENTED_EDGE ( 'NONE', *, *, #1397, .F. ) ;
#110 = CARTESIAN_POINT ( 'NONE',  ( -0.6050000000000003153, 0.4877070430861162320, -0.2000569118077145658 ) ) ;
#111 = ORIENTED_EDGE ( 'NONE', *, *, #370, .F. ) ;
#112 = AXIS2_PLACEMENT_3D ( 'NONE', #759, #1311, #1320 ) ;
#113 = FACE_OUTER_BOUND ( 'NONE', #784, .T. ) ;
#114 = CARTESIAN_POINT ( 'NONE',  ( -0.6244555933594105879, 1.430143492514315051, 0.6173818124968032395 ) ) ;
#115 = DIRECTION ( 'NONE',  ( -0.000000000000000000, -0.000000000000000000, 1.000000000000000000 ) ) ;
#116 = CIRCLE ( 'NONE', #178, 0.02000000000000005246 ) ;
#117 = DIRECTION ( 'NONE',  ( 0.000000000000000000, 0.000000000000000000, 1.000000000000000000 ) ) ;
#118 = ORIENTED_EDGE ( 'NONE', *, *, #353, .T. ) ;
#119 = AXIS2_PLACEMENT_3D ( 'NONE', #1387, #1794, #1510 ) ;
#120 = DIRECTION ( 'NONE',  ( 0.000000000000000000, 0.000000000000000000, -1.000000000000000000 ) ) ;
#121 = VERTEX_POINT ( 'NONE', #1370 ) ;
#122 = AXIS2_PLACEMENT_3D ( 'NONE', #614, #905, #1763 ) ;
#123 = CARTESIAN_POINT ( 'NONE',  ( -1.004999999999999893, 1.419999999999999929, -0.6000000000000000888 ) ) ;
#124 = CARTESIAN_POINT ( 'NONE',  ( 1.004999999999999893, 0.02000000000000000042, -0.6000000000000000888 ) ) ;
#125 = ADVANCED_FACE ( 'NONE', ( #265 ), #839, .T. ) ;
#126 = B_SPLINE_CURVE_WITH_KNOTS ( 'NONE', 3,
 ( #1464, #197, #490, #480 ),
 .UNSPECIFIED., .F., .F.,
 ( 4, 4 ),
 ( 3.067503069266882502E-05, 0.0009503732731419077626 ),
 .UNSPECIFIED. ) ;
#127 = CARTESIAN_POINT ( 'NONE',  ( 0.6241832101625744977, 0.001216173650330239610, 0.6072239595493749142 ) ) ;
#128 = PLANE ( 'NONE',  #188 ) ;
#129 = CARTESIAN_POINT ( 'NONE',  ( -0.6239320387894071729, 1.420527617798357900, 0.6200000000000001066 ) ) ;
#130 = CARTESIAN_POINT ( 'NONE',  ( -0.6244355458917382196, 0.003279786301171286507, 0.6112005660875735602 ) ) ;
#131 = DIRECTION ( 'NONE',  ( -1.000000000000000000, 0.000000000000000000, 0.000000000000000000 ) ) ;
#132 = EDGE_CURVE ( 'NONE', #523, #1542, #1245, .T. ) ;
#133 = EDGE_LOOP ( 'NONE', ( #1063, #90, #30, #1446 ) ) ;
#134 = DIRECTION ( 'NONE',  ( 0.000000000000000000, -1.000000000000000000, 0.000000000000000000 ) ) ;
#135 = DIRECTION ( 'NONE',  ( 0.000000000000000000, 0.000000000000000000, -1.000000000000000000 ) ) ;
#136 = CARTESIAN_POINT ( 'NONE',  ( 0.6246510961073512558, 1.433696901665133749, -0.6145737738686855023 ) ) ;
#137 = DIRECTION ( 'NONE',  ( 0.000000000000000000, 0.000000000000000000, 1.000000000000000000 ) ) ;
#138 = CARTESIAN_POINT ( 'NONE',  ( -0.9849999999999997646, 0.02000000000000005246, 0.6000000000000000888 ) ) ;
#139 = AXIS2_PLACEMENT_3D ( 'NONE', #55, #645, #334 ) ;
#140 = CARTESIAN_POINT ( 'NONE',  ( 0.9849999999999997646, 0.02000000000000005246, -0.5999999999999999778 ) ) ;
#141 = ORIENTED_EDGE ( 'NONE', *, *, #1719, .T. ) ;
#142 = B_SPLINE_CURVE_WITH_KNOTS ( 'NONE', 3,
 ( #85, #982, #656, #1780, #1232, #1664, #1383, #1076, #1812, #1375 ),
 .UNSPECIFIED., .F., .F.,
 ( 4, 3, 3, 4 ),
 ( 0.000000000000000000, 6.738858956411102946E-06, 1.347806111258320012E-05, 1.625496562797943621E-05 ),
 .UNSPECIFIED. ) ;
#143 = FACE_OUTER_BOUND ( 'NONE', #1776, .T. ) ;
#144 = ORIENTED_EDGE ( 'NONE', *, *, #727, .T. ) ;
#145 = EDGE_CURVE ( 'NONE', #211, #616, #985, .T. ) ;
#146 = CIRCLE ( 'NONE', #1809, 0.02000000000000005246 ) ;
#147 = CARTESIAN_POINT ( 'NONE',  ( 1.004999999999999893, 0.02000000000000005246, -0.6000000000000000888 ) ) ;
#148 = CARTESIAN_POINT ( 'NONE',  ( -13.57499999999993712, 0.7199999999999988631, -0.5999999999999999778 ) ) ;
#149 = CARTESIAN_POINT ( 'NONE',  ( -13.57499999999993712, 0.7199999999999988631, 0.6199999999999999956 ) ) ;
#150 = VECTOR ( 'NONE', #3, 1000.000000000000000 ) ;
#151 = CYLINDRICAL_SURFACE ( 'NONE', #398, 9.619999999999974349 ) ;
#152 = AXIS2_PLACEMENT_3D ( 'NONE', #1588, #1781, #640 ) ;
#153 = DIRECTION ( 'NONE',  ( 1.000000000000000000, 0.000000000000000000, 0.000000000000000000 ) ) ;
#154 = EDGE_LOOP ( 'NONE', ( #1185, #804, #1631, #1582 ) ) ;
#155 = DIRECTION ( 'NONE',  ( 0.000000000000000000, -1.000000000000000000, -0.000000000000000000 ) ) ;
#156 = UNCERTAINTY_MEASURE_WITH_UNIT (LENGTH_MEASURE( 1.000000000000000082E-05 ), #1778, 'distance_accuracy_value', 'NONE');
#157 = VERTEX_POINT ( 'NONE', #1646 ) ;
#158 = ADVANCED_FACE ( 'NONE', ( #1105 ), #1362, .T. ) ;
#159 = EDGE_CURVE ( 'NONE', #992, #589, #247, .T. ) ;
#160 = VECTOR ( 'NONE', #576, 1000.000000000000000 ) ;
#161 = CARTESIAN_POINT ( 'NONE',  ( -0.6112381362628729331, 1.184588016019204826, 0.4001157127460919782 ) ) ;
#162 = DIRECTION ( 'NONE',  ( -0.000000000000000000, 1.000000000000000000, 0.000000000000000000 ) ) ;
#163 = CARTESIAN_POINT ( 'NONE',  ( -0.6239035213229937593, 0.02000000000000005246, 0.6199999999999999956 ) ) ;
#164 = CARTESIAN_POINT ( 'NONE',  ( 0.000000000000000000, 1.439999999999999947, -0.6000000000000000888 ) ) ;
#165 = ORIENTED_EDGE ( 'NONE', *, *, #1123, .F. ) ;
#166 = LINE ( 'NONE', #31, #1306 ) ;
#167 = VERTEX_POINT ( 'NONE', #1802 ) ;
#168 = EDGE_CURVE ( 'NONE', #1729, #1356, #597, .T. ) ;
#169 = CARTESIAN_POINT ( 'NONE',  ( -0.6237292507710219258, 1.419999999999999929, 0.5999999999999997558 ) ) ;
#170 = CARTESIAN_POINT ( 'NONE',  ( -0.6245528251385640273, 0.004669715754204507505, 0.6130386683572107698 ) ) ;
#171 = EDGE_CURVE ( 'NONE', #1504, #560, #901, .T. ) ;
#172 = DIRECTION ( 'NONE',  ( 0.000000000000000000, 0.000000000000000000, -1.000000000000000000 ) ) ;
#173 = CYLINDRICAL_SURFACE ( 'NONE', #1092, 0.02000000000000005246 ) ;
#174 = EDGE_CURVE ( 'NONE', #963, #840, #1677, .T. ) ;
#175 = ORIENTED_EDGE ( 'NONE', *, *, #757, .T. ) ;
#176 = DIRECTION ( 'NONE',  ( -0.000000000000000000, 0.000000000000000000, -1.000000000000000000 ) ) ;
#177 = EDGE_LOOP ( 'NONE', ( #436, #390, #1018, #1629 ) ) ;
#178 = AXIS2_PLACEMENT_3D ( 'NONE', #1594, #1752, #601 ) ;
#179 = AXIS2_PLACEMENT_3D ( 'NONE', #1355, #222, #89 ) ;
#180 = CYLINDRICAL_SURFACE ( 'NONE', #1829, 0.02000000000000005246 ) ;
#181 = CARTESIAN_POINT ( 'NONE',  ( -2.848908891458576509, 0.02000000000000000042, 0.5999999999999999778 ) ) ;
#182 = DIRECTION ( 'NONE',  ( -0.000000000000000000, -0.000000000000000000, 1.000000000000000000 ) ) ;
#183 = CARTESIAN_POINT ( 'NONE',  ( 0.6050000000000003153, 0.7199999999999988631, -4.591774807899560578E-38 ) ) ;
#184 = ORIENTED_EDGE ( 'NONE', *, *, #168, .T. ) ;
#185 = CARTESIAN_POINT ( 'NONE',  ( -0.9849999999999997646, 1.419999999999999929, -0.6000000000000000888 ) ) ;
#186 = ORIENTED_EDGE ( 'NONE', *, *, #1707, .T. ) ;
#187 = CARTESIAN_POINT ( 'NONE',  ( -13.57499999999993712, 0.7199999999999988631, -0.6199999999999999956 ) ) ;
#188 = AXIS2_PLACEMENT_3D ( 'NONE', #1833, #1247, #848 ) ;
#189 = DIRECTION ( 'NONE',  ( 0.000000000000000000, -1.000000000000000000, 0.000000000000000000 ) ) ;
#190 = AXIS2_PLACEMENT_3D ( 'NONE', #1361, #1095, #976 ) ;
#191 = FACE_OUTER_BOUND ( 'NONE', #596, .T. ) ;
#192 = FACE_OUTER_BOUND ( 'NONE', #389, .T. ) ;
#193 = DIRECTION ( 'NONE',  ( -0.000000000000000000, 0.000000000000000000, 1.000000000000000000 ) ) ;
#194 = DIRECTION ( 'NONE',  ( 0.000000000000000000, 1.000000000000000000, 0.000000000000000000 ) ) ;
#195 = CARTESIAN_POINT ( 'NONE',  ( 0.6243788270152955677, 0.01125764959868321216, 0.6181271918979484026 ) ) ;
#196 = ORIENTED_EDGE ( 'NONE', *, *, #900, .F. ) ;
#197 = CARTESIAN_POINT ( 'NONE',  ( 0.6112381362628729331, 1.184588016019204826, 0.4001157127460919782 ) ) ;
#198 =( LENGTH_UNIT ( ) NAMED_UNIT ( * ) SI_UNIT ( .MILLI., .METRE. ) );
#199 = DIRECTION ( 'NONE',  ( 0.000000000000000000, 0.000000000000000000, 1.000000000000000000 ) ) ;
#200 = CARTESIAN_POINT ( 'NONE',  ( 13.57499999999993712, 0.7199999999999988631, -0.6199999999999999956 ) ) ;
#201 = ORIENTED_EDGE ( 'NONE', *, *, #1390, .F. ) ;
#202 = AXIS2_PLACEMENT_3D ( 'NONE', #1492, #1610, #914 ) ;
#203 = PLANE ( 'NONE',  #572 ) ;
#204 = VERTEX_POINT ( 'NONE', #1559 ) ;
#205 = ORIENTED_EDGE ( 'NONE', *, *, #1624, .T. ) ;
#206 = ADVANCED_FACE ( 'NONE', ( #739 ), #313, .T. ) ;
#207 = DIRECTION ( 'NONE',  ( -1.000000000000000000, 0.000000000000000000, 0.000000000000000000 ) ) ;
#208 = CARTESIAN_POINT ( 'NONE',  ( 13.57499999999993712, 0.7199999999999988631, 0.6199999999999999956 ) ) ;
#209 = CARTESIAN_POINT ( 'NONE',  ( -0.9849999999999997646, 1.439999999999999947, 0.6199999999999999956 ) ) ;
#210 = EDGE_LOOP ( 'NONE', ( #339, #347, #1471, #1622, #1573 ) ) ;
#211 = VERTEX_POINT ( 'NONE', #998 ) ;
#212 = CIRCLE ( 'NONE', #1561, 12.96999999999993669 ) ;
#213 = VERTEX_POINT ( 'NONE', #29 ) ;
#214 = VERTEX_POINT ( 'NONE', #721 ) ;
#215 = DIRECTION ( 'NONE',  ( 1.000000000000000000, 0.000000000000000000, 0.000000000000000000 ) ) ;
#216 = CARTESIAN_POINT ( 'NONE',  ( -13.57499999999993712, 0.7199999999999988631, 0.6199999999999999956 ) ) ;
#217 = EDGE_CURVE ( 'NONE', #690, #296, #1432, .T. ) ;
#218 = SURFACE_STYLE_FILL_AREA ( #1167 ) ;
#219 = CARTESIAN_POINT ( 'NONE',  ( 0.6237292507710193723, 0.02323176007672970306, -0.5999999999999997558 ) ) ;
#220 = CIRCLE ( 'NONE', #1538, 0.02000000000000005246 ) ;
#221 = DIRECTION ( 'NONE',  ( -1.000000000000000000, 0.000000000000000000, 0.000000000000000000 ) ) ;
#222 = DIRECTION ( 'NONE',  ( 0.000000000000000000, 0.000000000000000000, -1.000000000000000000 ) ) ;
#223 = ORIENTED_EDGE ( 'NONE', *, *, #528, .F. ) ;
#224 = VERTEX_POINT ( 'NONE', #282 ) ;
#225 = ADVANCED_FACE ( 'NONE', ( #712 ), #1572, .T. ) ;
#226 = ORIENTED_EDGE ( 'NONE', *, *, #272, .F. ) ;
#227 = CARTESIAN_POINT ( 'NONE',  ( -0.6237292507710202605, 1.439999999999999947, -0.6000000000000000888 ) ) ;
#228 = CARTESIAN_POINT ( 'NONE',  ( 0.6239035213229937593, 1.419999999999999929, 0.6199999999999999956 ) ) ;
#229 = FACE_OUTER_BOUND ( 'NONE', #1760, .T. ) ;
#230 = EDGE_CURVE ( 'NONE', #1439, #680, #1404, .T. ) ;
#231 = ORIENTED_EDGE ( 'NONE', *, *, #684, .F. ) ;
#232 = EDGE_LOOP ( 'NONE', ( #1720, #733, #917, #634 ) ) ;
#233 = EDGE_CURVE ( 'NONE', #1513, #730, #1584, .T. ) ;
#234 = ADVANCED_FACE ( 'NONE', ( #1550 ), #893, .F. ) ;
#235 = VERTEX_POINT ( 'NONE', #604 ) ;
#236 = CIRCLE ( 'NONE', #1265, 9.619999999999974349 ) ;
#237 = MECHANICAL_DESIGN_GEOMETRIC_PRESENTATION_REPRESENTATION (  '', ( #1061 ), #1681 ) ;
#238 = DIRECTION ( 'NONE',  ( 0.000000000000000000, 1.000000000000000000, 0.000000000000000000 ) ) ;
#239 = CARTESIAN_POINT ( 'NONE',  ( -0.6239606108351588576, 1.421055645263160194, 0.6199790889736824795 ) ) ;
#240 = PLANE ( 'NONE',  #1569 ) ;
#241 = CARTESIAN_POINT ( 'NONE',  ( 0.000000000000000000, 0.000000000000000000, 0.000000000000000000 ) ) ;
#242 = ORIENTED_EDGE ( 'NONE', *, *, #1565, .T. ) ;
#243 = ORIENTED_EDGE ( 'NONE', *, *, #34, .T. ) ;
#244 = CARTESIAN_POINT ( 'NONE',  ( -0.6245528251385643603, 1.435330284245798671, -0.6130386683572036643 ) ) ;
#245 = DIRECTION ( 'NONE',  ( 1.000000000000000000, 0.000000000000000000, 0.000000000000000000 ) ) ;
#246 = DIRECTION ( 'NONE',  ( 1.000000000000000000, 0.000000000000000000, 0.000000000000000000 ) ) ;
#247 = LINE ( 'NONE', #820, #467 ) ;
#248 = ORIENTED_EDGE ( 'NONE', *, *, #812, .T. ) ;
#249 = AXIS2_PLACEMENT_3D ( 'NONE', #873, #594, #1301 ) ;
#250 = DIRECTION ( 'NONE',  ( -0.000000000000000000, 0.000000000000000000, 1.000000000000000000 ) ) ;
#251 = ORIENTED_EDGE ( 'NONE', *, *, #145, .F. ) ;
#252 = CARTESIAN_POINT ( 'NONE',  ( 0.9849999999999997646, 0.02000000000000005246, -0.6000000000000000888 ) ) ;
#253 = CARTESIAN_POINT ( 'NONE',  ( 0.000000000000000000, 1.419999999999999929, 0.6000000000000000888 ) ) ;
#254 = CARTESIAN_POINT ( 'NONE',  ( -1.004999999999999893, 1.419999999999999929, 0.6000000000000000888 ) ) ;
#255 = CARTESIAN_POINT ( 'NONE',  ( 0.6243093748659596098, 0.002247954123345977887, 0.6092122130005774849 ) ) ;
#256 = EDGE_LOOP ( 'NONE', ( #1669, #1502, #1787, #1379 ) ) ;
#257 = B_SPLINE_CURVE_WITH_KNOTS ( 'NONE', 3,
 ( #327, #639, #1332, #1485 ),
 .UNSPECIFIED., .F., .F.,
 ( 4, 4 ),
 ( 8.322616580932172626E-06, 0.0009503732731418871628 ),
 .UNSPECIFIED. ) ;
#258 = DIRECTION ( 'NONE',  ( -0.000000000000000000, -0.000000000000000000, -1.000000000000000000 ) ) ;
#259 = ORIENTED_EDGE ( 'NONE', *, *, #1198, .T. ) ;
#260 = ADVANCED_FACE ( 'NONE', ( #1144 ), #1272, .T. ) ;
#261 = DIRECTION ( 'NONE',  ( 0.000000000000000000, 0.000000000000000000, 1.000000000000000000 ) ) ;
#262 = DIRECTION ( 'NONE',  ( 0.000000000000000000, 0.000000000000000000, 1.000000000000000000 ) ) ;
#263 = DIRECTION ( 'NONE',  ( 0.000000000000000000, 0.000000000000000000, -1.000000000000000000 ) ) ;
#264 = AXIS2_PLACEMENT_3D ( 'NONE', #187, #333, #287 ) ;
#265 = FACE_OUTER_BOUND ( 'NONE', #232, .T. ) ;
#266 = ORIENTED_EDGE ( 'NONE', *, *, #552, .F. ) ;
#267 = VECTOR ( 'NONE', #1535, 1000.000000000000000 ) ;
#268 = CARTESIAN_POINT ( 'NONE',  ( -0.9849999999999997646, 1.419999999999999929, -0.6000000000000000888 ) ) ;
#269 = B_SPLINE_CURVE_WITH_KNOTS ( 'NONE', 3,
 ( #843, #968, #114, #1642, #1515, #956, #1093, #239, #129, #106 ),
 .UNSPECIFIED., .F., .F.,
 ( 4, 3, 3, 4 ),
 ( 2.424349759030540154E-19, 6.728558078336325459E-06, 1.345674316953755808E-05, 1.502063486816096049E-05 ),
 .UNSPECIFIED. ) ;
#270 = APPLICATION_CONTEXT ( 'automotive_design' ) ;
#271 = CARTESIAN_POINT ( 'NONE',  ( -0.6239035213229937593, 0.02000000000000005246, -0.6199999999999999956 ) ) ;
#272 = EDGE_CURVE ( 'NONE', #1153, #1012, #444, .T. ) ;
#273 = DIRECTION ( 'NONE',  ( 0.000000000000000000, 0.000000000000000000, -1.000000000000000000 ) ) ;
#274 = DIRECTION ( 'NONE',  ( 0.000000000000000000, 0.000000000000000000, -1.000000000000000000 ) ) ;
#275 = VERTEX_POINT ( 'NONE', #1698 ) ;
#276 = CARTESIAN_POINT ( 'NONE',  ( 0.6115447805915241730, 0.2441230445591804910, 0.4098380575943397219 ) ) ;
#277 = VECTOR ( 'NONE', #1137, 1000.000000000000000 ) ;
#278 = CARTESIAN_POINT ( 'NONE',  ( 0.6246300163955401663, 1.433314400883491269, -0.6149332604121322543 ) ) ;
#279 = LINE ( 'NONE', #1695, #61 ) ;
#280 = SPHERICAL_SURFACE ( 'NONE', #573, 0.02000000000000000042 ) ;
#281 = CARTESIAN_POINT ( 'NONE',  ( 13.57499999999993712, 0.7199999999999988631, -0.5999999999999999778 ) ) ;
#282 = CARTESIAN_POINT ( 'NONE',  ( -0.6246510961073512558, 1.433696901665133749, -0.6145737738686855023 ) ) ;
#283 = EDGE_CURVE ( 'NONE', #1170, #520, #862, .T. ) ;
#284 = EDGE_LOOP ( 'NONE', ( #1521, #1148, #1357 ) ) ;
#285 = DIRECTION ( 'NONE',  ( 0.000000000000000000, 0.000000000000000000, -1.000000000000000000 ) ) ;
#286 = ADVANCED_FACE ( 'NONE', ( #577 ), #173, .T. ) ;
#287 = DIRECTION ( 'NONE',  ( 1.000000000000000000, 0.000000000000000000, 0.000000000000000000 ) ) ;
#288 = DIRECTION ( 'NONE',  ( -0.000000000000000000, -0.000000000000000000, 1.000000000000000000 ) ) ;
#289 = FACE_OUTER_BOUND ( 'NONE', #795, .T. ) ;
#290 = FACE_OUTER_BOUND ( 'NONE', #1285, .T. ) ;
#291 = CARTESIAN_POINT ( 'NONE',  ( 0.6237880078461233158, -1.322628583000818420E-16, 0.6009402376441737026 ) ) ;
#292 = ORIENTED_EDGE ( 'NONE', *, *, #1733, .F. ) ;
#293 = EDGE_CURVE ( 'NONE', #1817, #1518, #1135, .T. ) ;
#294 = CARTESIAN_POINT ( 'NONE',  ( -0.6237292507710193723, 0.02323176007672970306, -0.5999999999999997558 ) ) ;
#295 = EDGE_CURVE ( 'NONE', #643, #963, #1706, .T. ) ;
#296 = VERTEX_POINT ( 'NONE', #916 ) ;
#297 = CIRCLE ( 'NONE', #152, 0.02000000000000005246 ) ;
#298 = CARTESIAN_POINT ( 'NONE',  ( 1.004999999999999893, 1.419999999999999929, 0.6199999999999999956 ) ) ;
#299 = ADVANCED_FACE ( 'NONE', ( #1046 ), #1756, .T. ) ;
#300 = DIRECTION ( 'NONE',  ( 1.000000000000000000, 0.000000000000000000, 0.000000000000000000 ) ) ;
#301 = AXIS2_PLACEMENT_3D ( 'NONE', #1660, #1519, #569 ) ;
#302 = CARTESIAN_POINT ( 'NONE',  ( 0.6239035213229937593, 1.419999999999999929, -0.6199999999999999956 ) ) ;
#303 = CARTESIAN_POINT ( 'NONE',  ( 0.6112381362628726000, 0.2554119839808000614, 0.4001157127461018592 ) ) ;
#304 = ADVANCED_FACE ( 'NONE', ( #1735 ), #1313, .F. ) ;
#305 = ORIENTED_EDGE ( 'NONE', *, *, #1385, .T. ) ;
#306 = CARTESIAN_POINT ( 'NONE',  ( -13.57499999999993712, 0.7199999999999988631, -0.6199999999999999956 ) ) ;
#307 = EDGE_LOOP ( 'NONE', ( #205, #1823, #1551, #1073 ) ) ;
#308 = AXIS2_PLACEMENT_3D ( 'NONE', #678, #836, #1386 ) ;
#309 = AXIS2_PLACEMENT_3D ( 'NONE', #1415, #720, #461 ) ;
#310 = CARTESIAN_POINT ( 'NONE',  ( -0.6245193771296931873, 1.435602316955297830, 0.6125127018217879638 ) ) ;
#311 = CARTESIAN_POINT ( 'NONE',  ( 0.6237292507710219258, 0.02000000000000005246, -0.5999999999999997558 ) ) ;
#312 = CARTESIAN_POINT ( 'NONE',  ( 0.6241100423321979118, 0.01618588884592413873, -0.6197602625186245939 ) ) ;
#313 = CYLINDRICAL_SURFACE ( 'NONE', #1172, 12.96999999999993669 ) ;
#314 = ORIENTED_EDGE ( 'NONE', *, *, #1307, .T. ) ;
#315 = CARTESIAN_POINT ( 'NONE',  ( 0.6242795538513585818, 0.001874333557871126843, -0.6087457666324993522 ) ) ;
#316 = EDGE_LOOP ( 'NONE', ( #314, #1100, #4, #1070, #380 ) ) ;
#317 = DIRECTION ( 'NONE',  ( 0.000000000000000000, 0.000000000000000000, 1.000000000000000000 ) ) ;
#318 = EDGE_CURVE ( 'NONE', #1542, #643, #817, .T. ) ;
#319 = CARTESIAN_POINT ( 'NONE',  ( -0.6243093748659596098, 0.002247954123345977887, 0.6092122130005774849 ) ) ;
#320 = DIRECTION ( 'NONE',  ( -0.000000000000000000, -0.000000000000000000, -1.000000000000000000 ) ) ;
#321 = CARTESIAN_POINT ( 'NONE',  ( -0.6237292507710198164, 1.416768239923265948, -0.5999999999999998668 ) ) ;
#322 = ORIENTED_EDGE ( 'NONE', *, *, #1733, .T. ) ;
#323 = CARTESIAN_POINT ( 'NONE',  ( -0.9849999999999997646, 0.000000000000000000, 0.6000000000000000888 ) ) ;
#324 = ORIENTED_EDGE ( 'NONE', *, *, #1741, .F. ) ;
#325 = CARTESIAN_POINT ( 'NONE',  ( 0.6241480581618866763, 1.424512928064223027, -0.6196126755854255430 ) ) ;
#326 = CARTESIAN_POINT ( 'NONE',  ( -0.6245856248240052588, 0.007492097421961866135, 0.6156061646261404841 ) ) ;
#327 = CARTESIAN_POINT ( 'NONE',  ( -0.6246510961073509227, 0.006303098334870024973, 0.6145737738686921636 ) ) ;
#328 = FACE_OUTER_BOUND ( 'NONE', #1575, .T. ) ;
#329 = FACE_OUTER_BOUND ( 'NONE', #496, .T. ) ;
#330 = ORIENTED_EDGE ( 'NONE', *, *, #1719, .F. ) ;
#331 = DIRECTION ( 'NONE',  ( 0.000000000000000000, 0.000000000000000000, -1.000000000000000000 ) ) ;
#332 = ORIENTED_EDGE ( 'NONE', *, *, #1405, .F. ) ;
#333 = DIRECTION ( 'NONE',  ( -0.000000000000000000, -0.000000000000000000, 1.000000000000000000 ) ) ;
#334 = DIRECTION ( 'NONE',  ( 0.000000000000000000, 0.000000000000000000, 1.000000000000000000 ) ) ;
#335 = AXIS2_PLACEMENT_3D ( 'NONE', #475, #1487, #1599 ) ;
#336 = AXIS2_PLACEMENT_3D ( 'NONE', #185, #464, #1009 ) ;
#337 = CYLINDRICAL_SURFACE ( 'NONE', #870, 0.02000000000000005246 ) ;
#338 = DIRECTION ( 'NONE',  ( 0.000000000000000000, 1.000000000000000000, 0.000000000000000000 ) ) ;
#339 = ORIENTED_EDGE ( 'NONE', *, *, #1026, .T. ) ;
#340 = CARTESIAN_POINT ( 'NONE',  ( -0.6237292507710202605, 1.439999999999999947, -0.6000000000000000888 ) ) ;
#341 = ORIENTED_EDGE ( 'NONE', *, *, #1672, .T. ) ;
#342 = EDGE_CURVE ( 'NONE', #523, #235, #1490, .T. ) ;
#343 = CARTESIAN_POINT ( 'NONE',  ( -0.6241480581618867873, 0.01548707193577684299, 0.6196126755854255430 ) ) ;
#344 = CARTESIAN_POINT ( 'NONE',  ( -0.6240246476833928302, 1.422241027399485436, -0.6199999999999999956 ) ) ;
#345 = DIRECTION ( 'NONE',  ( 0.000000000000000000, 0.000000000000000000, -1.000000000000000000 ) ) ;
#346 = LINE ( 'NONE', #209, #1786 ) ;
#347 = ORIENTED_EDGE ( 'NONE', *, *, #1268, .T. ) ;
#348 = MECHANICAL_DESIGN_GEOMETRIC_PRESENTATION_REPRESENTATION (  '', ( #1226 ), #1086 ) ;
#349 = CARTESIAN_POINT ( 'NONE',  ( 0.6245856248240052588, 0.007492097421961866135, 0.6156061646261404841 ) ) ;
#350 = ORIENTED_EDGE ( 'NONE', *, *, #1624, .F. ) ;
#351 = ORIENTED_EDGE ( 'NONE', *, *, #1268, .F. ) ;
#352 = EDGE_CURVE ( 'NONE', #1278, #1817, #346, .T. ) ;
#353 = EDGE_CURVE ( 'NONE', #44, #62, #1804, .T. ) ;
#354 = CARTESIAN_POINT ( 'NONE',  ( -0.9849999999999997646, 0.02000000000000005246, 0.5999999999999999778 ) ) ;
#355 = CLOSED_SHELL ( 'NONE', ( #206, #499, #1589, #1659, #1181, #1010, #1157, #1208, #1777, #868, #158, #286, #1810, #299, #791, #1732, #753, #365, #1349, #1529, #1074, #1064, #1766 ) ) ;
#356 = DIRECTION ( 'NONE',  ( 1.000000000000000000, -0.000000000000000000, 0.000000000000000000 ) ) ;
#357 = CARTESIAN_POINT ( 'NONE',  ( -0.6237292507710219258, -1.240161279834199215, 0.5999999999999997558 ) ) ;
#358 = CARTESIAN_POINT ( 'NONE',  ( 0.6239054971685682460, 1.439801089274331369, -0.6028136923646847389 ) ) ;
#359 = ADVANCED_FACE ( 'NONE', ( #59 ), #774, .F. ) ;
#360 = VERTEX_POINT ( 'NONE', #792 ) ;
#361 = EDGE_LOOP ( 'NONE', ( #803, #1607, #833 ) ) ;
#362 = DIRECTION ( 'NONE',  ( 0.000000000000000000, 0.000000000000000000, 1.000000000000000000 ) ) ;
#363 = ORIENTED_EDGE ( 'NONE', *, *, #492, .F. ) ;
#364 = EDGE_CURVE ( 'NONE', #204, #1518, #5, .T. ) ;
#365 = ADVANCED_FACE ( 'NONE', ( #329 ), #1454, .T. ) ;
#366 = CARTESIAN_POINT ( 'NONE',  ( -0.6243788270152954567, 1.428742350401316363, -0.6181271918979484026 ) ) ;
#367 = CARTESIAN_POINT ( 'NONE',  ( 0.6050000000000003153, 0.4877070430861162320, -0.2000569118077145658 ) ) ;
#368 = VECTOR ( 'NONE', #1782, 1000.000000000000000 ) ;
#369 = CARTESIAN_POINT ( 'NONE',  ( 0.6238470493928134353, 1.439933368960215843, -0.6018827868036300544 ) ) ;
#370 = EDGE_CURVE ( 'NONE', #157, #1047, #1200, .T. ) ;
#371 = CARTESIAN_POINT ( 'NONE',  ( 0.6244893612058597387, 0.009241767481378355270, 0.6170084760313550021 ) ) ;
#372 = ORIENTED_EDGE ( 'NONE', *, *, #952, .T. ) ;
#373 = ORIENTED_EDGE ( 'NONE', *, *, #145, .T. ) ;
#374 = PRESENTATION_STYLE_ASSIGNMENT (( #955 ) ) ;
#375 = CARTESIAN_POINT ( 'NONE',  ( -0.6239891034838560557, 0.01841838798195921320, -0.6199373645351720086 ) ) ;
#376 = PLANE ( 'NONE',  #937 ) ;
#377 = LINE ( 'NONE', #396, #267 ) ;
#378 = ORIENTED_EDGE ( 'NONE', *, *, #557, .T. ) ;
#379 = PRESENTATION_STYLE_ASSIGNMENT (( #1583 ) ) ;
#380 = ORIENTED_EDGE ( 'NONE', *, *, #168, .F. ) ;
#381 = CIRCLE ( 'NONE', #857, 12.96999999999993669 ) ;
#382 = AXIS2_PLACEMENT_3D ( 'NONE', #466, #902, #1463 ) ;
#383 = DIRECTION ( 'NONE',  ( 0.000000000000000000, 0.000000000000000000, 1.000000000000000000 ) ) ;
#384 = CARTESIAN_POINT ( 'NONE',  ( 0.6246100715387367108, 1.434378779706830587, 0.6139329229422995082 ) ) ;
#385 = CYLINDRICAL_SURFACE ( 'NONE', #845, 12.96999999999993669 ) ;
#386 = VECTOR ( 'NONE', #1238, 1000.000000000000000 ) ;
#387 = CARTESIAN_POINT ( 'NONE',  ( 0.9849999999999997646, 1.439999999999999947, -0.6199999999999999956 ) ) ;
#388 = VECTOR ( 'NONE', #1687, 1000.000000000000000 ) ;
#389 = EDGE_LOOP ( 'NONE', ( #489, #1765, #1091, #1455, #1662 ) ) ;
#390 = ORIENTED_EDGE ( 'NONE', *, *, #1741, .T. ) ;
#391 = DIRECTION ( 'NONE',  ( -0.000000000000000000, 1.000000000000000000, -0.000000000000000000 ) ) ;
#392 = AXIS2_PLACEMENT_3D ( 'NONE', #268, #1818, #407 ) ;
#393 = ORIENTED_EDGE ( 'NONE', *, *, #557, .F. ) ;
#394 = FACE_OUTER_BOUND ( 'NONE', #978, .T. ) ;
#395 = DIRECTION ( 'NONE',  ( 0.000000000000000000, 0.000000000000000000, -1.000000000000000000 ) ) ;
#396 = CARTESIAN_POINT ( 'NONE',  ( 0.6050000000000013145, 0.7199999999999988631, 0.6199999999999999956 ) ) ;
#397 = ORIENTED_EDGE ( 'NONE', *, *, #1254, .F. ) ;
#398 = AXIS2_PLACEMENT_3D ( 'NONE', #428, #738, #892 ) ;
#399 = DIRECTION ( 'NONE',  ( -1.000000000000000000, 0.000000000000000000, -0.000000000000000000 ) ) ;
#400 = ADVANCED_FACE ( 'NONE', ( #229 ), #615, .T. ) ;
#401 = ORIENTED_EDGE ( 'NONE', *, *, #1797, .T. ) ;
#402 = DIRECTION ( 'NONE',  ( -0.000000000000000000, 0.000000000000000000, 1.000000000000000000 ) ) ;
#403 = CARTESIAN_POINT ( 'NONE',  ( 0.6238693517888250772, 1.439999999999999947, 0.6022419130069774917 ) ) ;
#404 = CARTESIAN_POINT ( 'NONE',  ( -1.004999999999999893, 1.439999999999999947, 0.6000000000000000888 ) ) ;
#405 = CARTESIAN_POINT ( 'NONE',  ( 0.6240446926334100031, 0.0005139395206602356695, 0.6050306771963925856 ) ) ;
#406 = ORIENTED_EDGE ( 'NONE', *, *, #623, .T. ) ;
#407 = DIRECTION ( 'NONE',  ( 0.000000000000000000, 0.000000000000000000, 1.000000000000000000 ) ) ;
#408 = ADVANCED_FACE ( 'NONE', ( #798 ), #1162, .T. ) ;
#409 = CARTESIAN_POINT ( 'NONE',  ( -10.22499999999997300, -1.240161279834199215, 0.000000000000000000 ) ) ;
#410 = CARTESIAN_POINT ( 'NONE',  ( -13.57499999999993712, 0.7199999999999988631, 0.6199999999999999956 ) ) ;
#411 = DIRECTION ( 'NONE',  ( 0.000000000000000000, 0.000000000000000000, -1.000000000000000000 ) ) ;
#412 = VERTEX_POINT ( 'NONE', #1354 ) ;
#413 = CARTESIAN_POINT ( 'NONE',  ( -1.004999999999999893, 0.000000000000000000, 0.6000000000000000888 ) ) ;
#414 = CARTESIAN_POINT ( 'NONE',  ( -0.6237292507710219258, 1.419999999999999929, -0.5999999999999997558 ) ) ;
#415 = EDGE_CURVE ( 'NONE', #497, #360, #911, .T. ) ;
#416 = CARTESIAN_POINT ( 'NONE',  ( 0.9849999999999997646, 0.02000000000000005246, 0.6000000000000000888 ) ) ;
#417 = EDGE_CURVE ( 'NONE', #520, #204, #1190, .T. ) ;
#418 = ADVANCED_FACE ( 'NONE', ( #1814 ), #240, .F. ) ;
#419 = CARTESIAN_POINT ( 'NONE',  ( -13.57499999999993712, 0.7199999999999988631, -0.6199999999999999956 ) ) ;
#420 = ORIENTED_EDGE ( 'NONE', *, *, #1512, .T. ) ;
#421 = CARTESIAN_POINT ( 'NONE',  ( 0.9849999999999997646, 1.419999999999999929, 0.6000000000000000888 ) ) ;
#422 = VECTOR ( 'NONE', #1524, 1000.000000000000000 ) ;
#423 = AXIS2_PLACEMENT_3D ( 'NONE', #618, #886, #331 ) ;
#424 = CARTESIAN_POINT ( 'NONE',  ( 0.6246510961073512558, 1.433696901665133749, -0.6145737738686855023 ) ) ;
#425 = CARTESIAN_POINT ( 'NONE',  ( -0.6237292507710195943, 1.416768239923273276, 0.5999999999999918732 ) ) ;
#426 = CARTESIAN_POINT ( 'NONE',  ( 0.9849999999999997646, 1.439999999999999947, -0.6000000000000000888 ) ) ;
#427 = EDGE_CURVE ( 'NONE', #1513, #1047, #1286, .T. ) ;
#428 = CARTESIAN_POINT ( 'NONE',  ( -10.22499999999997300, -1.240161279834199215, -0.000000000000000000 ) ) ;
#429 = DIRECTION ( 'NONE',  ( -1.000000000000000000, 0.000000000000000000, 0.000000000000000000 ) ) ;
#430 = CARTESIAN_POINT ( 'NONE',  ( 0.6050000000000003153, 0.9579386221206687146, 0.2049191097899232539 ) ) ;
#431 = ORIENTED_EDGE ( 'NONE', *, *, #1657, .F. ) ;
#432 = CYLINDRICAL_SURFACE ( 'NONE', #524, 12.96999999999993669 ) ;
#433 = CARTESIAN_POINT ( 'NONE',  ( -0.6246510961073509227, 0.006303098334870024973, 0.6145737738686921636 ) ) ;
#434 = CARTESIAN_POINT ( 'NONE',  ( -0.9849999999999997646, 0.000000000000000000, -0.6000000000000001998 ) ) ;
#435 = DIRECTION ( 'NONE',  ( 0.000000000000000000, 0.000000000000000000, 1.000000000000000000 ) ) ;
#436 = ORIENTED_EDGE ( 'NONE', *, *, #417, .F. ) ;
#437 = CARTESIAN_POINT ( 'NONE',  ( 0.6237292507710202605, 0.000000000000000000, 0.6000000000000000888 ) ) ;
#438 = ORIENTED_EDGE ( 'NONE', *, *, #1236, .F. ) ;
#439 = B_SPLINE_CURVE_WITH_KNOTS ( 'NONE', 3,
 ( #1466, #773, #1180, #1755, #526, #1523, #375, #685, #1820, #271 ),
 .UNSPECIFIED., .F., .F.,
 ( 4, 3, 3, 4 ),
 ( 7.877406409464993153E-20, 6.728558078336459291E-06, 1.345674316953790706E-05, 1.502063486816446720E-05 ),
 .UNSPECIFIED. ) ;
#440 = VECTOR ( 'NONE', #745, 1000.000000000000000 ) ;
#441 = CARTESIAN_POINT ( 'NONE',  ( 0.6050000000000003153, 0.7199999999999988631, 4.591774807899560578E-38 ) ) ;
#442 = CARTESIAN_POINT ( 'NONE',  ( 0.6239606108351588576, 1.421055645263160194, 0.6199790889736824795 ) ) ;
#443 = DIRECTION ( 'NONE',  ( 1.000000000000000000, 0.000000000000000000, 0.000000000000000000 ) ) ;
#444 = LINE ( 'NONE', #566, #1745 ) ;
#445 = DIRECTION ( 'NONE',  ( 0.000000000000000000, -1.000000000000000000, 0.000000000000000000 ) ) ;
#446 = UNCERTAINTY_MEASURE_WITH_UNIT (LENGTH_MEASURE( 1.000000000000000082E-05 ), #768, 'distance_accuracy_value', 'NONE');
#447 = ORIENTED_EDGE ( 'NONE', *, *, #94, .T. ) ;
#448 = EDGE_CURVE ( 'NONE', #1356, #101, #548, .T. ) ;
#449 = AXIS2_PLACEMENT_3D ( 'NONE', #958, #517, #946 ) ;
#450 = CARTESIAN_POINT ( 'NONE',  ( -0.6050000000000003153, 0.7199999999999988631, -4.591774807899560578E-38 ) ) ;
#451 = CARTESIAN_POINT ( 'NONE',  ( -0.9849999999999997646, 1.439999999999999947, -0.6000000000000000888 ) ) ;
#452 = CARTESIAN_POINT ( 'NONE',  ( -0.6050000000000013145, 0.7199999999999988631, 0.6199999999999999956 ) ) ;
#453 = DIRECTION ( 'NONE',  ( 0.000000000000000000, 0.000000000000000000, 1.000000000000000000 ) ) ;
#454 = ORIENTED_EDGE ( 'NONE', *, *, #427, .T. ) ;
#455 = CARTESIAN_POINT ( 'NONE',  ( 0.6245659384841991679, 0.004982965467038310593, -0.6132425011882007837 ) ) ;
#456 = EDGE_LOOP ( 'NONE', ( #1482, #513, #226, #568, #1203 ) ) ;
#457 = FILL_AREA_STYLE ('',( #1257 ) ) ;
#458 = ADVANCED_FACE ( 'NONE', ( #818 ), #376, .T. ) ;
#459 =( LENGTH_UNIT ( ) NAMED_UNIT ( * ) SI_UNIT ( .MILLI., .METRE. ) );
#460 = CARTESIAN_POINT ( 'NONE',  ( -0.6246510961073512558, 1.433696901665133749, -0.6145737738686855023 ) ) ;
#461 = DIRECTION ( 'NONE',  ( 0.000000000000000000, 0.000000000000000000, -1.000000000000000000 ) ) ;
#462 = CARTESIAN_POINT ( 'NONE',  ( 0.000000000000000000, 1.419999999999999929, -0.6000000000000000888 ) ) ;
#463 = ORIENTED_EDGE ( 'NONE', *, *, #727, .F. ) ;
#464 = DIRECTION ( 'NONE',  ( 0.000000000000000000, 1.000000000000000000, 0.000000000000000000 ) ) ;
#465 = ORIENTED_EDGE ( 'NONE', *, *, #1675, .F. ) ;
#466 = CARTESIAN_POINT ( 'NONE',  ( -1.004999999999999893, 0.02000000000000005246, -0.6000000000000000888 ) ) ;
#467 = VECTOR ( 'NONE', #108, 1000.000000000000000 ) ;
#468 = DIRECTION ( 'NONE',  ( 0.000000000000000000, 0.000000000000000000, -1.000000000000000000 ) ) ;
#469 = AXIS2_PLACEMENT_3D ( 'NONE', #48, #1627, #78 ) ;
#470 = CARTESIAN_POINT ( 'NONE',  ( -0.6246510961073512558, 1.433696901665133749, -0.6145737738686855023 ) ) ;
#471 = LINE ( 'NONE', #1045, #1421 ) ;
#472 = EDGE_CURVE ( 'NONE', #643, #167, #1366, .T. ) ;
#473 = AXIS2_PLACEMENT_3D ( 'NONE', #841, #1230, #285 ) ;
#474 = B_SPLINE_CURVE_WITH_KNOTS ( 'NONE', 3,
 ( #1242, #244, #1798, #536, #1514, #974, #1498, #1673, #806, #227 ),
 .UNSPECIFIED., .F., .F.,
 ( 4, 3, 3, 4 ),
 ( 0.000000000000000000, 6.731069968851083595E-06, 1.346158963403546388E-05, 1.625463472155716413E-05 ),
 .UNSPECIFIED. ) ;
#475 = CARTESIAN_POINT ( 'NONE',  ( 0.9849999999999997646, 1.419999999999999929, -0.6000000000000000888 ) ) ;
#476 = ORIENTED_EDGE ( 'NONE', *, *, #1330, .F. ) ;
#477 = DIRECTION ( 'NONE',  ( 0.000000000000000000, 0.000000000000000000, 1.000000000000000000 ) ) ;
#478 = VERTEX_POINT ( 'NONE', #1821 ) ;
#479 = DIRECTION ( 'NONE',  ( 0.000000000000000000, 0.000000000000000000, -1.000000000000000000 ) ) ;
#480 = CARTESIAN_POINT ( 'NONE',  ( 0.6050000000000003153, 0.7199999999999988631, -4.591774807899560578E-38 ) ) ;
#481 = CARTESIAN_POINT ( 'NONE',  ( 1.004999999999999893, 1.439999999999999947, -0.6000000000000001998 ) ) ;
#482 = CARTESIAN_POINT ( 'NONE',  ( -0.9849999999999997646, 1.419999999999999929, 0.000000000000000000 ) ) ;
#483 = EDGE_CURVE ( 'NONE', #1356, #1437, #70, .T. ) ;
#484 = CARTESIAN_POINT ( 'NONE',  ( -10.22499999999997300, -1.240161279834199215, -0.000000000000000000 ) ) ;
#485 = EDGE_CURVE ( 'NONE', #1396, #1784, #1693, .T. ) ;
#486 = ORIENTED_EDGE ( 'NONE', *, *, #95, .F. ) ;
#487 = CARTESIAN_POINT ( 'NONE',  ( 0.6241480581618867873, 0.01548707193577684299, 0.6196126755854255430 ) ) ;
#488 = ORIENTED_EDGE ( 'NONE', *, *, #492, .T. ) ;
#489 = ORIENTED_EDGE ( 'NONE', *, *, #767, .F. ) ;
#490 = CARTESIAN_POINT ( 'NONE',  ( 0.6050000000000003153, 0.9522929569136705519, 0.2000569118079586761 ) ) ;
#491 =( NAMED_UNIT ( * ) PLANE_ANGLE_UNIT ( ) SI_UNIT ( $, .RADIAN. ) );
#492 = EDGE_CURVE ( 'NONE', #777, #1069, #694, .T. ) ;
#493 = CARTESIAN_POINT ( 'NONE',  ( -0.6237292507710193723, 0.02323176007672970306, -0.5999999999999997558 ) ) ;
#494 = CARTESIAN_POINT ( 'NONE',  ( 0.6243093748659582776, 1.437752045876657281, -0.6092122130005710456 ) ) ;
#495 = ORIENTED_EDGE ( 'NONE', *, *, #1598, .T. ) ;
#496 = EDGE_LOOP ( 'NONE', ( #24, #1275, #713, #1335 ) ) ;
#497 = VERTEX_POINT ( 'NONE', #254 ) ;
#498 =( NAMED_UNIT ( * ) SI_UNIT ( $, .STERADIAN. ) SOLID_ANGLE_UNIT ( ) );
#499 = ADVANCED_FACE ( 'NONE', ( #1500 ), #385, .T. ) ;
#500 = ORIENTED_EDGE ( 'NONE', *, *, #318, .F. ) ;
#501 = FACE_OUTER_BOUND ( 'NONE', #796, .T. ) ;
#502 = CARTESIAN_POINT ( 'NONE',  ( -0.6237292507710198164, 1.416768239923265948, -0.5999999999999998668 ) ) ;
#503 = DIRECTION ( 'NONE',  ( 0.000000000000000000, 0.000000000000000000, -1.000000000000000000 ) ) ;
#504 = VERTEX_POINT ( 'NONE', #98 ) ;
#505 = ORIENTED_EDGE ( 'NONE', *, *, #132, .F. ) ;
#506 = ORIENTED_EDGE ( 'NONE', *, *, #676, .T. ) ;
#507 = PRODUCT_DEFINITION_SHAPE ( 'NONE', 'NONE',  #1184 ) ;
#508 =( NAMED_UNIT ( * ) SI_UNIT ( $, .STERADIAN. ) SOLID_ANGLE_UNIT ( ) );
#509 = CARTESIAN_POINT ( 'NONE',  ( 0.000000000000000000, 1.439999999999999947, 0.6000000000000000888 ) ) ;
#510 = AXIS2_PLACEMENT_3D ( 'NONE', #933, #1590, #49 ) ;
#511 = DIRECTION ( 'NONE',  ( -1.000000000000000000, 0.000000000000000000, 0.000000000000000000 ) ) ;
#512 = CARTESIAN_POINT ( 'NONE',  ( 0.6239035213229937593, 0.02000000000000005246, 0.6199999999999999956 ) ) ;
#513 = ORIENTED_EDGE ( 'NONE', *, *, #549, .T. ) ;
#514 = ORIENTED_EDGE ( 'NONE', *, *, #828, .T. ) ;
#515 = FILL_AREA_STYLE ('',( #1507 ) ) ;
#516 = DIRECTION ( 'NONE',  ( -0.000000000000000000, -0.000000000000000000, -1.000000000000000000 ) ) ;
#517 = DIRECTION ( 'NONE',  ( 0.000000000000000000, 0.000000000000000000, 1.000000000000000000 ) ) ;
#518 = B_SPLINE_CURVE_WITH_KNOTS ( 'NONE', 3,
 ( #1114, #276, #1398, #43 ),
 .UNSPECIFIED., .F., .F.,
 ( 4, 4 ),
 ( 8.322616580932172626E-06, 0.0009503732731418871628 ),
 .UNSPECIFIED. ) ;
#519 = CARTESIAN_POINT ( 'NONE',  ( 1.004999999999999893, 1.419999999999999929, -0.6199999999999999956 ) ) ;
#520 = VERTEX_POINT ( 'NONE', #670 ) ;
#521 = ORIENTED_EDGE ( 'NONE', *, *, #541, .T. ) ;
#522 = FACE_OUTER_BOUND ( 'NONE', #935, .T. ) ;
#523 = VERTEX_POINT ( 'NONE', #1210 ) ;
#524 = AXIS2_PLACEMENT_3D ( 'NONE', #1555, #317, #995 ) ;
#525 = CARTESIAN_POINT ( 'NONE',  ( -0.6050000000000003153, 0.9579386221206687146, 0.2049191097899232539 ) ) ;
#526 = CARTESIAN_POINT ( 'NONE',  ( -0.6242316032502086554, 0.01395315892714645879, -0.6191951352035041101 ) ) ;
#527 = DIRECTION ( 'NONE',  ( 0.000000000000000000, 0.000000000000000000, 1.000000000000000000 ) ) ;
#528 = EDGE_CURVE ( 'NONE', #690, #1738, #655, .T. ) ;
#529 = CARTESIAN_POINT ( 'NONE',  ( -10.22499999999997300, 0.02000000000000005246, 0.000000000000000000 ) ) ;
#530 = CIRCLE ( 'NONE', #930, 12.96999999999993669 ) ;
#531 = EDGE_LOOP ( 'NONE', ( #542, #1196, #1708, #813 ) ) ;
#532 = LINE ( 'NONE', #1372, #150 ) ;
#533 = CIRCLE ( 'NONE', #959, 0.02000000000000005246 ) ;
#534 = ORIENTED_EDGE ( 'NONE', *, *, #599, .T. ) ;
#535 = VECTOR ( 'NONE', #1260, 1000.000000000000000 ) ;
#536 = CARTESIAN_POINT ( 'NONE',  ( -0.6243093748659582776, 1.437752045876657281, -0.6092122130005710456 ) ) ;
#537 = LINE ( 'NONE', #1103, #1748 ) ;
#538 = CARTESIAN_POINT ( 'NONE',  ( -0.6112381362628726000, 0.2554119839808000614, 0.4001157127461018592 ) ) ;
#539 = AXIS2_PLACEMENT_3D ( 'NONE', #1746, #1053, #503 ) ;
#540 = CYLINDRICAL_SURFACE ( 'NONE', #1684, 9.619999999999974349 ) ;
#541 = EDGE_CURVE ( 'NONE', #1417, #497, #1111, .T. ) ;
#542 = ORIENTED_EDGE ( 'NONE', *, *, #812, .F. ) ;
#543 = CIRCLE ( 'NONE', #1663, 12.96999999999993669 ) ;
#544 = CYLINDRICAL_SURFACE ( 'NONE', #1751, 12.96999999999993669 ) ;
#545 = B_SPLINE_CURVE_WITH_KNOTS ( 'NONE', 3,
 ( #7, #734, #1023, #582, #1116, #574, #310, #1686, #1140, #25 ),
 .UNSPECIFIED., .F., .F.,
 ( 4, 3, 3, 4 ),
 ( 0.000000000000000000, 6.738858956411093628E-06, 1.347806111258311711E-05, 1.625496562798220431E-05 ),
 .UNSPECIFIED. ) ;
#546 =( NAMED_UNIT ( * ) PLANE_ANGLE_UNIT ( ) SI_UNIT ( $, .RADIAN. ) );
#547 = CARTESIAN_POINT ( 'NONE',  ( 0.6244077110550507737, 1.437005974373619432, 0.6107624556919570846 ) ) ;
#548 = LINE ( 'NONE', #1636, #368 ) ;
#549 = EDGE_CURVE ( 'NONE', #762, #1012, #1337, .T. ) ;
#550 = CARTESIAN_POINT ( 'NONE',  ( 0.6238470493928129912, 6.663103978428709065E-05, 0.6018827868036350504 ) ) ;
#551 = LINE ( 'NONE', #1458, #1723 ) ;
#552 = EDGE_CURVE ( 'NONE', #854, #1348, #1676, .T. ) ;
#553 = AXIS2_PLACEMENT_3D ( 'NONE', #610, #769, #468 ) ;
#554 = ADVANCED_FACE ( 'NONE', ( #1509 ), #1394, .F. ) ;
#555 = SPHERICAL_SURFACE ( 'NONE', #652, 0.02000000000000000042 ) ;
#556 = CARTESIAN_POINT ( 'NONE',  ( -0.6237292507710219258, 0.02000000000000005246, -0.5999999999999997558 ) ) ;
#557 = EDGE_CURVE ( 'NONE', #1747, #1047, #1019, .T. ) ;
#558 = DIRECTION ( 'NONE',  ( 0.000000000000000000, 0.000000000000000000, -1.000000000000000000 ) ) ;
#559 = CARTESIAN_POINT ( 'NONE',  ( -1.004999999999999893, 1.419999999999999929, -0.6199999999999999956 ) ) ;
#560 = VERTEX_POINT ( 'NONE', #124 ) ;
#561 = LINE ( 'NONE', #413, #1328 ) ;
#562 = SURFACE_STYLE_FILL_AREA ( #457 ) ;
#563 = FILL_AREA_STYLE ('',( #1834 ) ) ;
#564 = CARTESIAN_POINT ( 'NONE',  ( 10.22499999999997300, 1.419999999999999929, 0.000000000000000000 ) ) ;
#565 = DIRECTION ( 'NONE',  ( -1.000000000000000000, 0.000000000000000000, 0.000000000000000000 ) ) ;
#566 = CARTESIAN_POINT ( 'NONE',  ( -1.004999999999999893, 0.02000000000000005246, -0.6199999999999999956 ) ) ;
#567 = EDGE_LOOP ( 'NONE', ( #175, #196, #973, #476 ) ) ;
#568 = ORIENTED_EDGE ( 'NONE', *, *, #832, .F. ) ;
#569 = DIRECTION ( 'NONE',  ( 0.000000000000000000, 0.000000000000000000, 1.000000000000000000 ) ) ;
#570 = ORIENTED_EDGE ( 'NONE', *, *, #1083, .F. ) ;
#571 = PRESENTATION_LAYER_ASSIGNMENT (  '', '', ( #1692 ) ) ;
#572 = AXIS2_PLACEMENT_3D ( 'NONE', #776, #1324, #1697 ) ;
#573 = AXIS2_PLACEMENT_3D ( 'NONE', #416, #1540, #1568 ) ;
#574 = CARTESIAN_POINT ( 'NONE',  ( -0.6244077110550507737, 1.437005974373619432, 0.6107624556919570846 ) ) ;
#575 = CARTESIAN_POINT ( 'NONE',  ( -10.22499999999997300, 1.419999999999999929, 0.000000000000000000 ) ) ;
#576 = DIRECTION ( 'NONE',  ( -0.000000000000000000, -0.000000000000000000, -1.000000000000000000 ) ) ;
#577 = FACE_OUTER_BOUND ( 'NONE', #1767, .T. ) ;
#578 = ORIENTED_EDGE ( 'NONE', *, *, #233, .F. ) ;
#579 = DIRECTION ( 'NONE',  ( -0.000000000000000000, -1.000000000000000000, -0.000000000000000000 ) ) ;
#580 = ORIENTED_EDGE ( 'NONE', *, *, #599, .F. ) ;
#581 = CIRCLE ( 'NONE', #1403, 0.02000000000000005246 ) ;
#582 = CARTESIAN_POINT ( 'NONE',  ( -0.6241458817351931421, 1.438869034063669394, 0.6066302002024791529 ) ) ;
#583 = CARTESIAN_POINT ( 'NONE',  ( -0.6239035213229937593, 1.419999999999999929, -0.6199999999999999956 ) ) ;
#584 = MECHANICAL_DESIGN_GEOMETRIC_PRESENTATION_REPRESENTATION (  '', ( #617 ), #21 ) ;
#585 = CARTESIAN_POINT ( 'NONE',  ( -13.57499999999993712, 0.7199999999999988631, -0.6199999999999999956 ) ) ;
#586 = B_SPLINE_CURVE_WITH_KNOTS ( 'NONE', 3,
 ( #979, #430, #1001, #1537 ),
 .UNSPECIFIED., .F., .F.,
 ( 4, 4 ),
 ( -2.277718445857438697E-05, 0.0009192734721023815671 ),
 .UNSPECIFIED. ) ;
#587 = DIRECTION ( 'NONE',  ( 0.000000000000000000, 0.000000000000000000, -1.000000000000000000 ) ) ;
#588 = EDGE_CURVE ( 'NONE', #854, #680, #220, .T. ) ;
#589 = VERTEX_POINT ( 'NONE', #1696 ) ;
#590 = CARTESIAN_POINT ( 'NONE',  ( -0.9849999999999997646, 1.419999999999999929, 0.6000000000000000888 ) ) ;
#591 = VERTEX_POINT ( 'NONE', #426 ) ;
#592 = CARTESIAN_POINT ( 'NONE',  ( -2.848908891458576509, 1.419999999999999929, -0.5999999999999999778 ) ) ;
#593 = DIRECTION ( 'NONE',  ( -1.000000000000000000, 0.000000000000000000, 0.000000000000000000 ) ) ;
#594 = DIRECTION ( 'NONE',  ( 1.000000000000000000, 0.000000000000000000, 0.000000000000000000 ) ) ;
#595 = CARTESIAN_POINT ( 'NONE',  ( 0.9849999999999997646, 1.419999999999999929, 0.6199999999999999956 ) ) ;
#596 = EDGE_LOOP ( 'NONE', ( #1130, #600, #1119 ) ) ;
#597 = B_SPLINE_CURVE_WITH_KNOTS ( 'NONE', 3,
 ( #1668, #1097, #1658, #255, #127, #405, #696, #550, #291, #884 ),
 .UNSPECIFIED., .F., .F.,
 ( 4, 3, 3, 4 ),
 ( 0.000000000000000000, 6.731069968851455442E-06, 1.346158963403620249E-05, 1.625463472156533630E-05 ),
 .UNSPECIFIED. ) ;
#598 = DIRECTION ( 'NONE',  ( -0.000000000000000000, -1.000000000000000000, -0.000000000000000000 ) ) ;
#599 = EDGE_CURVE ( 'NONE', #497, #854, #1412, .T. ) ;
#600 = ORIENTED_EDGE ( 'NONE', *, *, #928, .F. ) ;
#601 = DIRECTION ( 'NONE',  ( 0.000000000000000000, 0.000000000000000000, -1.000000000000000000 ) ) ;
#602 = CARTESIAN_POINT ( 'NONE',  ( 10.22499999999997300, -1.240161279834199215, 0.000000000000000000 ) ) ;
#603 = CARTESIAN_POINT ( 'NONE',  ( 0.6242316032502086554, 0.01395315892714645879, -0.6191951352035041101 ) ) ;
#604 = CARTESIAN_POINT ( 'NONE',  ( 1.004999999999999893, 1.419999999999999929, -0.6000000000000000888 ) ) ;
#605 = ORIENTED_EDGE ( 'NONE', *, *, #171, .T. ) ;
#606 = LINE ( 'NONE', #1737, #1128 ) ;
#607 = ORIENTED_EDGE ( 'NONE', *, *, #1339, .T. ) ;
#608 = CYLINDRICAL_SURFACE ( 'NONE', #56, 0.02000000000000005246 ) ;
#609 = ADVANCED_FACE ( 'NONE', ( #872 ), #1828, .T. ) ;
#610 = CARTESIAN_POINT ( 'NONE',  ( -0.9849999999999997646, 1.439999999999999947, -0.5999999999999999778 ) ) ;
#611 = AXIS2_PLACEMENT_3D ( 'NONE', #138, #1262, #789 ) ;
#612 = EDGE_CURVE ( 'NONE', #971, #752, #786, .T. ) ;
#613 = CARTESIAN_POINT ( 'NONE',  ( -0.6246081574890162136, 1.432917452209437670, -0.6152779221006297039 ) ) ;
#614 = CARTESIAN_POINT ( 'NONE',  ( -0.9849999999999997646, 0.02000000000000000042, -0.6000000000000000888 ) ) ;
#615 = SPHERICAL_SURFACE ( 'NONE', #335, 0.02000000000000000042 ) ;
#616 = VERTEX_POINT ( 'NONE', #583 ) ;
#617 = STYLED_ITEM ( 'NONE', ( #1177 ), #1072 ) ;
#618 = CARTESIAN_POINT ( 'NONE',  ( -0.9849999999999997646, 1.419999999999999929, 0.6000000000000000888 ) ) ;
#619 = CYLINDRICAL_SURFACE ( 'NONE', #179, 12.96999999999993669 ) ;
#620 = COLOUR_RGB ( '',0.7921568627450980005, 0.8196078431372548767, 0.9333333333333333481 ) ;
#621 =( NAMED_UNIT ( * ) PLANE_ANGLE_UNIT ( ) SI_UNIT ( $, .RADIAN. ) );
#622 = AXIS2_PLACEMENT_3D ( 'NONE', #1426, #1445, #852 ) ;
#623 = EDGE_CURVE ( 'NONE', #1049, #1031, #1241, .T. ) ;
#624 = ADVANCED_FACE ( 'NONE', ( #1433 ), #280, .T. ) ;
#625 = AXIS2_PLACEMENT_3D ( 'NONE', #1393, #516, #1799 ) ;
#626 = LINE ( 'NONE', #481, #1316 ) ;
#627 = DIRECTION ( 'NONE',  ( 1.000000000000000000, 0.000000000000000000, 0.000000000000000000 ) ) ;
#628 = CIRCLE ( 'NONE', #1811, 0.02000000000000005246 ) ;
#629 = CARTESIAN_POINT ( 'NONE',  ( 0.6237292507710202605, 1.439999999999999947, -0.6000000000000000888 ) ) ;
#630 = VERTEX_POINT ( 'NONE', #311 ) ;
#631 = CIRCLE ( 'NONE', #625, 12.96999999999993669 ) ;
#632 = ADVANCED_FACE ( 'NONE', ( #289 ), #728, .F. ) ;
#633 = ORIENTED_EDGE ( 'NONE', *, *, #1788, .T. ) ;
#634 = ORIENTED_EDGE ( 'NONE', *, *, #69, .F. ) ;
#635 = EDGE_CURVE ( 'NONE', #121, #412, #1678, .T. ) ;
#636 = VECTOR ( 'NONE', #1244, 1000.000000000000000 ) ;
#637 = PLANE ( 'NONE',  #1176 ) ;
#638 = AXIS2_PLACEMENT_3D ( 'NONE', #997, #172, #746 ) ;
#639 = CARTESIAN_POINT ( 'NONE',  ( -0.6115447805915241730, 0.2441230445591804910, 0.4098380575943397219 ) ) ;
#640 = DIRECTION ( 'NONE',  ( 0.000000000000000000, 0.000000000000000000, 1.000000000000000000 ) ) ;
#641 = DIRECTION ( 'NONE',  ( -1.000000000000000000, 0.000000000000000000, 0.000000000000000000 ) ) ;
#642 = ORIENTED_EDGE ( 'NONE', *, *, #8, .F. ) ;
#643 = VERTEX_POINT ( 'NONE', #27 ) ;
#644 = ORIENTED_EDGE ( 'NONE', *, *, #283, .F. ) ;
#645 = DIRECTION ( 'NONE',  ( 1.000000000000000000, 0.000000000000000000, 0.000000000000000000 ) ) ;
#646 = DIRECTION ( 'NONE',  ( 1.000000000000000000, 0.000000000000000000, 0.000000000000000000 ) ) ;
#647 = DIRECTION ( 'NONE',  ( 0.000000000000000000, 0.000000000000000000, -1.000000000000000000 ) ) ;
#648 = EDGE_LOOP ( 'NONE', ( #495, #1785, #788, #1388 ) ) ;
#649 = VECTOR ( 'NONE', #890, 1000.000000000000000 ) ;
#650 = ORIENTED_EDGE ( 'NONE', *, *, #1591, .T. ) ;
#651 = ORIENTED_EDGE ( 'NONE', *, *, #8, .T. ) ;
#652 = AXIS2_PLACEMENT_3D ( 'NONE', #1730, #702, #1165 ) ;
#653 = ORIENTED_EDGE ( 'NONE', *, *, #1792, .T. ) ;
#654 = AXIS2_PLACEMENT_3D ( 'NONE', #241, #1395, #948 ) ;
#655 = B_SPLINE_CURVE_WITH_KNOTS ( 'NONE', 3,
 ( #686, #984, #658, #1220 ),
 .UNSPECIFIED., .F., .F.,
 ( 4, 4 ),
 ( -2.277718445857438697E-05, 0.0008969210579906642051 ),
 .UNSPECIFIED. ) ;
#656 = CARTESIAN_POINT ( 'NONE',  ( -0.6240122133641300417, 0.0003876191417806102726, -0.6045146930444543765 ) ) ;
#657 = LINE ( 'NONE', #357, #1815 ) ;
#658 = CARTESIAN_POINT ( 'NONE',  ( 0.6112381362628731551, 1.184588016019195500, -0.4001157127461026919 ) ) ;
#659 = ORIENTED_EDGE ( 'NONE', *, *, #737, .F. ) ;
#660 = EDGE_LOOP ( 'NONE', ( #1325, #1041, #986, #1082, #650 ) ) ;
#661 = ORIENTED_EDGE ( 'NONE', *, *, #1600, .F. ) ;
#662 = ADVANCED_FACE ( 'NONE', ( #1280 ), #1132, .T. ) ;
#663 = APPLICATION_PROTOCOL_DEFINITION ( 'draft international standard', 'automotive_design', 1998, #270 ) ;
#664 = ORIENTED_EDGE ( 'NONE', *, *, #415, .F. ) ;
#665 = CIRCLE ( 'NONE', #423, 0.02000000000000005246 ) ;
#666 = CARTESIAN_POINT ( 'NONE',  ( 0.6246510961073509227, 0.006303098334870024973, 0.6145737738686921636 ) ) ;
#667 = FACE_OUTER_BOUND ( 'NONE', #1007, .T. ) ;
#668 = COLOUR_RGB ( '',0.4862745098039215619, 0.2352941176470588203, 0.01568627450980392135 ) ;
#669 = AXIS2_PLACEMENT_3D ( 'NONE', #79, #1322, #221 ) ;
#670 = CARTESIAN_POINT ( 'NONE',  ( -0.6050000000000003153, 0.7199999999999988631, 4.591774807899560578E-38 ) ) ;
#671 = CIRCLE ( 'NONE', #102, 9.619999999999974349 ) ;
#672 = CARTESIAN_POINT ( 'NONE',  ( 0.6237292507710202605, 1.439999999999999947, -0.6000000000000000888 ) ) ;
#673 = ORIENTED_EDGE ( 'NONE', *, *, #766, .F. ) ;
#674 = ORIENTED_EDGE ( 'NONE', *, *, #635, .F. ) ;
#675 = ORIENTED_EDGE ( 'NONE', *, *, #838, .F. ) ;
#676 = EDGE_CURVE ( 'NONE', #275, #887, #1655, .T. ) ;
#677 = LINE ( 'NONE', #97, #688 ) ;
#678 = CARTESIAN_POINT ( 'NONE',  ( -13.57499999999993712, 0.7199999999999988631, 0.5999999999999999778 ) ) ;
#679 = CARTESIAN_POINT ( 'NONE',  ( 0.9849999999999997646, 0.02000000000000005246, -0.6000000000000000888 ) ) ;
#680 = VERTEX_POINT ( 'NONE', #451 ) ;
#681 = AXIS2_PLACEMENT_3D ( 'NONE', #1058, #1179, #207 ) ;
#682 = CARTESIAN_POINT ( 'NONE',  ( -0.6050000000000013145, 0.7199999999999988631, -0.6199999999999999956 ) ) ;
#683 = B_SPLINE_CURVE_WITH_KNOTS ( 'NONE', 3,
 ( #470, #1616, #39, #772 ),
 .UNSPECIFIED., .F., .F.,
 ( 4, 4 ),
 ( 8.322616580952520052E-06, 0.0009503732731419077626 ),
 .UNSPECIFIED. ) ;
#684 = EDGE_CURVE ( 'NONE', #752, #589, #1025, .T. ) ;
#685 = CARTESIAN_POINT ( 'NONE',  ( -0.6239606108351583025, 0.01894435473683741752, -0.6199790889736822574 ) ) ;
#686 = CARTESIAN_POINT ( 'NONE',  ( 0.6050000000000003153, 0.7199999999999988631, -4.591774807899560578E-38 ) ) ;
#687 = LINE ( 'NONE', #387, #1205 ) ;
#688 = VECTOR ( 'NONE', #1225, 1000.000000000000000 ) ;
#689 = DIRECTION ( 'NONE',  ( 0.000000000000000000, 0.000000000000000000, -1.000000000000000000 ) ) ;
#690 = VERTEX_POINT ( 'NONE', #1124 ) ;
#691 = EDGE_CURVE ( 'NONE', #20, #1278, #891, .T. ) ;
#692 = CARTESIAN_POINT ( 'NONE',  ( -0.9849999999999997646, 1.419999999999999929, 0.6000000000000000888 ) ) ;
#693 = CARTESIAN_POINT ( 'NONE',  ( 0.6240122133641300417, 1.439612380858219298, 0.6045146930444543765 ) ) ;
#694 = LINE ( 'NONE', #1377, #422 ) ;
#695 = AXIS2_PLACEMENT_3D ( 'NONE', #71, #338, #1182 ) ;
#696 = CARTESIAN_POINT ( 'NONE',  ( 0.6239054971685679130, 0.0001989107256696248454, 0.6028136923646921774 ) ) ;
#697 = ORIENTED_EDGE ( 'NONE', *, *, #293, .F. ) ;
#698 = EDGE_CURVE ( 'NONE', #157, #1303, #1442, .T. ) ;
#699 = CARTESIAN_POINT ( 'NONE',  ( -0.9849999999999997646, 1.419999999999999929, -0.6000000000000000888 ) ) ;
#700 = ADVANCED_FACE ( 'NONE', ( #1299 ), #36, .F. ) ;
#701 = ADVANCED_FACE ( 'NONE', ( #1773 ), #1597, .T. ) ;
#702 = DIRECTION ( 'NONE',  ( 0.000000000000000000, 1.000000000000000000, 0.000000000000000000 ) ) ;
#703 = CYLINDRICAL_SURFACE ( 'NONE', #1651, 0.02000000000000005246 ) ;
#704 = DIRECTION ( 'NONE',  ( -0.000000000000000000, 1.000000000000000000, 0.000000000000000000 ) ) ;
#705 = PLANE ( 'NONE',  #654 ) ;
#706 = VERTEX_POINT ( 'NONE', #932 ) ;
#707 = CARTESIAN_POINT ( 'NONE',  ( -13.57499999999993712, 0.7199999999999988631, 0.6199999999999999956 ) ) ;
#708 = CARTESIAN_POINT ( 'NONE',  ( 0.6240246476833928302, 1.422241027399485436, -0.6199999999999999956 ) ) ;
#709 = CARTESIAN_POINT ( 'NONE',  ( -0.9849999999999997646, 0.02000000000000005246, 0.6199999999999999956 ) ) ;
#710 = CARTESIAN_POINT ( 'NONE',  ( 0.6239320387894071729, 1.420527617798357900, 0.6200000000000001066 ) ) ;
#711 = DIRECTION ( 'NONE',  ( -1.000000000000000000, 2.575502616366889251E-14, 0.000000000000000000 ) ) ;
#712 = FACE_OUTER_BOUND ( 'NONE', #210, .T. ) ;
#713 = ORIENTED_EDGE ( 'NONE', *, *, #1141, .F. ) ;
#714 = FACE_OUTER_BOUND ( 'NONE', #1769, .T. ) ;
#715 = CIRCLE ( 'NONE', #122, 0.02000000000000005246 ) ;
#716 = ORIENTED_EDGE ( 'NONE', *, *, #93, .T. ) ;
#717 = FACE_OUTER_BOUND ( 'NONE', #456, .T. ) ;
#718 = LINE ( 'NONE', #298, #1319 ) ;
#719 = DIRECTION ( 'NONE',  ( -1.000000000000000000, 0.000000000000000000, 0.000000000000000000 ) ) ;
#720 = DIRECTION ( 'NONE',  ( 0.000000000000000000, 1.000000000000000000, 0.000000000000000000 ) ) ;
#721 = CARTESIAN_POINT ( 'NONE',  ( 1.004999999999999893, 0.02000000000000000042, 0.6000000000000000888 ) ) ;
#722 = ORIENTED_EDGE ( 'NONE', *, *, #33, .F. ) ;
#723 = CARTESIAN_POINT ( 'NONE',  ( 0.6245193771296931873, 0.004397683044702158962, -0.6125127018217880748 ) ) ;
#724 = ORIENTED_EDGE ( 'NONE', *, *, #552, .T. ) ;
#725 = CIRCLE ( 'NONE', #1571, 0.02000000000000005246 ) ;
#726 = DIRECTION ( 'NONE',  ( -0.000000000000000000, 1.000000000000000000, 0.000000000000000000 ) ) ;
#727 = EDGE_CURVE ( 'NONE', #75, #504, #530, .T. ) ;
#728 = CYLINDRICAL_SURFACE ( 'NONE', #1261, 12.96999999999993669 ) ;
#729 = DIRECTION ( 'NONE',  ( 1.000000000000000000, 0.000000000000000000, 0.000000000000000000 ) ) ;
#730 = VERTEX_POINT ( 'NONE', #502 ) ;
#731 = CARTESIAN_POINT ( 'NONE',  ( -1.004999999999999893, 0.02000000000000005246, 0.6000000000000000888 ) ) ;
#732 = UNCERTAINTY_MEASURE_WITH_UNIT (LENGTH_MEASURE( 1.000000000000000082E-05 ), #459, 'distance_accuracy_value', 'NONE');
#733 = ORIENTED_EDGE ( 'NONE', *, *, #1671, .F. ) ;
#734 = CARTESIAN_POINT ( 'NONE',  ( -0.6238693517888250772, 1.439999999999999947, 0.6022419130069774917 ) ) ;
#735 = CARTESIAN_POINT ( 'NONE',  ( -0.6239054971685679130, 0.0001989107256696248454, 0.6028136923646921774 ) ) ;
#736 = CIRCLE ( 'NONE', #801, 12.96999999999993669 ) ;
#737 = EDGE_CURVE ( 'NONE', #589, #1784, #297, .T. ) ;
#738 = DIRECTION ( 'NONE',  ( 0.000000000000000000, 1.000000000000000000, 0.000000000000000000 ) ) ;
#739 = FACE_OUTER_BOUND ( 'NONE', #307, .T. ) ;
#740 = AXIS2_PLACEMENT_3D ( 'NONE', #1042, #45, #479 ) ;
#741 = ORIENTED_EDGE ( 'NONE', *, *, #980, .T. ) ;
#742 = LINE ( 'NONE', #1562, #277 ) ;
#743 = ORIENTED_EDGE ( 'NONE', *, *, #1512, .F. ) ;
#744 = DIRECTION ( 'NONE',  ( -1.000000000000000000, 0.000000000000000000, 0.000000000000000000 ) ) ;
#745 = DIRECTION ( 'NONE',  ( 1.000000000000000000, 0.000000000000000000, 0.000000000000000000 ) ) ;
#746 = DIRECTION ( 'NONE',  ( -1.000000000000000000, 0.000000000000000000, 0.000000000000000000 ) ) ;
#747 = CARTESIAN_POINT ( 'NONE',  ( 0.6237292507710193723, 0.02323176007672957816, 0.5999999999999998668 ) ) ;
#748 = ORIENTED_EDGE ( 'NONE', *, *, #1017, .T. ) ;
#749 = CIRCLE ( 'NONE', #912, 9.619999999999974349 ) ;
#750 = EDGE_CURVE ( 'NONE', #1348, #1012, #146, .T. ) ;
#751 = CYLINDRICAL_SURFACE ( 'NONE', #72, 12.96999999999993669 ) ;
#752 = VERTEX_POINT ( 'NONE', #228 ) ;
#753 = ADVANCED_FACE ( 'NONE', ( #328 ), #337, .T. ) ;
#754 = EDGE_CURVE ( 'NONE', #706, #1437, #1189, .T. ) ;
#755 = CARTESIAN_POINT ( 'NONE',  ( 0.9849999999999997646, 1.439999999999999947, 0.6000000000000000888 ) ) ;
#756 = AXIS2_PLACEMENT_3D ( 'NONE', #996, #137, #719 ) ;
#757 = EDGE_CURVE ( 'NONE', #706, #560, #1557, .T. ) ;
#758 = DIRECTION ( 'NONE',  ( 0.000000000000000000, 1.000000000000000000, -0.000000000000000000 ) ) ;
#759 = CARTESIAN_POINT ( 'NONE',  ( 13.57499999999993712, 0.7199999999999988631, 0.6199999999999999956 ) ) ;
#760 = LINE ( 'NONE', #1333, #1043 ) ;
#761 = CARTESIAN_POINT ( 'NONE',  ( 0.6240446926334103361, 1.439486060479341578, -0.6050306771963853691 ) ) ;
#762 = VERTEX_POINT ( 'NONE', #1052 ) ;
#763 = DIRECTION ( 'NONE',  ( 0.000000000000000000, -1.000000000000000000, 0.000000000000000000 ) ) ;
#764 = VERTEX_POINT ( 'NONE', #58 ) ;
#765 = ORIENTED_EDGE ( 'NONE', *, *, #1255, .F. ) ;
#766 = EDGE_CURVE ( 'NONE', #1449, #690, #1434, .T. ) ;
#767 = EDGE_CURVE ( 'NONE', #360, #64, #1493, .T. ) ;
#768 =( LENGTH_UNIT ( ) NAMED_UNIT ( * ) SI_UNIT ( .MILLI., .METRE. ) );
#769 = DIRECTION ( 'NONE',  ( -0.000000000000000000, -1.000000000000000000, 0.000000000000000000 ) ) ;
#770 = VECTOR ( 'NONE', #67, 1000.000000000000000 ) ;
#771 = EDGE_CURVE ( 'NONE', #762, #1348, #715, .T. ) ;
#772 = CARTESIAN_POINT ( 'NONE',  ( -0.6050000000000003153, 0.7199999999999988631, 4.591774807899560578E-38 ) ) ;
#773 = CARTESIAN_POINT ( 'NONE',  ( -0.6245610996909539692, 0.007936123488436003237, -0.6161085434586833776 ) ) ;
#774 = CYLINDRICAL_SURFACE ( 'NONE', #669, 12.96999999999993669 ) ;
#775 = ORIENTED_EDGE ( 'NONE', *, *, #132, .T. ) ;
#776 = CARTESIAN_POINT ( 'NONE',  ( -2.848908891458576509, 0.02000000000000000042, 0.5999999999999999778 ) ) ;
#777 = VERTEX_POINT ( 'NONE', #493 ) ;
#778 = EDGE_LOOP ( 'NONE', ( #644, #332, #1710, #899 ) ) ;
#779 = AXIS2_PLACEMENT_3D ( 'NONE', #86, #1321, #68 ) ;
#780 = CARTESIAN_POINT ( 'NONE',  ( -0.6250000000000005551, 0.000000000000000000, -0.6000000000000000888 ) ) ;
#781 = DIRECTION ( 'NONE',  ( -1.000000000000000000, 0.000000000000000000, 0.000000000000000000 ) ) ;
#782 = VECTOR ( 'NONE', #1380, 1000.000000000000000 ) ;
#783 = ORIENTED_EDGE ( 'NONE', *, *, #1274, .T. ) ;
#784 = EDGE_LOOP ( 'NONE', ( #944, #1223, #1717 ) ) ;
#785 = ORIENTED_EDGE ( 'NONE', *, *, #1008, .F. ) ;
#786 = B_SPLINE_CURVE_WITH_KNOTS ( 'NONE', 3,
 ( #1150, #1546, #1703, #1142, #1423, #1714, #1117, #442, #710, #1290 ),
 .UNSPECIFIED., .F., .F.,
 ( 4, 3, 3, 4 ),
 ( 2.424349759030540154E-19, 6.728558078336325459E-06, 1.345674316953755808E-05, 1.502063486816096049E-05 ),
 .UNSPECIFIED. ) ;
#787 = EDGE_LOOP ( 'NONE', ( #534, #724, #514, #521 ) ) ;
#788 = ORIENTED_EDGE ( 'NONE', *, *, #771, .F. ) ;
#789 = DIRECTION ( 'NONE',  ( -1.000000000000000000, 0.000000000000000000, 0.000000000000000000 ) ) ;
#790 = CARTESIAN_POINT ( 'NONE',  ( -0.9849999999999997646, 0.02000000000000005246, -0.5999999999999999778 ) ) ;
#791 = ADVANCED_FACE ( 'NONE', ( #192 ), #1353, .T. ) ;
#792 = CARTESIAN_POINT ( 'NONE',  ( -0.9849999999999997646, 1.439999999999999947, 0.6000000000000000888 ) ) ;
#793 = EDGE_LOOP ( 'NONE', ( #251, #810, #1193, #292, #431 ) ) ;
#794 = ORIENTED_EDGE ( 'NONE', *, *, #1198, .F. ) ;
#795 = EDGE_LOOP ( 'NONE', ( #1757, #1759, #741 ) ) ;
#796 = EDGE_LOOP ( 'NONE', ( #505, #1795, #765, #1420, #500 ) ) ;
#797 = CARTESIAN_POINT ( 'NONE',  ( 0.000000000000000000, 1.439999999999999947, 0.6000000000000000888 ) ) ;
#798 = FACE_OUTER_BOUND ( 'NONE', #316, .T. ) ;
#799 = EDGE_CURVE ( 'NONE', #1796, #1049, #657, .T. ) ;
#800 = CARTESIAN_POINT ( 'NONE',  ( 0.6246081574890162136, 0.007082547790563682895, 0.6152779221006311472 ) ) ;
#801 = AXIS2_PLACEMENT_3D ( 'NONE', #216, #1451, #1761 ) ;
#802 = ORIENTED_EDGE ( 'NONE', *, *, #1431, .F. ) ;
#803 = ORIENTED_EDGE ( 'NONE', *, *, #588, .T. ) ;
#804 = ORIENTED_EDGE ( 'NONE', *, *, #295, .T. ) ;
#805 = AXIS2_PLACEMENT_3D ( 'NONE', #529, #1517, #846 ) ;
#806 = CARTESIAN_POINT ( 'NONE',  ( -0.6237880078461238709, 1.440000000000000169, -0.6009402376441711491 ) ) ;
#807 = CARTESIAN_POINT ( 'NONE',  ( 0.6245659384841991679, 1.435017034532960922, 0.6132425011882014498 ) ) ;
#808 = CARTESIAN_POINT ( 'NONE',  ( -2.848908891458576509, 0.02000000000000000042, 0.5999999999999999778 ) ) ;
#809 = CARTESIAN_POINT ( 'NONE',  ( 0.9849999999999997646, 1.439999999999999947, -0.6000000000000000888 ) ) ;
#810 = ORIENTED_EDGE ( 'NONE', *, *, #1207, .T. ) ;
#811 = ORIENTED_EDGE ( 'NONE', *, *, #1083, .T. ) ;
#812 = EDGE_CURVE ( 'NONE', #1784, #1526, #922, .T. ) ;
#813 = ORIENTED_EDGE ( 'NONE', *, *, #1399, .F. ) ;
#814 = CARTESIAN_POINT ( 'NONE',  ( -0.6115447805915229518, 1.195876955440816625, 0.4098380575943415538 ) ) ;
#815 = CYLINDRICAL_SURFACE ( 'NONE', #1414, 12.96999999999993669 ) ;
#816 = VECTOR ( 'NONE', #1005, 1000.000000000000000 ) ;
#817 = CIRCLE ( 'NONE', #1154, 12.96999999999993669 ) ;
#818 = FACE_OUTER_BOUND ( 'NONE', #1580, .T. ) ;
#819 = AXIS2_PLACEMENT_3D ( 'NONE', #306, #1438, #1605 ) ;
#820 = CARTESIAN_POINT ( 'NONE',  ( 0.9849999999999997646, 1.439999999999999947, 0.6199999999999999956 ) ) ;
#821 = ORIENTED_EDGE ( 'NONE', *, *, #698, .F. ) ;
#822 = CARTESIAN_POINT ( 'NONE',  ( -0.6243788270152955677, 0.01125764959868321216, 0.6181271918979484026 ) ) ;
#823 = EDGE_CURVE ( 'NONE', #992, #504, #471, .T. ) ;
#824 = ORIENTED_EDGE ( 'NONE', *, *, #981, .T. ) ;
#825 = CARTESIAN_POINT ( 'NONE',  ( -0.6050000000000013145, 0.7199999999999988631, 0.5999999999999999778 ) ) ;
#826 = DIRECTION ( 'NONE',  ( -1.000000000000000000, 0.000000000000000000, 0.000000000000000000 ) ) ;
#827 = CARTESIAN_POINT ( 'NONE',  ( -0.9849999999999997646, 0.02000000000000005246, -0.6000000000000000888 ) ) ;
#828 = EDGE_CURVE ( 'NONE', #1348, #1417, #760, .T. ) ;
#829 = DIRECTION ( 'NONE',  ( 0.000000000000000000, -1.000000000000000000, 0.000000000000000000 ) ) ;
#830 = ORIENTED_EDGE ( 'NONE', *, *, #889, .F. ) ;
#831 = DIRECTION ( 'NONE',  ( -1.000000000000000000, 0.000000000000000000, 0.000000000000000000 ) ) ;
#832 = EDGE_CURVE ( 'NONE', #478, #1153, #439, .T. ) ;
#833 = ORIENTED_EDGE ( 'NONE', *, *, #1221, .F. ) ;
#834 = DIRECTION ( 'NONE',  ( 0.000000000000000000, 0.000000000000000000, -1.000000000000000000 ) ) ;
#835 = CYLINDRICAL_SURFACE ( 'NONE', #1483, 9.619999999999974349 ) ;
#836 = DIRECTION ( 'NONE',  ( -0.000000000000000000, -0.000000000000000000, -1.000000000000000000 ) ) ;
#837 = AXIS2_PLACEMENT_3D ( 'NONE', #809, #1816, #411 ) ;
#838 = EDGE_CURVE ( 'NONE', #64, #1439, #1011, .T. ) ;
#839 = CYLINDRICAL_SURFACE ( 'NONE', #837, 0.02000000000000005246 ) ;
#840 = VERTEX_POINT ( 'NONE', #1360 ) ;
#841 = CARTESIAN_POINT ( 'NONE',  ( 0.9849999999999997646, 0.02000000000000005246, 0.6000000000000000888 ) ) ;
#842 = CARTESIAN_POINT ( 'NONE',  ( -0.6050000000000013145, 0.7199999999999988631, -0.5999999999999999778 ) ) ;
#843 = CARTESIAN_POINT ( 'NONE',  ( -0.6246510961073498125, 1.433696901665127532, 0.6145737738686939400 ) ) ;
#844 = CARTESIAN_POINT ( 'NONE',  ( 10.22499999999997300, 0.000000000000000000, 0.000000000000000000 ) ) ;
#845 = AXIS2_PLACEMENT_3D ( 'NONE', #1087, #115, #1104 ) ;
#846 = DIRECTION ( 'NONE',  ( 0.000000000000000000, 0.000000000000000000, -1.000000000000000000 ) ) ;
#847 = ORIENTED_EDGE ( 'NONE', *, *, #483, .T. ) ;
#848 = DIRECTION ( 'NONE',  ( -1.000000000000000000, 0.000000000000000000, -0.000000000000000000 ) ) ;
#849 = CARTESIAN_POINT ( 'NONE',  ( -1.004999999999999893, 1.439999999999999947, -0.6199999999999999956 ) ) ;
#850 = CARTESIAN_POINT ( 'NONE',  ( -0.6237880078461233158, -1.322628583000818420E-16, 0.6009402376441737026 ) ) ;
#851 = CARTESIAN_POINT ( 'NONE',  ( -0.6050000000000003153, 0.7199999999999988631, -4.591774807899560578E-38 ) ) ;
#852 = DIRECTION ( 'NONE',  ( 0.000000000000000000, 0.000000000000000000, 1.000000000000000000 ) ) ;
#853 = ORIENTED_EDGE ( 'NONE', *, *, #293, .T. ) ;
#854 = VERTEX_POINT ( 'NONE', #123 ) ;
#855 = FACE_OUTER_BOUND ( 'NONE', #84, .T. ) ;
#856 = CIRCLE ( 'NONE', #611, 0.02000000000000005246 ) ;
#857 = AXIS2_PLACEMENT_3D ( 'NONE', #1131, #881, #1400 ) ;
#858 = CARTESIAN_POINT ( 'NONE',  ( -0.9849999999999997646, 0.02000000000000005246, -0.6199999999999999956 ) ) ;
#859 = DIRECTION ( 'NONE',  ( -1.000000000000000000, 0.000000000000000000, 0.000000000000000000 ) ) ;
#860 = CARTESIAN_POINT ( 'NONE',  ( 0.9849999999999997646, 0.02000000000000005246, -0.6199999999999999956 ) ) ;
#861 = CLOSED_SHELL ( 'NONE', ( #662, #609, #1411, #418, #1645, #1633, #1344, #103, #999, #408, #225, #1566, #1805, #1108, #947, #400, #125, #260, #1726, #1146, #1520, #701, #624 ) ) ;
#862 = LINE ( 'NONE', #1016, #1807 ) ;
#863 = ORIENTED_EDGE ( 'NONE', *, *, #691, .T. ) ;
#864 = CARTESIAN_POINT ( 'NONE',  ( 13.57499999999993712, 0.7199999999999988631, -0.6199999999999999956 ) ) ;
#865 = UNCERTAINTY_MEASURE_WITH_UNIT (LENGTH_MEASURE( 1.000000000000000082E-05 ), #1819, 'distance_accuracy_value', 'NONE');
#866 = AXIS2_PLACEMENT_3D ( 'NONE', #1827, #726, #1721 ) ;
#867 = ORIENTED_EDGE ( 'NONE', *, *, #1792, .F. ) ;
#868 = ADVANCED_FACE ( 'NONE', ( #1077 ), #835, .T. ) ;
#869 = CIRCLE ( 'NONE', #392, 0.02000000000000005246 ) ;
#870 = AXIS2_PLACEMENT_3D ( 'NONE', #482, #199, #627 ) ;
#871 = CARTESIAN_POINT ( 'NONE',  ( 0.6115447805915245061, 1.195876955440825284, -0.4098380575943305071 ) ) ;
#872 = FACE_OUTER_BOUND ( 'NONE', #154, .T. ) ;
#873 = CARTESIAN_POINT ( 'NONE',  ( 1.004999999999999893, 0.02000000000000005246, 0.6000000000000000888 ) ) ;
#874 = CARTESIAN_POINT ( 'NONE',  ( 0.6050000000000003153, 0.4820613778792913195, -0.2049191097898788727 ) ) ;
#875 = ORIENTED_EDGE ( 'NONE', *, *, #823, .T. ) ;
#876 = AXIS2_PLACEMENT_3D ( 'NONE', #923, #647, #641 ) ;
#877 = DIRECTION ( 'NONE',  ( -1.000000000000000000, 0.000000000000000000, 0.000000000000000000 ) ) ;
#878 = ORIENTED_EDGE ( 'NONE', *, *, #766, .T. ) ;
#879 = VECTOR ( 'NONE', #1134, 1000.000000000000000 ) ;
#880 = EDGE_CURVE ( 'NONE', #1526, #971, #1462, .T. ) ;
#881 = DIRECTION ( 'NONE',  ( -0.000000000000000000, -0.000000000000000000, -1.000000000000000000 ) ) ;
#882 = DIRECTION ( 'NONE',  ( -0.000000000000000000, -0.000000000000000000, -1.000000000000000000 ) ) ;
#883 = CARTESIAN_POINT ( 'NONE',  ( 0.6239891034838560557, 0.01841838798195921320, -0.6199373645351720086 ) ) ;
#884 = CARTESIAN_POINT ( 'NONE',  ( 0.6237292507710202605, 0.000000000000000000, 0.6000000000000000888 ) ) ;
#885 = EDGE_LOOP ( 'NONE', ( #1371, #673, #743 ) ) ;
#886 = DIRECTION ( 'NONE',  ( 1.000000000000000000, 0.000000000000000000, 0.000000000000000000 ) ) ;
#887 = VERTEX_POINT ( 'NONE', #1085 ) ;
#888 = B_SPLINE_CURVE_WITH_KNOTS ( 'NONE', 3,
 ( #1739, #708, #325, #1392, #1032, #54, #1530, #1826, #278, #424 ),
 .UNSPECIFIED., .F., .F.,
 ( 4, 3, 3, 4 ),
 ( 0.000000000000000000, 6.732895261613726205E-06, 1.346604988552564823E-05, 1.502089146519205572E-05 ),
 .UNSPECIFIED. ) ;
#889 = EDGE_CURVE ( 'NONE', #520, #478, #1793, .T. ) ;
#890 = DIRECTION ( 'NONE',  ( 1.000000000000000000, 0.000000000000000000, 0.000000000000000000 ) ) ;
#891 = LINE ( 'NONE', #1401, #535 ) ;
#892 = DIRECTION ( 'NONE',  ( 0.000000000000000000, 0.000000000000000000, -1.000000000000000000 ) ) ;
#893 = CYLINDRICAL_SURFACE ( 'NONE', #954, 12.96999999999993669 ) ;
#894 = ADVANCED_FACE ( 'NONE', ( #667 ), #815, .F. ) ;
#895 = AXIS2_PLACEMENT_3D ( 'NONE', #92, #362, #215 ) ;
#896 = ORIENTED_EDGE ( 'NONE', *, *, #1797, .F. ) ;
#897 = EDGE_CURVE ( 'NONE', #919, #20, #269, .T. ) ;
#898 = CARTESIAN_POINT ( 'NONE',  ( -0.9849999999999997646, 1.439999999999999947, 0.000000000000000000 ) ) ;
#899 = ORIENTED_EDGE ( 'NONE', *, *, #1600, .T. ) ;
#900 = EDGE_CURVE ( 'NONE', #214, #560, #677, .T. ) ;
#901 = CIRCLE ( 'NONE', #1683, 0.02000000000000005246 ) ;
#902 = DIRECTION ( 'NONE',  ( 1.000000000000000000, 0.000000000000000000, -0.000000000000000000 ) ) ;
#903 = CARTESIAN_POINT ( 'NONE',  ( 0.9849999999999997646, 1.419999999999999929, 0.6000000000000000888 ) ) ;
#904 = CARTESIAN_POINT ( 'NONE',  ( -1.004999999999999893, 1.439999999999999947, 0.6199999999999999956 ) ) ;
#905 = DIRECTION ( 'NONE',  ( -0.000000000000000000, -0.000000000000000000, -1.000000000000000000 ) ) ;
#906 = CARTESIAN_POINT ( 'NONE',  ( 0.6245528251385643603, 1.435330284245798671, -0.6130386683572036643 ) ) ;
#907 = ORIENTED_EDGE ( 'NONE', *, *, #1133, .F. ) ;
#908 = LINE ( 'NONE', #898, #938 ) ;
#909 = EDGE_LOOP ( 'NONE', ( #397, #951, #1593, #1613 ) ) ;
#910 = DIRECTION ( 'NONE',  ( -0.000000000000000000, -0.000000000000000000, 1.000000000000000000 ) ) ;
#911 = CIRCLE ( 'NONE', #876, 0.02000000000000005246 ) ;
#912 = AXIS2_PLACEMENT_3D ( 'NONE', #1048, #763, #1147 ) ;
#913 = CARTESIAN_POINT ( 'NONE',  ( -0.6246300163955382789, 0.006685599116512070360, 0.6149332604121353629 ) ) ;
#914 = DIRECTION ( 'NONE',  ( 1.000000000000000000, 0.000000000000000000, 0.000000000000000000 ) ) ;
#915 = DIRECTION ( 'NONE',  ( -0.000000000000000000, 0.000000000000000000, 1.000000000000000000 ) ) ;
#916 = CARTESIAN_POINT ( 'NONE',  ( 0.6237292507710193723, 0.02323176007672957816, 0.5999999999999998668 ) ) ;
#917 = ORIENTED_EDGE ( 'NONE', *, *, #171, .F. ) ;
#918 = CARTESIAN_POINT ( 'NONE',  ( 0.6237292507710202605, 0.000000000000000000, -0.6000000000000000888 ) ) ;
#919 = VERTEX_POINT ( 'NONE', #1790 ) ;
#920 = PRESENTATION_LAYER_ASSIGNMENT (  '', '', ( #1226 ) ) ;
#921 = CARTESIAN_POINT ( 'NONE',  ( -0.6244893612058596277, 1.430758232518621220, -0.6170084760313551131 ) ) ;
#922 = LINE ( 'NONE', #509, #1178 ) ;
#923 = CARTESIAN_POINT ( 'NONE',  ( -0.9849999999999997646, 1.419999999999999929, 0.6000000000000000888 ) ) ;
#924 = EDGE_LOOP ( 'NONE', ( #350, #1639, #1468, #186, #830 ) ) ;
#925 = CARTESIAN_POINT ( 'NONE',  ( 0.6246300163955382789, 0.006685599116512070360, 0.6149332604121353629 ) ) ;
#926 = ORIENTED_EDGE ( 'NONE', *, *, #952, .F. ) ;
#927 = VECTOR ( 'NONE', #1088, 1000.000000000000000 ) ;
#928 = EDGE_CURVE ( 'NONE', #296, #1491, #631, .T. ) ;
#929 = FACE_OUTER_BOUND ( 'NONE', #1347, .T. ) ;
#930 = AXIS2_PLACEMENT_3D ( 'NONE', #208, #1059, #1475 ) ;
#931 = CARTESIAN_POINT ( 'NONE',  ( 0.9849999999999997646, 1.419999999999999929, -0.6000000000000000888 ) ) ;
#932 = CARTESIAN_POINT ( 'NONE',  ( 0.9849999999999997646, 0.000000000000000000, -0.6000000000000000888 ) ) ;
#933 = CARTESIAN_POINT ( 'NONE',  ( -13.57499999999993712, 0.7199999999999988631, 0.6199999999999999956 ) ) ;
#934 = CARTESIAN_POINT ( 'NONE',  ( 0.6240246476833928302, 0.01775897260051437915, 0.6199999999999999956 ) ) ;
#935 = EDGE_LOOP ( 'NONE', ( #1297, #722, #943, #266 ) ) ;
#936 = EDGE_LOOP ( 'NONE', ( #351, #1407, #330, #1699 ) ) ;
#937 = AXIS2_PLACEMENT_3D ( 'NONE', #808, #527, #969 ) ;
#938 = VECTOR ( 'NONE', #1749, 1000.000000000000000 ) ;
#939 = FACE_OUTER_BOUND ( 'NONE', #1630, .T. ) ;
#940 = CARTESIAN_POINT ( 'NONE',  ( 0.9849999999999997646, 1.439999999999999947, 0.6000000000000000888 ) ) ;
#941 = CARTESIAN_POINT ( 'NONE',  ( -0.9849999999999997646, 1.439999999999999947, 0.6000000000000000888 ) ) ;
#942 = ORIENTED_EDGE ( 'NONE', *, *, #233, .T. ) ;
#943 = ORIENTED_EDGE ( 'NONE', *, *, #750, .F. ) ;
#944 = ORIENTED_EDGE ( 'NONE', *, *, #750, .T. ) ;
#945 = DIRECTION ( 'NONE',  ( 0.000000000000000000, 0.000000000000000000, 1.000000000000000000 ) ) ;
#946 = DIRECTION ( 'NONE',  ( 1.000000000000000000, 0.000000000000000000, 0.000000000000000000 ) ) ;
#947 = ADVANCED_FACE ( 'NONE', ( #394 ), #703, .T. ) ;
#948 = DIRECTION ( 'NONE',  ( -0.000000000000000000, 0.000000000000000000, -1.000000000000000000 ) ) ;
#949 = VECTOR ( 'NONE', #1166, 1000.000000000000000 ) ;
#950 = ORIENTED_EDGE ( 'NONE', *, *, #415, .T. ) ;
#951 = ORIENTED_EDGE ( 'NONE', *, *, #283, .T. ) ;
#952 = EDGE_CURVE ( 'NONE', #1069, #630, #537, .T. ) ;
#953 = ORIENTED_EDGE ( 'NONE', *, *, #1123, .T. ) ;
#954 = AXIS2_PLACEMENT_3D ( 'NONE', #19, #587, #429 ) ;
#955 = SURFACE_STYLE_USAGE ( .BOTH. , #1352 ) ;
#956 = CARTESIAN_POINT ( 'NONE',  ( -0.6241100423321983559, 1.423814111154072526, 0.6197602625186253711 ) ) ;
#957 = AXIS2_PLACEMENT_3D ( 'NONE', #1243, #1508, #262 ) ;
#958 = CARTESIAN_POINT ( 'NONE',  ( 0.9849999999999997646, 1.419999999999999929, 0.6000000000000000888 ) ) ;
#959 = AXIS2_PLACEMENT_3D ( 'NONE', #699, #1129, #689 ) ;
#960 = ADVANCED_FACE ( 'NONE', ( #1665 ), #975, .T. ) ;
#961 = CARTESIAN_POINT ( 'NONE',  ( 0.6246510961073512558, 1.433696901665133749, -0.6145737738686855023 ) ) ;
#962 = EDGE_CURVE ( 'NONE', #630, #1449, #279, .T. ) ;
#963 = VERTEX_POINT ( 'NONE', #1014 ) ;
#964 = ORIENTED_EDGE ( 'NONE', *, *, #588, .F. ) ;
#965 = CARTESIAN_POINT ( 'NONE',  ( 0.9849999999999997646, 0.02000000000000000042, 0.6000000000000000888 ) ) ;
#966 = B_SPLINE_CURVE_WITH_KNOTS ( 'NONE', 3,
 ( #425, #161, #1269, #450 ),
 .UNSPECIFIED., .F., .F.,
 ( 4, 4 ),
 ( 3.067503069266882502E-05, 0.0009503732731419077626 ),
 .UNSPECIFIED. ) ;
#967 = CARTESIAN_POINT ( 'NONE',  ( -0.6246510961073498125, 1.433696901665127532, 0.6145737738686939400 ) ) ;
#968 = CARTESIAN_POINT ( 'NONE',  ( -0.6245610996909527479, 1.432063876511560752, 0.6161085434586842657 ) ) ;
#969 = DIRECTION ( 'NONE',  ( 1.000000000000000000, 0.000000000000000000, -0.000000000000000000 ) ) ;
#970 = CARTESIAN_POINT ( 'NONE',  ( 0.6237292507710195943, 1.416768239923273276, 0.5999999999999918732 ) ) ;
#971 = VERTEX_POINT ( 'NONE', #1003 ) ;
#972 = CARTESIAN_POINT ( 'NONE',  ( 1.004999999999999893, 0.02000000000000005246, -0.6199999999999999956 ) ) ;
#973 = ORIENTED_EDGE ( 'NONE', *, *, #1139, .F. ) ;
#974 = CARTESIAN_POINT ( 'NONE',  ( -0.6240446926334103361, 1.439486060479341578, -0.6050306771963853691 ) ) ;
#975 = PLANE ( 'NONE',  #866 ) ;
#976 = DIRECTION ( 'NONE',  ( 1.000000000000000000, 0.000000000000000000, 0.000000000000000000 ) ) ;
#977 = CARTESIAN_POINT ( 'NONE',  ( -0.6237292507710202605, 1.439999999999999947, 0.6000000000000000888 ) ) ;
#978 = EDGE_LOOP ( 'NONE', ( #1495, #1536, #248, #1164, #1326 ) ) ;
#979 = CARTESIAN_POINT ( 'NONE',  ( 0.6050000000000003153, 0.7199999999999988631, 4.591774807899560578E-38 ) ) ;
#980 = EDGE_CURVE ( 'NONE', #1796, #1513, #966, .T. ) ;
#981 = EDGE_CURVE ( 'NONE', #887, #42, #1702, .T. ) ;
#982 = CARTESIAN_POINT ( 'NONE',  ( -0.6238693517888250772, 0.000000000000000000, -0.6022419130069774917 ) ) ;
#983 = CARTESIAN_POINT ( 'NONE',  ( -13.57499999999993712, 0.7199999999999988631, 0.6199999999999999956 ) ) ;
#984 = CARTESIAN_POINT ( 'NONE',  ( 0.6050000000000003153, 0.9522929569138439687, -0.2000569118077572262 ) ) ;
#985 = LINE ( 'NONE', #559, #386 ) ;
#986 = ORIENTED_EDGE ( 'NONE', *, *, #754, .T. ) ;
#987 = CARTESIAN_POINT ( 'NONE',  ( -0.9849999999999997646, 1.419999999999999929, 0.6199999999999999956 ) ) ;
#988 = LINE ( 'NONE', #592, #649 ) ;
#989 = CARTESIAN_POINT ( 'NONE',  ( -0.6237292507710202605, 0.000000000000000000, 0.6000000000000000888 ) ) ;
#990 = AXIS2_PLACEMENT_3D ( 'NONE', #941, #1494, #1774 ) ;
#991 = CARTESIAN_POINT ( 'NONE',  ( 0.6115447805915241730, 0.2441230445591806297, -0.4098380575943394999 ) ) ;
#992 = VERTEX_POINT ( 'NONE', #15 ) ;
#993 = EDGE_LOOP ( 'NONE', ( #1470, #91, #373, #73, #1621 ) ) ;
#994 = CARTESIAN_POINT ( 'NONE',  ( -13.57499999999993712, 0.7199999999999988631, -0.6199999999999999956 ) ) ;
#995 = DIRECTION ( 'NONE',  ( -1.000000000000000000, 0.000000000000000000, 0.000000000000000000 ) ) ;
#996 = CARTESIAN_POINT ( 'NONE',  ( 13.57499999999993712, 0.7199999999999988631, -0.6199999999999999956 ) ) ;
#997 = CARTESIAN_POINT ( 'NONE',  ( 0.9849999999999997646, 0.02000000000000000042, 0.000000000000000000 ) ) ;
#998 = CARTESIAN_POINT ( 'NONE',  ( -0.9849999999999997646, 1.419999999999999929, -0.6199999999999999956 ) ) ;
#999 = ADVANCED_FACE ( 'NONE', ( #1567 ), #432, .T. ) ;
#1000 = EDGE_LOOP ( 'NONE', ( #1039, #406, #242, #578, #1727 ) ) ;
#1001 = CARTESIAN_POINT ( 'NONE',  ( 0.6115447805915229518, 1.195876955440816625, 0.4098380575943415538 ) ) ;
#1002 = ORIENTED_EDGE ( 'NONE', *, *, #900, .T. ) ;
#1003 = CARTESIAN_POINT ( 'NONE',  ( 0.6246510961073498125, 1.433696901665127532, 0.6145737738686939400 ) ) ;
#1004 = CARTESIAN_POINT ( 'NONE',  ( -0.6241832101625744977, 0.001216173650330239610, 0.6072239595493749142 ) ) ;
#1005 = DIRECTION ( 'NONE',  ( -0.000000000000000000, -1.000000000000000000, -0.000000000000000000 ) ) ;
#1006 = CARTESIAN_POINT ( 'NONE',  ( 0.6050000000000003153, 0.7199999999999988631, 4.591774807899560578E-38 ) ) ;
#1007 = EDGE_LOOP ( 'NONE', ( #1336, #942, #785 ) ) ;
#1008 = EDGE_CURVE ( 'NONE', #1768, #730, #1615, .T. ) ;
#1009 = DIRECTION ( 'NONE',  ( 0.000000000000000000, 0.000000000000000000, -1.000000000000000000 ) ) ;
#1010 = ADVANCED_FACE ( 'NONE', ( #1122 ), #1288, .F. ) ;
#1011 = CIRCLE ( 'NONE', #957, 9.619999999999974349 ) ;
#1012 = VERTEX_POINT ( 'NONE', #858 ) ;
#1013 = AXIS2_PLACEMENT_3D ( 'NONE', #903, #758, #66 ) ;
#1014 = CARTESIAN_POINT ( 'NONE',  ( 0.6050000000000003153, 0.7199999999999988631, 4.591774807899560578E-38 ) ) ;
#1015 = CARTESIAN_POINT ( 'NONE',  ( 0.6245610996909539692, 0.007936123488436003237, -0.6161085434586833776 ) ) ;
#1016 = CARTESIAN_POINT ( 'NONE',  ( -0.6050000000000013145, 0.7199999999999988631, -0.6199999999999999956 ) ) ;
#1017 = EDGE_CURVE ( 'NONE', #235, #1396, #718, .T. ) ;
#1018 = ORIENTED_EDGE ( 'NONE', *, *, #897, .T. ) ;
#1019 = CIRCLE ( 'NONE', #308, 12.96999999999993669 ) ;
#1020 = DIRECTION ( 'NONE',  ( 0.000000000000000000, 0.000000000000000000, -1.000000000000000000 ) ) ;
#1021 = ORIENTED_EDGE ( 'NONE', *, *, #80, .T. ) ;
#1022 = EDGE_CURVE ( 'NONE', #64, #919, #545, .T. ) ;
#1023 = CARTESIAN_POINT ( 'NONE',  ( -0.6240122133641300417, 1.439612380858219298, 0.6045146930444543765 ) ) ;
#1024 = EDGE_CURVE ( 'NONE', #1796, #1747, #381, .T. ) ;
#1025 = LINE ( 'NONE', #1577, #388 ) ;
#1026 = EDGE_CURVE ( 'NONE', #44, #963, #1448, .T. ) ;
#1027 = CYLINDRICAL_SURFACE ( 'NONE', #638, 0.02000000000000005246 ) ;
#1028 = CARTESIAN_POINT ( 'NONE',  ( 0.6246510961073509227, 0.006303098334870358907, -0.6145737738686918306 ) ) ;
#1029 = ORIENTED_EDGE ( 'NONE', *, *, #1317, .T. ) ;
#1030 = PLANE ( 'NONE',  #38 ) ;
#1031 = VERTEX_POINT ( 'NONE', #414 ) ;
#1032 = CARTESIAN_POINT ( 'NONE',  ( 0.6243788270152954567, 1.428742350401316363, -0.6181271918979484026 ) ) ;
#1033 = CYLINDRICAL_SURFACE ( 'NONE', #139, 0.02000000000000005246 ) ;
#1034 = B_SPLINE_CURVE_WITH_KNOTS ( 'NONE', 3,
 ( #1040, #1314, #1581, #1419, #315, #1305, #723, #455, #1592, #51 ),
 .UNSPECIFIED., .F., .F.,
 ( 4, 3, 3, 4 ),
 ( 0.000000000000000000, 6.738858956411102946E-06, 1.347806111258320012E-05, 1.625496562797943621E-05 ),
 .UNSPECIFIED. ) ;
#1035 = PRESENTATION_STYLE_ASSIGNMENT (( #1596 ) ) ;
#1036 = CARTESIAN_POINT ( 'NONE',  ( 0.9849999999999997646, 1.439999999999999947, 0.000000000000000000 ) ) ;
#1037 = CARTESIAN_POINT ( 'NONE',  ( 0.6237880078461238709, 1.440000000000000169, -0.6009402376441711491 ) ) ;
#1038 = AXIS2_PLACEMENT_3D ( 'NONE', #1685, #910, #6 ) ;
#1039 = ORIENTED_EDGE ( 'NONE', *, *, #799, .T. ) ;
#1040 = CARTESIAN_POINT ( 'NONE',  ( 0.6237292507710202605, 0.000000000000000000, -0.6000000000000000888 ) ) ;
#1041 = ORIENTED_EDGE ( 'NONE', *, *, #95, .T. ) ;
#1042 = CARTESIAN_POINT ( 'NONE',  ( 0.9849999999999997646, 0.02000000000000005246, 0.6000000000000000888 ) ) ;
#1043 = VECTOR ( 'NONE', #915, 1000.000000000000000 ) ;
#1044 = FACE_OUTER_BOUND ( 'NONE', #1252, .T. ) ;
#1045 = CARTESIAN_POINT ( 'NONE',  ( 0.6249999999999998890, 0.02000000000000005246, 0.6199999999999999956 ) ) ;
#1046 = FACE_OUTER_BOUND ( 'NONE', #793, .T. ) ;
#1047 = VERTEX_POINT ( 'NONE', #1713 ) ;
#1048 = CARTESIAN_POINT ( 'NONE',  ( 10.22499999999997300, 0.02000000000000005246, 0.000000000000000000 ) ) ;
#1049 = VERTEX_POINT ( 'NONE', #169 ) ;
#1050 = DIRECTION ( 'NONE',  ( 1.000000000000000000, 0.000000000000000000, 0.000000000000000000 ) ) ;
#1051 = DIRECTION ( 'NONE',  ( -0.000000000000000000, 1.000000000000000000, -0.000000000000000000 ) ) ;
#1052 = CARTESIAN_POINT ( 'NONE',  ( -0.9849999999999997646, 0.000000000000000000, -0.6000000000000000888 ) ) ;
#1053 = DIRECTION ( 'NONE',  ( 0.000000000000000000, -1.000000000000000000, 0.000000000000000000 ) ) ;
#1054 = EDGE_LOOP ( 'NONE', ( #50, #401, #875, #651, #184 ) ) ;
#1055 = ORIENTED_EDGE ( 'NONE', *, *, #94, .F. ) ;
#1056 = EDGE_CURVE ( 'NONE', #1031, #275, #988, .T. ) ;
#1057 = ORIENTED_EDGE ( 'NONE', *, *, #928, .T. ) ;
#1058 = CARTESIAN_POINT ( 'NONE',  ( 1.004999999999999893, 1.439999999999999947, -0.6199999999999999956 ) ) ;
#1059 = DIRECTION ( 'NONE',  ( -0.000000000000000000, 0.000000000000000000, 1.000000000000000000 ) ) ;
#1060 = DIRECTION ( 'NONE',  ( 0.000000000000000000, 0.000000000000000000, -1.000000000000000000 ) ) ;
#1061 = STYLED_ITEM ( 'NONE', ( #379 ), #1825 ) ;
#1062 = EDGE_LOOP ( 'NONE', ( #896, #13, #1192 ) ) ;
#1063 = ORIENTED_EDGE ( 'NONE', *, *, #295, .F. ) ;
#1064 = ADVANCED_FACE ( 'NONE', ( #1539 ), #180, .T. ) ;
#1065 = VECTOR ( 'NONE', #1822, 1000.000000000000000 ) ;
#1066 = CARTESIAN_POINT ( 'NONE',  ( 0.6250000000000005551, 0.000000000000000000, -0.6000000000000000888 ) ) ;
#1067 = DIRECTION ( 'NONE',  ( 0.000000000000000000, -1.000000000000000000, 0.000000000000000000 ) ) ;
#1068 = EDGE_LOOP ( 'NONE', ( #661, #322, #675, #1145, #324 ) ) ;
#1069 = VERTEX_POINT ( 'NONE', #556 ) ;
#1070 = ORIENTED_EDGE ( 'NONE', *, *, #483, .F. ) ;
#1071 = B_SPLINE_CURVE_WITH_KNOTS ( 'NONE', 3,
 ( #294, #1107, #110, #1528 ),
 .UNSPECIFIED., .F., .F.,
 ( 4, 4 ),
 ( 3.067503069264708676E-05, 0.0009503732731418871628 ),
 .UNSPECIFIED. ) ;
#1072 = MANIFOLD_SOLID_BREP ( 'Fillet2', #355 ) ;
#1073 = ORIENTED_EDGE ( 'NONE', *, *, #1079, .T. ) ;
#1074 = ADVANCED_FACE ( 'NONE', ( #522 ), #1298, .T. ) ;
#1075 = EDGE_CURVE ( 'NONE', #20, #204, #736, .T. ) ;
#1076 = CARTESIAN_POINT ( 'NONE',  ( -0.6245659384841991679, 0.004982965467038310593, -0.6132425011882007837 ) ) ;
#1077 = FACE_OUTER_BOUND ( 'NONE', #924, .T. ) ;
#1078 = CARTESIAN_POINT ( 'NONE',  ( -0.6237292507710193723, 0.02323176007672957816, 0.5999999999999998668 ) ) ;
#1079 = EDGE_CURVE ( 'NONE', #1518, #121, #11, .T. ) ;
#1080 = DIRECTION ( 'NONE',  ( 0.000000000000000000, 0.000000000000000000, -1.000000000000000000 ) ) ;
#1081 = ORIENTED_EDGE ( 'NONE', *, *, #528, .T. ) ;
#1082 = ORIENTED_EDGE ( 'NONE', *, *, #1346, .T. ) ;
#1083 = EDGE_CURVE ( 'NONE', #1396, #214, #1742, .T. ) ;
#1084 = DIRECTION ( 'NONE',  ( 1.000000000000000000, 0.000000000000000000, 0.000000000000000000 ) ) ;
#1085 = CARTESIAN_POINT ( 'NONE',  ( 0.6237292507710219258, 1.419999999999999929, 0.5999999999999997558 ) ) ;
#1086 =( GEOMETRIC_REPRESENTATION_CONTEXT ( 3 ) GLOBAL_UNCERTAINTY_ASSIGNED_CONTEXT ( ( #23 ) ) GLOBAL_UNIT_ASSIGNED_CONTEXT ( ( #198, #491, #47 ) ) REPRESENTATION_CONTEXT ( 'NONE', 'WORKASPACE' ) );
#1087 = CARTESIAN_POINT ( 'NONE',  ( -13.57499999999993712, 0.7199999999999988631, -0.6199999999999999956 ) ) ;
#1088 = DIRECTION ( 'NONE',  ( -1.000000000000000000, -0.000000000000000000, -0.000000000000000000 ) ) ;
#1089 = ORIENTED_EDGE ( 'NONE', *, *, #799, .F. ) ;
#1090 = CARTESIAN_POINT ( 'NONE',  ( -0.6246081574890162136, 0.007082547790563682895, 0.6152779221006311472 ) ) ;
#1091 = ORIENTED_EDGE ( 'NONE', *, *, #691, .F. ) ;
#1092 = AXIS2_PLACEMENT_3D ( 'NONE', #1416, #1292, #1152 ) ;
#1093 = CARTESIAN_POINT ( 'NONE',  ( -0.6239891034838564998, 1.421581612018037566, 0.6199373645351723416 ) ) ;
#1094 = AXIS2_PLACEMENT_3D ( 'NONE', #602, #1199, #345 ) ;
#1095 = DIRECTION ( 'NONE',  ( -0.000000000000000000, 0.000000000000000000, 1.000000000000000000 ) ) ;
#1096 = AXIS2_PLACEMENT_3D ( 'NONE', #354, #189, #1472 ) ;
#1097 = CARTESIAN_POINT ( 'NONE',  ( 0.6245528251385640273, 0.004669715754204507505, 0.6130386683572107698 ) ) ;
#1098 = AXIS2_PLACEMENT_3D ( 'NONE', #564, #704, #1722 ) ;
#1099 = PLANE ( 'NONE',  #1652 ) ;
#1100 = ORIENTED_EDGE ( 'NONE', *, *, #174, .T. ) ;
#1101 = VECTOR ( 'NONE', #107, 1000.000000000000000 ) ;
#1102 = DIRECTION ( 'NONE',  ( 1.000000000000000000, 0.000000000000000000, 0.000000000000000000 ) ) ;
#1103 = CARTESIAN_POINT ( 'NONE',  ( -2.848908891458576509, 0.02000000000000000042, -0.5999999999999999778 ) ) ;
#1104 = DIRECTION ( 'NONE',  ( 1.000000000000000000, 0.000000000000000000, 0.000000000000000000 ) ) ;
#1105 = FACE_OUTER_BOUND ( 'NONE', #1068, .T. ) ;
#1106 = ORIENTED_EDGE ( 'NONE', *, *, #485, .T. ) ;
#1107 = CARTESIAN_POINT ( 'NONE',  ( -0.6112381362628726000, 0.2554119839808002279, -0.4001157127461018592 ) ) ;
#1108 = ADVANCED_FACE ( 'NONE', ( #1044 ), #1033, .T. ) ;
#1109 = FACE_OUTER_BOUND ( 'NONE', #1489, .T. ) ;
#1110 = CARTESIAN_POINT ( 'NONE',  ( -0.6050000000000003153, 0.7199999999999988631, 4.591774807899560578E-38 ) ) ;
#1111 = LINE ( 'NONE', #404, #1101 ) ;
#1112 = LINE ( 'NONE', #99, #1382 ) ;
#1113 = ORIENTED_EDGE ( 'NONE', *, *, #159, .T. ) ;
#1114 = CARTESIAN_POINT ( 'NONE',  ( 0.6246510961073509227, 0.006303098334870024973, 0.6145737738686921636 ) ) ;
#1115 = CYLINDRICAL_SURFACE ( 'NONE', #264, 12.96999999999993669 ) ;
#1116 = CARTESIAN_POINT ( 'NONE',  ( -0.6242795538513585818, 1.438125666442128914, 0.6087457666324993522 ) ) ;
#1117 = CARTESIAN_POINT ( 'NONE',  ( 0.6239891034838564998, 1.421581612018037566, 0.6199373645351723416 ) ) ;
#1118 = FACE_OUTER_BOUND ( 'NONE', #1381, .T. ) ;
#1119 = ORIENTED_EDGE ( 'NONE', *, *, #217, .F. ) ;
#1120 = DIRECTION ( 'NONE',  ( -1.000000000000000000, -0.000000000000000000, 0.000000000000000000 ) ) ;
#1121 = SURFACE_SIDE_STYLE ('',( #562 ) ) ;
#1122 = FACE_OUTER_BOUND ( 'NONE', #993, .T. ) ;
#1123 = EDGE_CURVE ( 'NONE', #42, #690, #126, .T. ) ;
#1124 = CARTESIAN_POINT ( 'NONE',  ( 0.6050000000000003153, 0.7199999999999988631, -4.591774807899560578E-38 ) ) ;
#1125 = FACE_OUTER_BOUND ( 'NONE', #567, .T. ) ;
#1126 = AXIS2_PLACEMENT_3D ( 'NONE', #827, #1791, #263 ) ;
#1127 = DIRECTION ( 'NONE',  ( -1.000000000000000000, 0.000000000000000000, 0.000000000000000000 ) ) ;
#1128 = VECTOR ( 'NONE', #1155, 1000.000000000000000 ) ;
#1129 = DIRECTION ( 'NONE',  ( -0.000000000000000000, -1.000000000000000000, -0.000000000000000000 ) ) ;
#1130 = ORIENTED_EDGE ( 'NONE', *, *, #34, .F. ) ;
#1131 = CARTESIAN_POINT ( 'NONE',  ( -13.57499999999993712, 0.7199999999999988631, 0.5999999999999999778 ) ) ;
#1132 = CYLINDRICAL_SURFACE ( 'NONE', #65, 12.96999999999993669 ) ;
#1133 = EDGE_CURVE ( 'NONE', #412, #213, #236, .T. ) ;
#1134 = DIRECTION ( 'NONE',  ( 0.000000000000000000, 0.000000000000000000, -1.000000000000000000 ) ) ;
#1135 = LINE ( 'NONE', #1725, #1174 ) ;
#1136 = ORIENTED_EDGE ( 'NONE', *, *, #1056, .T. ) ;
#1137 = DIRECTION ( 'NONE',  ( 1.000000000000000000, 0.000000000000000000, 0.000000000000000000 ) ) ;
#1138 = ORIENTED_EDGE ( 'NONE', *, *, #1141, .T. ) ;
#1139 = EDGE_CURVE ( 'NONE', #101, #214, #628, .T. ) ;
#1140 = CARTESIAN_POINT ( 'NONE',  ( -0.6246100715387367108, 1.434378779706830587, 0.6139329229422995082 ) ) ;
#1141 = EDGE_CURVE ( 'NONE', #1817, #1417, #1418, .T. ) ;
#1142 = CARTESIAN_POINT ( 'NONE',  ( 0.6243435963873953387, 1.428095131725165556, 0.6182884893726747766 ) ) ;
#1143 = DIRECTION ( 'NONE',  ( -0.000000000000000000, -0.000000000000000000, 1.000000000000000000 ) ) ;
#1144 = FACE_OUTER_BOUND ( 'NONE', #1680, .T. ) ;
#1145 = ORIENTED_EDGE ( 'NONE', *, *, #1022, .T. ) ;
#1146 = ADVANCED_FACE ( 'NONE', ( #929 ), #1329, .T. ) ;
#1147 = DIRECTION ( 'NONE',  ( 0.000000000000000000, 0.000000000000000000, -1.000000000000000000 ) ) ;
#1148 = ORIENTED_EDGE ( 'NONE', *, *, #1461, .T. ) ;
#1149 = DIRECTION ( 'NONE',  ( 0.000000000000000000, 0.000000000000000000, 1.000000000000000000 ) ) ;
#1150 = CARTESIAN_POINT ( 'NONE',  ( 0.6246510961073498125, 1.433696901665127532, 0.6145737738686939400 ) ) ;
#1151 = CARTESIAN_POINT ( 'NONE',  ( 0.6246510961073509227, 0.006303098334870358907, -0.6145737738686918306 ) ) ;
#1152 = DIRECTION ( 'NONE',  ( 0.000000000000000000, 0.000000000000000000, 1.000000000000000000 ) ) ;
#1153 = VERTEX_POINT ( 'NONE', #35 ) ;
#1154 = AXIS2_PLACEMENT_3D ( 'NONE', #200, #193, #1334 ) ;
#1155 = DIRECTION ( 'NONE',  ( 0.000000000000000000, 0.000000000000000000, 1.000000000000000000 ) ) ;
#1156 = ORIENTED_EDGE ( 'NONE', *, *, #1534, .F. ) ;
#1157 = ADVANCED_FACE ( 'NONE', ( #1310 ), #637, .F. ) ;
#1158 = APPLICATION_PROTOCOL_DEFINITION ( 'draft international standard', 'automotive_design', 1998, #1183 ) ;
#1159 = SURFACE_SIDE_STYLE ('',( #1318 ) ) ;
#1160 = CARTESIAN_POINT ( 'NONE',  ( -0.6239035213229937593, 1.419999999999999929, -0.6199999999999999956 ) ) ;
#1161 = CARTESIAN_POINT ( 'NONE',  ( 0.6239606108351583025, 0.01894435473683741752, -0.6199790889736822574 ) ) ;
#1162 = CYLINDRICAL_SURFACE ( 'NONE', #695, 9.619999999999974349 ) ;
#1163 = SPHERICAL_SURFACE ( 'NONE', #336, 0.02000000000000000042 ) ;
#1164 = ORIENTED_EDGE ( 'NONE', *, *, #880, .T. ) ;
#1165 = DIRECTION ( 'NONE',  ( 0.000000000000000000, 0.000000000000000000, -1.000000000000000000 ) ) ;
#1166 = DIRECTION ( 'NONE',  ( 0.000000000000000000, -1.000000000000000000, 0.000000000000000000 ) ) ;
#1167 = FILL_AREA_STYLE ('',( #77 ) ) ;
#1168 = CARTESIAN_POINT ( 'NONE',  ( 0.6050000000000003153, 0.7199999999999988631, -4.591774807899560578E-38 ) ) ;
#1169 = DIRECTION ( 'NONE',  ( 0.000000000000000000, 0.000000000000000000, 1.000000000000000000 ) ) ;
#1170 = VERTEX_POINT ( 'NONE', #682 ) ;
#1171 = CARTESIAN_POINT ( 'NONE',  ( 0.000000000000000000, 1.439999999999999947, 0.000000000000000000 ) ) ;
#1172 = AXIS2_PLACEMENT_3D ( 'NONE', #419, #41, #729 ) ;
#1173 = ORIENTED_EDGE ( 'NONE', *, *, #1350, .F. ) ;
#1174 = VECTOR ( 'NONE', #153, 1000.000000000000000 ) ;
#1175 =( NAMED_UNIT ( * ) SI_UNIT ( $, .STERADIAN. ) SOLID_ANGLE_UNIT ( ) );
#1176 = AXIS2_PLACEMENT_3D ( 'NONE', #1187, #134, #1543 ) ;
#1177 = PRESENTATION_STYLE_ASSIGNMENT (( #1731 ) ) ;
#1178 = VECTOR ( 'NONE', #781, 1000.000000000000000 ) ;
#1179 = DIRECTION ( 'NONE',  ( 0.000000000000000000, 0.000000000000000000, 1.000000000000000000 ) ) ;
#1180 = CARTESIAN_POINT ( 'NONE',  ( -0.6244555933594101438, 0.009856507485682173761, -0.6173818124968016852 ) ) ;
#1181 = ADVANCED_FACE ( 'NONE', ( #714 ), #1099, .F. ) ;
#1182 = DIRECTION ( 'NONE',  ( 0.000000000000000000, 0.000000000000000000, 1.000000000000000000 ) ) ;
#1183 = APPLICATION_CONTEXT ( 'automotive_design' ) ;
#1184 = PRODUCT_DEFINITION ( 'UNKNOWN', '', #1527, #1277 ) ;
#1185 = ORIENTED_EDGE ( 'NONE', *, *, #318, .T. ) ;
#1186 = ORIENTED_EDGE ( 'NONE', *, *, #623, .F. ) ;
#1187 = CARTESIAN_POINT ( 'NONE',  ( 0.000000000000000000, 1.439999999999999947, 0.000000000000000000 ) ) ;
#1188 = CYLINDRICAL_SURFACE ( 'NONE', #112, 12.96999999999993669 ) ;
#1189 = LINE ( 'NONE', #1066, #1564 ) ;
#1190 = LINE ( 'NONE', #87, #636 ) ;
#1191 = EDGE_CURVE ( 'NONE', #214, #992, #1505, .T. ) ;
#1192 = ORIENTED_EDGE ( 'NONE', *, *, #1191, .T. ) ;
#1193 = ORIENTED_EDGE ( 'NONE', *, *, #230, .F. ) ;
#1194 = ORIENTED_EDGE ( 'NONE', *, *, #698, .T. ) ;
#1195 = PRODUCT_CONTEXT ( 'NONE', #1183, 'mechanical' ) ;
#1196 = ORIENTED_EDGE ( 'NONE', *, *, #1534, .T. ) ;
#1197 =( NAMED_UNIT ( * ) PLANE_ANGLE_UNIT ( ) SI_UNIT ( $, .RADIAN. ) );
#1198 = EDGE_CURVE ( 'NONE', #412, #1351, #561, .T. ) ;
#1199 = DIRECTION ( 'NONE',  ( 0.000000000000000000, 1.000000000000000000, 0.000000000000000000 ) ) ;
#1200 = LINE ( 'NONE', #1764, #1661 ) ;
#1201 = AXIS2_PLACEMENT_3D ( 'NONE', #692, #238, #834 ) ;
#1202 = ORIENTED_EDGE ( 'NONE', *, *, #1079, .F. ) ;
#1203 = ORIENTED_EDGE ( 'NONE', *, *, #1707, .F. ) ;
#1204 = ORIENTED_EDGE ( 'NONE', *, *, #427, .F. ) ;
#1205 = VECTOR ( 'NONE', #829, 1000.000000000000000 ) ;
#1206 = ADVANCED_FACE ( 'NONE', ( #855 ), #544, .F. ) ;
#1207 = EDGE_CURVE ( 'NONE', #211, #680, #869, .T. ) ;
#1208 = ADVANCED_FACE ( 'NONE', ( #143 ), #1690, .T. ) ;
#1209 = DIRECTION ( 'NONE',  ( 0.000000000000000000, 1.000000000000000000, 0.000000000000000000 ) ) ;
#1210 = CARTESIAN_POINT ( 'NONE',  ( 0.9849999999999997646, 1.419999999999999929, -0.6199999999999999956 ) ) ;
#1211 = CARTESIAN_POINT ( 'NONE',  ( -0.6239035213229937593, 1.419999999999999929, 0.6199999999999999956 ) ) ;
#1212 = ORIENTED_EDGE ( 'NONE', *, *, #1800, .T. ) ;
#1213 = SHAPE_DEFINITION_REPRESENTATION ( #507, #1825 ) ;
#1214 = EDGE_LOOP ( 'NONE', ( #109, #243, #165 ) ) ;
#1215 = MECHANICAL_DESIGN_GEOMETRIC_PRESENTATION_REPRESENTATION (  '', ( #1692 ), #1602 ) ;
#1216 = VECTOR ( 'NONE', #882, 1000.000000000000000 ) ;
#1217 = CIRCLE ( 'NONE', #1273, 0.02000000000000005246 ) ;
#1218 = CARTESIAN_POINT ( 'NONE',  ( 0.6237292507710198164, 1.416768239923265948, -0.5999999999999998668 ) ) ;
#1219 = CARTESIAN_POINT ( 'NONE',  ( 0.6241458817351931421, 1.438869034063669394, 0.6066302002024791529 ) ) ;
#1220 = CARTESIAN_POINT ( 'NONE',  ( 0.6237292507710198164, 1.416768239923265948, -0.5999999999999998668 ) ) ;
#1221 = EDGE_CURVE ( 'NONE', #854, #211, #533, .T. ) ;
#1222 = CARTESIAN_POINT ( 'NONE',  ( -2.848908891458576509, 1.419999999999999929, 0.5999999999999999778 ) ) ;
#1223 = ORIENTED_EDGE ( 'NONE', *, *, #549, .F. ) ;
#1224 = CARTESIAN_POINT ( 'NONE',  ( 13.57499999999993712, 0.7199999999999988631, 0.6199999999999999956 ) ) ;
#1225 = DIRECTION ( 'NONE',  ( -0.000000000000000000, 0.000000000000000000, -1.000000000000000000 ) ) ;
#1226 = STYLED_ITEM ( 'NONE', ( #1035 ), #1656 ) ;
#1227 = CARTESIAN_POINT ( 'NONE',  ( -0.9849999999999997646, 1.419999999999999929, -0.6000000000000000888 ) ) ;
#1228 = LINE ( 'NONE', #1222, #1065 ) ;
#1229 = ORIENTED_EDGE ( 'NONE', *, *, #981, .F. ) ;
#1230 = DIRECTION ( 'NONE',  ( 0.000000000000000000, -1.000000000000000000, 0.000000000000000000 ) ) ;
#1231 = ORIENTED_EDGE ( 'NONE', *, *, #1473, .T. ) ;
#1232 = CARTESIAN_POINT ( 'NONE',  ( -0.6242795538513585818, 0.001874333557871126843, -0.6087457666324993522 ) ) ;
#1233 = CARTESIAN_POINT ( 'NONE',  ( 0.6246510961073498125, 1.433696901665127532, 0.6145737738686939400 ) ) ;
#1234 = VECTOR ( 'NONE', #646, 1000.000000000000000 ) ;
#1235 = DIRECTION ( 'NONE',  ( 0.000000000000000000, 0.000000000000000000, -1.000000000000000000 ) ) ;
#1236 = EDGE_CURVE ( 'NONE', #963, #75, #532, .T. ) ;
#1237 = CIRCLE ( 'NONE', #301, 0.02000000000000005246 ) ;
#1238 = DIRECTION ( 'NONE',  ( 1.000000000000000000, -0.000000000000000000, -0.000000000000000000 ) ) ;
#1239 = DIRECTION ( 'NONE',  ( 0.000000000000000000, 0.000000000000000000, -1.000000000000000000 ) ) ;
#1240 = ORIENTED_EDGE ( 'NONE', *, *, #1317, .F. ) ;
#1241 = CIRCLE ( 'NONE', #1457, 9.619999999999974349 ) ;
#1242 = CARTESIAN_POINT ( 'NONE',  ( -0.6246510961073512558, 1.433696901665133749, -0.6145737738686855023 ) ) ;
#1243 = CARTESIAN_POINT ( 'NONE',  ( -10.22499999999997300, 1.439999999999999947, 0.000000000000000000 ) ) ;
#1244 = DIRECTION ( 'NONE',  ( -0.000000000000000000, -0.000000000000000000, 1.000000000000000000 ) ) ;
#1245 = LINE ( 'NONE', #519, #927 ) ;
#1246 = EDGE_CURVE ( 'NONE', #1817, #1351, #1237, .T. ) ;
#1247 = DIRECTION ( 'NONE',  ( 0.000000000000000000, 0.000000000000000000, -1.000000000000000000 ) ) ;
#1248 = CYLINDRICAL_SURFACE ( 'NONE', #382, 0.02000000000000005246 ) ;
#1249 = DIRECTION ( 'NONE',  ( 1.000000000000000000, 0.000000000000000000, 0.000000000000000000 ) ) ;
#1250 = CARTESIAN_POINT ( 'NONE',  ( -1.004999999999999893, 1.419999999999999929, 0.6199999999999999956 ) ) ;
#1251 = DIRECTION ( 'NONE',  ( 0.000000000000000000, 1.000000000000000000, 0.000000000000000000 ) ) ;
#1252 = EDGE_LOOP ( 'NONE', ( #305, #653, #775, #633, #118 ) ) ;
#1253 = DIRECTION ( 'NONE',  ( 0.000000000000000000, -1.000000000000000000, 0.000000000000000000 ) ) ;
#1254 = EDGE_CURVE ( 'NONE', #1170, #1153, #212, .T. ) ;
#1255 = EDGE_CURVE ( 'NONE', #167, #1504, #1700, .T. ) ;
#1256 = PRODUCT_RELATED_PRODUCT_CATEGORY ( 'part', '', ( #1753 ) ) ;
#1257 = FILL_AREA_STYLE_COLOUR ( '', #620 ) ;
#1258 = CIRCLE ( 'NONE', #805, 9.619999999999974349 ) ;
#1259 = DIRECTION ( 'NONE',  ( 0.000000000000000000, 0.000000000000000000, -1.000000000000000000 ) ) ;
#1260 = DIRECTION ( 'NONE',  ( -1.000000000000000000, -0.000000000000000000, -0.000000000000000000 ) ) ;
#1261 = AXIS2_PLACEMENT_3D ( 'NONE', #149, #558, #300 ) ;
#1262 = DIRECTION ( 'NONE',  ( -0.000000000000000000, -0.000000000000000000, -1.000000000000000000 ) ) ;
#1263 = CARTESIAN_POINT ( 'NONE',  ( -0.6050000000000003153, 0.9522929569138439687, -0.2000569118077572262 ) ) ;
#1264 = ORIENTED_EDGE ( 'NONE', *, *, #1339, .F. ) ;
#1265 = AXIS2_PLACEMENT_3D ( 'NONE', #1484, #391, #1585 ) ;
#1266 = DIRECTION ( 'NONE',  ( 0.000000000000000000, -0.000000000000000000, -1.000000000000000000 ) ) ;
#1267 = ORIENTED_EDGE ( 'NONE', *, *, #962, .T. ) ;
#1268 = EDGE_CURVE ( 'NONE', #963, #971, #586, .T. ) ;
#1269 = CARTESIAN_POINT ( 'NONE',  ( -0.6050000000000003153, 0.9522929569136705519, 0.2000569118079586761 ) ) ;
#1270 = CARTESIAN_POINT ( 'NONE',  ( -0.6240446926334100031, 0.0005139395206602356695, 0.6050306771963925856 ) ) ;
#1271 = DIRECTION ( 'NONE',  ( -0.000000000000000000, -0.000000000000000000, 1.000000000000000000 ) ) ;
#1272 = CYLINDRICAL_SURFACE ( 'NONE', #1503, 0.02000000000000005246 ) ;
#1273 = AXIS2_PLACEMENT_3D ( 'NONE', #421, #1682, #120 ) ;
#1274 = EDGE_CURVE ( 'NONE', #1396, #589, #1217, .T. ) ;
#1275 = ORIENTED_EDGE ( 'NONE', *, *, #541, .F. ) ;
#1276 = FACE_OUTER_BOUND ( 'NONE', #361, .T. ) ;
#1277 = PRODUCT_DEFINITION_CONTEXT ( 'detailed design', #270, 'design' ) ;
#1278 = VERTEX_POINT ( 'NONE', #987 ) ;
#1279 = DIRECTION ( 'NONE',  ( -0.000000000000000000, -1.000000000000000000, -0.000000000000000000 ) ) ;
#1280 = FACE_OUTER_BOUND ( 'NONE', #936, .T. ) ;
#1281 = LINE ( 'NONE', #1704, #816 ) ;
#1282 = DIRECTION ( 'NONE',  ( 0.000000000000000000, 0.000000000000000000, -1.000000000000000000 ) ) ;
#1283 = ORIENTED_EDGE ( 'NONE', *, *, #342, .F. ) ;
#1284 = CARTESIAN_POINT ( 'NONE',  ( 1.004999999999999893, 1.419999999999999929, 0.6000000000000000888 ) ) ;
#1285 = EDGE_LOOP ( 'NONE', ( #74, #1138, #1477 ) ) ;
#1286 = B_SPLINE_CURVE_WITH_KNOTS ( 'NONE', 3,
 ( #1801, #1532, #538, #1078 ),
 .UNSPECIFIED., .F., .F.,
 ( 4, 4 ),
 ( -2.277718445857433276E-05, 0.0008969210579906658314 ),
 .UNSPECIFIED. ) ;
#1287 = AXIS2_PLACEMENT_3D ( 'NONE', #148, #288, #1545 ) ;
#1288 = PLANE ( 'NONE',  #1643 ) ;
#1289 = CIRCLE ( 'NONE', #1038, 12.96999999999993669 ) ;
#1290 = CARTESIAN_POINT ( 'NONE',  ( 0.6239035213229937593, 1.419999999999999929, 0.6199999999999999956 ) ) ;
#1291 = CARTESIAN_POINT ( 'NONE',  ( 0.6050000000000013145, 0.7199999999999988631, 0.5999999999999999778 ) ) ;
#1292 = DIRECTION ( 'NONE',  ( -1.000000000000000000, 0.000000000000000000, 0.000000000000000000 ) ) ;
#1293 = EDGE_CURVE ( 'NONE', #777, #1513, #1071, .T. ) ;
#1294 = ADVANCED_FACE ( 'NONE', ( #1389 ), #128, .T. ) ;
#1295 = ORIENTED_EDGE ( 'NONE', *, *, #159, .F. ) ;
#1296 = FACE_OUTER_BOUND ( 'NONE', #531, .T. ) ;
#1297 = ORIENTED_EDGE ( 'NONE', *, *, #1221, .T. ) ;
#1298 = CYLINDRICAL_SURFACE ( 'NONE', #553, 0.02000000000000005246 ) ;
#1299 = FACE_OUTER_BOUND ( 'NONE', #32, .T. ) ;
#1300 = CARTESIAN_POINT ( 'NONE',  ( -0.6246300163955401663, 1.433314400883491269, -0.6149332604121322543 ) ) ;
#1301 = DIRECTION ( 'NONE',  ( 0.000000000000000000, 0.000000000000000000, 1.000000000000000000 ) ) ;
#1302 = DIRECTION ( 'NONE',  ( -1.000000000000000000, 0.000000000000000000, 0.000000000000000000 ) ) ;
#1303 = VERTEX_POINT ( 'NONE', #1824 ) ;
#1304 = AXIS2_PLACEMENT_3D ( 'NONE', #410, #273, #246 ) ;
#1305 = CARTESIAN_POINT ( 'NONE',  ( 0.6244077110550507737, 0.002994025626380392418, -0.6107624556919571956 ) ) ;
#1306 = VECTOR ( 'NONE', #579, 1000.000000000000000 ) ;
#1307 = EDGE_CURVE ( 'NONE', #1729, #963, #518, .T. ) ;
#1308 = EDGE_LOOP ( 'NONE', ( #783, #1295, #1323, #570 ) ) ;
#1309 = CARTESIAN_POINT ( 'NONE',  ( -0.6237292507710195943, 1.416768239923273276, 0.5999999999999918732 ) ) ;
#1310 = FACE_OUTER_BOUND ( 'NONE', #256, .T. ) ;
#1311 = DIRECTION ( 'NONE',  ( 0.000000000000000000, 0.000000000000000000, -1.000000000000000000 ) ) ;
#1312 = DIRECTION ( 'NONE',  ( 0.000000000000000000, -1.000000000000000000, 0.000000000000000000 ) ) ;
#1313 = CYLINDRICAL_SURFACE ( 'NONE', #1391, 9.619999999999974349 ) ;
#1314 = CARTESIAN_POINT ( 'NONE',  ( 0.6238693517888250772, 0.000000000000000000, -0.6022419130069774917 ) ) ;
#1315 = LINE ( 'NONE', #1783, #1478 ) ;
#1316 = VECTOR ( 'NONE', #1051, 1000.000000000000000 ) ;
#1317 = EDGE_CURVE ( 'NONE', #1738, #275, #551, .T. ) ;
#1318 = SURFACE_STYLE_FILL_AREA ( #563 ) ;
#1319 = VECTOR ( 'NONE', #1149, 1000.000000000000000 ) ;
#1320 = DIRECTION ( 'NONE',  ( -1.000000000000000000, 0.000000000000000000, 0.000000000000000000 ) ) ;
#1321 = DIRECTION ( 'NONE',  ( 1.000000000000000000, 0.000000000000000000, 0.000000000000000000 ) ) ;
#1322 = DIRECTION ( 'NONE',  ( 0.000000000000000000, 0.000000000000000000, -1.000000000000000000 ) ) ;
#1323 = ORIENTED_EDGE ( 'NONE', *, *, #1191, .F. ) ;
#1324 = DIRECTION ( 'NONE',  ( 0.000000000000000000, -1.000000000000000000, 0.000000000000000000 ) ) ;
#1325 = ORIENTED_EDGE ( 'NONE', *, *, #1255, .T. ) ;
#1326 = ORIENTED_EDGE ( 'NONE', *, *, #612, .T. ) ;
#1327 = VECTOR ( 'NONE', #1279, 1000.000000000000000 ) ;
#1328 = VECTOR ( 'NONE', #1120, 1000.000000000000000 ) ;
#1329 = SPHERICAL_SURFACE ( 'NONE', #1013, 0.02000000000000000042 ) ;
#1330 = EDGE_CURVE ( 'NONE', #706, #101, #606, .T. ) ;
#1331 = AXIS2_PLACEMENT_3D ( 'NONE', #940, #1312, #1744 ) ;
#1332 = CARTESIAN_POINT ( 'NONE',  ( -0.6050000000000003153, 0.4820613778792912085, 0.2049191097898789837 ) ) ;
#1333 = CARTESIAN_POINT ( 'NONE',  ( -1.004999999999999893, 0.02000000000000005246, 0.6000000000000000888 ) ) ;
#1334 = DIRECTION ( 'NONE',  ( 1.000000000000000000, 0.000000000000000000, 0.000000000000000000 ) ) ;
#1335 = ORIENTED_EDGE ( 'NONE', *, *, #352, .F. ) ;
#1336 = ORIENTED_EDGE ( 'NONE', *, *, #1461, .F. ) ;
#1337 = CIRCLE ( 'NONE', #1126, 0.02000000000000005246 ) ;
#1338 = VECTOR ( 'NONE', #320, 1000.000000000000000 ) ;
#1339 = EDGE_CURVE ( 'NONE', #1303, #630, #749, .T. ) ;
#1340 = ORIENTED_EDGE ( 'NONE', *, *, #1017, .F. ) ;
#1341 = CARTESIAN_POINT ( 'NONE',  ( -0.6239035213229937593, 0.02000000000000005246, 0.6199999999999999956 ) ) ;
#1342 = PLANE ( 'NONE',  #202 ) ;
#1343 = DIRECTION ( 'NONE',  ( 0.000000000000000000, 0.000000000000000000, -1.000000000000000000 ) ) ;
#1344 = ADVANCED_FACE ( 'NONE', ( #1296 ), #1030, .F. ) ;
#1345 = CARTESIAN_POINT ( 'NONE',  ( 0.6241832101625730544, 1.438783826349672390, -0.6072239595493680309 ) ) ;
#1346 = EDGE_CURVE ( 'NONE', #1437, #840, #1034, .T. ) ;
#1347 = EDGE_LOOP ( 'NONE', ( #1106, #659, #83 ) ) ;
#1348 = VERTEX_POINT ( 'NONE', #1728 ) ;
#1349 = ADVANCED_FACE ( 'NONE', ( #1276 ), #1163, .T. ) ;
#1350 = EDGE_CURVE ( 'NONE', #360, #1278, #665, .T. ) ;
#1351 = VERTEX_POINT ( 'NONE', #323 ) ;
#1352 = SURFACE_SIDE_STYLE ('',( #1522 ) ) ;
#1353 = CYLINDRICAL_SURFACE ( 'NONE', #779, 0.02000000000000005246 ) ;
#1354 = CARTESIAN_POINT ( 'NONE',  ( -0.6237292507710202605, 0.000000000000000000, 0.6000000000000000888 ) ) ;
#1355 = CARTESIAN_POINT ( 'NONE',  ( 13.57499999999993712, 0.7199999999999988631, 0.6199999999999999956 ) ) ;
#1356 = VERTEX_POINT ( 'NONE', #437 ) ;
#1357 = ORIENTED_EDGE ( 'NONE', *, *, #1533, .F. ) ;
#1358 = EDGE_LOOP ( 'NONE', ( #438, #1625, #642, #463 ) ) ;
#1359 = DIRECTION ( 'NONE',  ( 0.000000000000000000, 1.000000000000000000, -0.000000000000000000 ) ) ;
#1360 = CARTESIAN_POINT ( 'NONE',  ( 0.6246510961073509227, 0.006303098334870358907, -0.6145737738686918306 ) ) ;
#1361 = CARTESIAN_POINT ( 'NONE',  ( 13.57499999999993712, 0.7199999999999988631, -0.6199999999999999956 ) ) ;
#1362 = CYLINDRICAL_SURFACE ( 'NONE', #119, 9.619999999999974349 ) ;
#1363 = EDGE_LOOP ( 'NONE', ( #363, #1481, #1620, #1440, #1136, #1240, #1212, #420, #82, #926 ) ) ;
#1364 = ORIENTED_EDGE ( 'NONE', *, *, #1056, .F. ) ;
#1365 = ORIENTED_EDGE ( 'NONE', *, *, #1390, .T. ) ;
#1366 = CIRCLE ( 'NONE', #190, 12.96999999999993669 ) ;
#1367 = CIRCLE ( 'NONE', #1459, 12.96999999999993669 ) ;
#1368 = CARTESIAN_POINT ( 'NONE',  ( -0.6246510961073509227, 0.006303098334870358907, -0.6145737738686918306 ) ) ;
#1369 = DIRECTION ( 'NONE',  ( 2.488480662004158202E-14, 0.000000000000000000, -1.000000000000000000 ) ) ;
#1370 = CARTESIAN_POINT ( 'NONE',  ( -0.6246510961073509227, 0.006303098334870024973, 0.6145737738686921636 ) ) ;
#1371 = ORIENTED_EDGE ( 'NONE', *, *, #80, .F. ) ;
#1372 = CARTESIAN_POINT ( 'NONE',  ( 0.6050000000000013145, 0.7199999999999988631, -0.6199999999999999956 ) ) ;
#1373 = ORIENTED_EDGE ( 'NONE', *, *, #485, .F. ) ;
#1374 = EDGE_CURVE ( 'NONE', #680, #360, #908, .T. ) ;
#1375 = CARTESIAN_POINT ( 'NONE',  ( -0.6246510961073509227, 0.006303098334870358907, -0.6145737738686918306 ) ) ;
#1376 = CARTESIAN_POINT ( 'NONE',  ( 0.6242795538513585818, 1.438125666442128914, 0.6087457666324993522 ) ) ;
#1377 = CARTESIAN_POINT ( 'NONE',  ( -0.6237292507710219258, -1.240161279834199215, -0.5999999999999997558 ) ) ;
#1378 = CARTESIAN_POINT ( 'NONE',  ( 0.6050000000000013145, 0.7199999999999988631, 0.6199999999999999956 ) ) ;
#1379 = ORIENTED_EDGE ( 'NONE', *, *, #838, .T. ) ;
#1380 = DIRECTION ( 'NONE',  ( 1.000000000000000000, 0.000000000000000000, 0.000000000000000000 ) ) ;
#1381 = EDGE_LOOP ( 'NONE', ( #824, #953, #1081, #1029, #506 ) ) ;
#1382 = VECTOR ( 'NONE', #274, 1000.000000000000000 ) ;
#1383 = CARTESIAN_POINT ( 'NONE',  ( -0.6245193771296931873, 0.004397683044702158962, -0.6125127018217880748 ) ) ;
#1384 = CARTESIAN_POINT ( 'NONE',  ( 0.6237292507710202605, 1.439999999999999947, 0.6000000000000000888 ) ) ;
#1385 = EDGE_CURVE ( 'NONE', #62, #591, #742, .T. ) ;
#1386 = DIRECTION ( 'NONE',  ( 1.000000000000000000, 0.000000000000000000, 0.000000000000000000 ) ) ;
#1387 = CARTESIAN_POINT ( 'NONE',  ( -10.22499999999997300, -1.240161279834199215, 0.000000000000000000 ) ) ;
#1388 = ORIENTED_EDGE ( 'NONE', *, *, #1473, .F. ) ;
#1389 = FACE_OUTER_BOUND ( 'NONE', #1363, .T. ) ;
#1390 = EDGE_CURVE ( 'NONE', #296, #1303, #166, .T. ) ;
#1391 = AXIS2_PLACEMENT_3D ( 'NONE', #484, #1476, #1060 ) ;
#1392 = CARTESIAN_POINT ( 'NONE',  ( 0.6242634413637424551, 1.426627616784324371, -0.6188699416261678188 ) ) ;
#1393 = CARTESIAN_POINT ( 'NONE',  ( 13.57499999999993712, 0.7199999999999988631, 0.5999999999999999778 ) ) ;
#1394 = CYLINDRICAL_SURFACE ( 'NONE', #1304, 12.96999999999993669 ) ;
#1395 = DIRECTION ( 'NONE',  ( 0.000000000000000000, -1.000000000000000000, -0.000000000000000000 ) ) ;
#1396 = VERTEX_POINT ( 'NONE', #1284 ) ;
#1397 = EDGE_CURVE ( 'NONE', #1491, #42, #1367, .T. ) ;
#1398 = CARTESIAN_POINT ( 'NONE',  ( 0.6050000000000003153, 0.4820613778792912085, 0.2049191097898789837 ) ) ;
#1399 = EDGE_CURVE ( 'NONE', #1526, #62, #671, .T. ) ;
#1400 = DIRECTION ( 'NONE',  ( 1.000000000000000000, -3.286043747139968223E-14, 0.000000000000000000 ) ) ;
#1401 = CARTESIAN_POINT ( 'NONE',  ( -1.004999999999999893, 1.419999999999999929, 0.6199999999999999956 ) ) ;
#1402 = FACE_OUTER_BOUND ( 'NONE', #1648, .T. ) ;
#1403 = AXIS2_PLACEMENT_3D ( 'NONE', #931, #383, #1102 ) ;
#1404 = LINE ( 'NONE', #164, #1409 ) ;
#1405 = EDGE_CURVE ( 'NONE', #616, #1170, #1606, .T. ) ;
#1406 = DIRECTION ( 'NONE',  ( 1.000000000000000000, 0.000000000000000000, 0.000000000000000000 ) ) ;
#1407 = ORIENTED_EDGE ( 'NONE', *, *, #1236, .T. ) ;
#1408 = FACE_OUTER_BOUND ( 'NONE', #660, .T. ) ;
#1409 = VECTOR ( 'NONE', #1302, 1000.000000000000000 ) ;
#1410 = DIRECTION ( 'NONE',  ( 1.000000000000000000, 0.000000000000000000, -0.000000000000000000 ) ) ;
#1411 = ADVANCED_FACE ( 'NONE', ( #1447 ), #751, .T. ) ;
#1412 = LINE ( 'NONE', #1250, #1216 ) ;
#1413 = VECTOR ( 'NONE', #435, 1000.000000000000000 ) ;
#1414 = AXIS2_PLACEMENT_3D ( 'NONE', #983, #1674, #245 ) ;
#1415 = CARTESIAN_POINT ( 'NONE',  ( -0.9849999999999997646, 0.02000000000000005246, 0.6000000000000000888 ) ) ;
#1416 = CARTESIAN_POINT ( 'NONE',  ( -1.004999999999999893, 0.02000000000000005246, 0.6000000000000000888 ) ) ;
#1417 = VERTEX_POINT ( 'NONE', #731 ) ;
#1418 = CIRCLE ( 'NONE', #1096, 0.02000000000000005246 ) ;
#1419 = CARTESIAN_POINT ( 'NONE',  ( 0.6241458817351931421, 0.001130965936330553291, -0.6066302002024791529 ) ) ;
#1420 = ORIENTED_EDGE ( 'NONE', *, *, #472, .F. ) ;
#1421 = VECTOR ( 'NONE', #1611, 1000.000000000000000 ) ;
#1422 = CARTESIAN_POINT ( 'NONE',  ( 0.6050000000000003153, 0.9579386221204909679, -0.2049191097901293668 ) ) ;
#1423 = CARTESIAN_POINT ( 'NONE',  ( 0.6242316032502090994, 1.426046841072850402, 0.6191951352035049982 ) ) ;
#1424 = LINE ( 'NONE', #452, #879 ) ;
#1425 = CIRCLE ( 'NONE', #1603, 12.96999999999993669 ) ;
#1426 = CARTESIAN_POINT ( 'NONE',  ( 10.22499999999997300, -1.240161279834199215, 0.000000000000000000 ) ) ;
#1427 = ORIENTED_EDGE ( 'NONE', *, *, #217, .T. ) ;
#1428 = CARTESIAN_POINT ( 'NONE',  ( 13.57499999999993712, 0.7199999999999988631, 0.5999999999999999778 ) ) ;
#1429 = ORIENTED_EDGE ( 'NONE', *, *, #93, .F. ) ;
#1430 = DIRECTION ( 'NONE',  ( 0.000000000000000000, 1.000000000000000000, 0.000000000000000000 ) ) ;
#1431 = EDGE_CURVE ( 'NONE', #1278, #497, #725, .T. ) ;
#1432 = B_SPLINE_CURVE_WITH_KNOTS ( 'NONE', 3,
 ( #183, #1541, #303, #747 ),
 .UNSPECIFIED., .F., .F.,
 ( 4, 4 ),
 ( -2.277718445857433276E-05, 0.0008969210579906658314 ),
 .UNSPECIFIED. ) ;
#1433 = FACE_OUTER_BOUND ( 'NONE', #1062, .T. ) ;
#1434 = B_SPLINE_CURVE_WITH_KNOTS ( 'NONE', 3,
 ( #219, #1486, #367, #1168 ),
 .UNSPECIFIED., .F., .F.,
 ( 4, 4 ),
 ( 3.067503069264708676E-05, 0.0009503732731418871628 ),
 .UNSPECIFIED. ) ;
#1435 = CARTESIAN_POINT ( 'NONE',  ( 0.6239320387894065068, 0.01947238220164093647, -0.6200000000000001066 ) ) ;
#1436 = DIRECTION ( 'NONE',  ( -0.000000000000000000, -0.000000000000000000, 1.000000000000000000 ) ) ;
#1437 = VERTEX_POINT ( 'NONE', #918 ) ;
#1438 = DIRECTION ( 'NONE',  ( -0.000000000000000000, -0.000000000000000000, -1.000000000000000000 ) ) ;
#1439 = VERTEX_POINT ( 'NONE', #340 ) ;
#1440 = ORIENTED_EDGE ( 'NONE', *, *, #1565, .F. ) ;
#1441 = CARTESIAN_POINT ( 'NONE',  ( 0.6237292507710219258, -1.240161279834199215, 0.5999999999999997558 ) ) ;
#1442 = LINE ( 'NONE', #181, #440 ) ;
#1443 = ADVANCED_FACE ( 'NONE', ( #1469 ), #203, .T. ) ;
#1444 = CYLINDRICAL_SURFACE ( 'NONE', #249, 0.02000000000000005246 ) ;
#1445 = DIRECTION ( 'NONE',  ( 0.000000000000000000, 1.000000000000000000, 0.000000000000000000 ) ) ;
#1446 = ORIENTED_EDGE ( 'NONE', *, *, #174, .F. ) ;
#1447 = FACE_OUTER_BOUND ( 'NONE', #133, .T. ) ;
#1448 = B_SPLINE_CURVE_WITH_KNOTS ( 'NONE', 3,
 ( #136, #871, #1422, #441 ),
 .UNSPECIFIED., .F., .F.,
 ( 4, 4 ),
 ( 8.322616580952520052E-06, 0.0009503732731419077626 ),
 .UNSPECIFIED. ) ;
#1449 = VERTEX_POINT ( 'NONE', #28 ) ;
#1450 = DIRECTION ( 'NONE',  ( -1.000000000000000000, 0.000000000000000000, 0.000000000000000000 ) ) ;
#1451 = DIRECTION ( 'NONE',  ( -0.000000000000000000, -0.000000000000000000, -1.000000000000000000 ) ) ;
#1452 = DIRECTION ( 'NONE',  ( 0.000000000000000000, 0.000000000000000000, -1.000000000000000000 ) ) ;
#1453 = DIRECTION ( 'NONE',  ( -1.000000000000000000, -0.000000000000000000, -0.000000000000000000 ) ) ;
#1454 = CYLINDRICAL_SURFACE ( 'NONE', #990, 0.02000000000000005246 ) ;
#1455 = ORIENTED_EDGE ( 'NONE', *, *, #897, .F. ) ;
#1456 = CIRCLE ( 'NONE', #1758, 12.96999999999993669 ) ;
#1457 = AXIS2_PLACEMENT_3D ( 'NONE', #575, #162, #9 ) ;
#1458 = CARTESIAN_POINT ( 'NONE',  ( 0.6237292507710219258, -1.240161279834199215, -0.5999999999999997558 ) ) ;
#1459 = AXIS2_PLACEMENT_3D ( 'NONE', #1428, #1574, #22 ) ;
#1460 = ORIENTED_EDGE ( 'NONE', *, *, #1246, .T. ) ;
#1461 = EDGE_CURVE ( 'NONE', #1513, #1768, #1424, .T. ) ;
#1462 = B_SPLINE_CURVE_WITH_KNOTS ( 'NONE', 3,
 ( #1384, #403, #693, #1219, #1376, #547, #1531, #807, #384, #1233 ),
 .UNSPECIFIED., .F., .F.,
 ( 4, 3, 3, 4 ),
 ( 0.000000000000000000, 6.738858956411093628E-06, 1.347806111258311711E-05, 1.625496562798220431E-05 ),
 .UNSPECIFIED. ) ;
#1463 = DIRECTION ( 'NONE',  ( 0.000000000000000000, 0.000000000000000000, -1.000000000000000000 ) ) ;
#1464 = CARTESIAN_POINT ( 'NONE',  ( 0.6237292507710195943, 1.416768239923273276, 0.5999999999999918732 ) ) ;
#1465 = PLANE ( 'NONE',  #1549 ) ;
#1466 = CARTESIAN_POINT ( 'NONE',  ( -0.6246510961073509227, 0.006303098334870358907, -0.6145737738686918306 ) ) ;
#1467 = DIRECTION ( 'NONE',  ( -1.000000000000000000, 0.000000000000000000, 0.000000000000000000 ) ) ;
#1468 = ORIENTED_EDGE ( 'NONE', *, *, #1133, .T. ) ;
#1469 = FACE_OUTER_BOUND ( 'NONE', #1497, .T. ) ;
#1470 = ORIENTED_EDGE ( 'NONE', *, *, #272, .T. ) ;
#1471 = ORIENTED_EDGE ( 'NONE', *, *, #880, .F. ) ;
#1472 = DIRECTION ( 'NONE',  ( 0.000000000000000000, 0.000000000000000000, -1.000000000000000000 ) ) ;
#1473 = EDGE_CURVE ( 'NONE', #1351, #762, #1836, .T. ) ;
#1474 = LINE ( 'NONE', #780, #770 ) ;
#1475 = DIRECTION ( 'NONE',  ( 1.000000000000000000, 0.000000000000000000, 0.000000000000000000 ) ) ;
#1476 = DIRECTION ( 'NONE',  ( 0.000000000000000000, 1.000000000000000000, 0.000000000000000000 ) ) ;
#1477 = ORIENTED_EDGE ( 'NONE', *, *, #1598, .F. ) ;
#1478 = VECTOR ( 'NONE', #1080, 1000.000000000000000 ) ;
#1479 = ADVANCED_FACE ( 'NONE', ( #1402 ), #151, .F. ) ;
#1480 = CARTESIAN_POINT ( 'NONE',  ( 0.6246510961073509227, 0.006303098334870024973, 0.6145737738686921636 ) ) ;
#1481 = ORIENTED_EDGE ( 'NONE', *, *, #1533, .T. ) ;
#1482 = ORIENTED_EDGE ( 'NONE', *, *, #1672, .F. ) ;
#1483 = AXIS2_PLACEMENT_3D ( 'NONE', #409, #1635, #945 ) ;
#1484 = CARTESIAN_POINT ( 'NONE',  ( -10.22499999999997300, 0.000000000000000000, 0.000000000000000000 ) ) ;
#1485 = CARTESIAN_POINT ( 'NONE',  ( -0.6050000000000003153, 0.7199999999999988631, 4.591774807899560578E-38 ) ) ;
#1486 = CARTESIAN_POINT ( 'NONE',  ( 0.6112381362628726000, 0.2554119839808002279, -0.4001157127461018592 ) ) ;
#1487 = DIRECTION ( 'NONE',  ( 0.000000000000000000, 1.000000000000000000, -0.000000000000000000 ) ) ;
#1488 = FACE_OUTER_BOUND ( 'NONE', #1214, .T. ) ;
#1489 = EDGE_LOOP ( 'NONE', ( #486, #605, #1647 ) ) ;
#1490 = CIRCLE ( 'NONE', #539, 0.02000000000000005246 ) ;
#1491 = VERTEX_POINT ( 'NONE', #1291 ) ;
#1492 = CARTESIAN_POINT ( 'NONE',  ( 1.004999999999999893, 1.439999999999999947, 0.6199999999999999956 ) ) ;
#1493 = LINE ( 'NONE', #797, #1234 ) ;
#1494 = DIRECTION ( 'NONE',  ( 0.000000000000000000, -1.000000000000000000, 0.000000000000000000 ) ) ;
#1495 = ORIENTED_EDGE ( 'NONE', *, *, #684, .T. ) ;
#1496 = ORIENTED_EDGE ( 'NONE', *, *, #1330, .T. ) ;
#1497 = EDGE_LOOP ( 'NONE', ( #1055, #372, #1264, #821 ) ) ;
#1498 = CARTESIAN_POINT ( 'NONE',  ( -0.6239054971685682460, 1.439801089274331369, -0.6028136923646847389 ) ) ;
#1499 = CARTESIAN_POINT ( 'NONE',  ( -0.6115447805915241730, 0.2441230445591806297, -0.4098380575943394999 ) ) ;
#1500 = FACE_OUTER_BOUND ( 'NONE', #909, .T. ) ;
#1501 = CARTESIAN_POINT ( 'NONE',  ( 10.22499999999997300, -1.240161279834199215, 0.000000000000000000 ) ) ;
#1502 = ORIENTED_EDGE ( 'NONE', *, *, #1374, .T. ) ;
#1503 = AXIS2_PLACEMENT_3D ( 'NONE', #595, #453, #1716 ) ;
#1504 = VERTEX_POINT ( 'NONE', #860 ) ;
#1505 = CIRCLE ( 'NONE', #473, 0.02000000000000005246 ) ;
#1506 = B_SPLINE_CURVE_WITH_KNOTS ( 'NONE', 3,
 ( #512, #934, #487, #1614, #195, #371, #349, #800, #925, #1480 ),
 .UNSPECIFIED., .F., .F.,
 ( 4, 3, 3, 4 ),
 ( 0.000000000000000000, 6.732895261613795662E-06, 1.346604988552606497E-05, 1.502089146518478479E-05 ),
 .UNSPECIFIED. ) ;
#1507 = FILL_AREA_STYLE_COLOUR ( '', #668 ) ;
#1508 = DIRECTION ( 'NONE',  ( 0.000000000000000000, 1.000000000000000000, 0.000000000000000000 ) ) ;
#1509 = FACE_OUTER_BOUND ( 'NONE', #284, .T. ) ;
#1510 = DIRECTION ( 'NONE',  ( 0.000000000000000000, 0.000000000000000000, 1.000000000000000000 ) ) ;
#1511 = ORIENTED_EDGE ( 'NONE', *, *, #823, .F. ) ;
#1512 = EDGE_CURVE ( 'NONE', #764, #1449, #543, .T. ) ;
#1513 = VERTEX_POINT ( 'NONE', #851 ) ;
#1514 = CARTESIAN_POINT ( 'NONE',  ( -0.6241832101625730544, 1.438783826349672390, -0.6072239595493680309 ) ) ;
#1515 = CARTESIAN_POINT ( 'NONE',  ( -0.6242316032502090994, 1.426046841072850402, 0.6191951352035049982 ) ) ;
#1516 = DIRECTION ( 'NONE',  ( 0.000000000000000000, -1.000000000000000000, 0.000000000000000000 ) ) ;
#1517 = DIRECTION ( 'NONE',  ( 0.000000000000000000, -1.000000000000000000, 0.000000000000000000 ) ) ;
#1518 = VERTEX_POINT ( 'NONE', #163 ) ;
#1519 = DIRECTION ( 'NONE',  ( 1.000000000000000000, -0.000000000000000000, -0.000000000000000000 ) ) ;
#1520 = ADVANCED_FACE ( 'NONE', ( #1125 ), #1027, .T. ) ;
#1521 = ORIENTED_EDGE ( 'NONE', *, *, #1293, .T. ) ;
#1522 = SURFACE_STYLE_FILL_AREA ( #515 ) ;
#1523 = CARTESIAN_POINT ( 'NONE',  ( -0.6241100423321979118, 0.01618588884592413873, -0.6197602625186245939 ) ) ;
#1524 = DIRECTION ( 'NONE',  ( -0.000000000000000000, -1.000000000000000000, -0.000000000000000000 ) ) ;
#1525 = CARTESIAN_POINT ( 'NONE',  ( 0.9849999999999997646, 0.000000000000000000, 0.6000000000000000888 ) ) ;
#1526 = VERTEX_POINT ( 'NONE', #1548 ) ;
#1527 = PRODUCT_DEFINITION_FORMATION_WITH_SPECIFIED_SOURCE ( 'ANY', '', #1753, .NOT_KNOWN. ) ;
#1528 = CARTESIAN_POINT ( 'NONE',  ( -0.6050000000000003153, 0.7199999999999988631, -4.591774807899560578E-38 ) ) ;
#1529 = ADVANCED_FACE ( 'NONE', ( #290 ), #1715, .T. ) ;
#1530 = CARTESIAN_POINT ( 'NONE',  ( 0.6245856248240051478, 1.432507902578037617, -0.6156061646261407061 ) ) ;
#1531 = CARTESIAN_POINT ( 'NONE',  ( 0.6245193771296931873, 1.435602316955297830, 0.6125127018217879638 ) ) ;
#1532 = CARTESIAN_POINT ( 'NONE',  ( -0.6050000000000003153, 0.4877070430861162320, 0.2000569118077145658 ) ) ;
#1533 = EDGE_CURVE ( 'NONE', #777, #1768, #1425, .T. ) ;
#1534 = EDGE_CURVE ( 'NONE', #1784, #591, #10, .T. ) ;
#1535 = DIRECTION ( 'NONE',  ( 0.000000000000000000, 0.000000000000000000, -1.000000000000000000 ) ) ;
#1536 = ORIENTED_EDGE ( 'NONE', *, *, #737, .T. ) ;
#1537 = CARTESIAN_POINT ( 'NONE',  ( 0.6246510961073498125, 1.433696901665127532, 0.6145737738686939400 ) ) ;
#1538 = AXIS2_PLACEMENT_3D ( 'NONE', #1227, #395, #859 ) ;
#1539 = FACE_OUTER_BOUND ( 'NONE', #648, .T. ) ;
#1540 = DIRECTION ( 'NONE',  ( 0.000000000000000000, 1.000000000000000000, -0.000000000000000000 ) ) ;
#1541 = CARTESIAN_POINT ( 'NONE',  ( 0.6050000000000003153, 0.4877070430861162320, 0.2000569118077145658 ) ) ;
#1542 = VERTEX_POINT ( 'NONE', #302 ) ;
#1543 = DIRECTION ( 'NONE',  ( 0.000000000000000000, -0.000000000000000000, -1.000000000000000000 ) ) ;
#1544 = FACE_OUTER_BOUND ( 'NONE', #177, .T. ) ;
#1545 = DIRECTION ( 'NONE',  ( -1.000000000000000000, 0.000000000000000000, 0.000000000000000000 ) ) ;
#1546 = CARTESIAN_POINT ( 'NONE',  ( 0.6245610996909527479, 1.432063876511560752, 0.6161085434586842657 ) ) ;
#1547 = B_SPLINE_CURVE_WITH_KNOTS ( 'NONE', 3,
 ( #1789, #525, #814, #967 ),
 .UNSPECIFIED., .F., .F.,
 ( 4, 4 ),
 ( -2.277718445857438697E-05, 0.0009192734721023815671 ),
 .UNSPECIFIED. ) ;
#1548 = CARTESIAN_POINT ( 'NONE',  ( 0.6237292507710202605, 1.439999999999999947, 0.6000000000000000888 ) ) ;
#1549 = AXIS2_PLACEMENT_3D ( 'NONE', #904, #356, #1452 ) ;
#1550 = FACE_OUTER_BOUND ( 'NONE', #885, .T. ) ;
#1551 = ORIENTED_EDGE ( 'NONE', *, *, #364, .T. ) ;
#1552 = CARTESIAN_POINT ( 'NONE',  ( -1.004999999999999893, 1.439999999999999947, 0.6199999999999999956 ) ) ;
#1553 = EDGE_LOOP ( 'NONE', ( #1186, #716, #1831, #1364 ) ) ;
#1554 = COLOUR_RGB ( '',0.7921568627450980005, 0.8196078431372548767, 0.9333333333333333481 ) ;
#1555 = CARTESIAN_POINT ( 'NONE',  ( 13.57499999999993712, 0.7199999999999988631, -0.6199999999999999956 ) ) ;
#1556 = CARTESIAN_POINT ( 'NONE',  ( -0.6238470493928129912, 6.663103978428709065E-05, 0.6018827868036350504 ) ) ;
#1557 = CIRCLE ( 'NONE', #469, 0.02000000000000005246 ) ;
#1558 = FACE_OUTER_BOUND ( 'NONE', #1054, .T. ) ;
#1559 = CARTESIAN_POINT ( 'NONE',  ( -0.6050000000000013145, 0.7199999999999988631, 0.6199999999999999956 ) ) ;
#1560 = ORIENTED_EDGE ( 'NONE', *, *, #364, .F. ) ;
#1561 = AXIS2_PLACEMENT_3D ( 'NONE', #994, #258, #831 ) ;
#1562 = CARTESIAN_POINT ( 'NONE',  ( 0.000000000000000000, 1.439999999999999947, -0.6000000000000000888 ) ) ;
#1563 = EDGE_LOOP ( 'NONE', ( #223, #1021, #1779 ) ) ;
#1564 = VECTOR ( 'NONE', #1453, 1000.000000000000000 ) ;
#1565 = EDGE_CURVE ( 'NONE', #1031, #730, #1281, .T. ) ;
#1566 = ADVANCED_FACE ( 'NONE', ( #1558 ), #1444, .T. ) ;
#1567 = FACE_OUTER_BOUND ( 'NONE', #1358, .T. ) ;
#1568 = DIRECTION ( 'NONE',  ( 0.000000000000000000, 0.000000000000000000, 1.000000000000000000 ) ) ;
#1569 = AXIS2_PLACEMENT_3D ( 'NONE', #1666, #511, #1235 ) ;
#1570 = CARTESIAN_POINT ( 'NONE',  ( 0.6244555933594101438, 0.009856507485682173761, -0.6173818124968016852 ) ) ;
#1571 = AXIS2_PLACEMENT_3D ( 'NONE', #590, #445, #1020 ) ;
#1572 = CYLINDRICAL_SURFACE ( 'NONE', #622, 9.619999999999974349 ) ;
#1573 = ORIENTED_EDGE ( 'NONE', *, *, #353, .F. ) ;
#1574 = DIRECTION ( 'NONE',  ( -0.000000000000000000, -0.000000000000000000, -1.000000000000000000 ) ) ;
#1575 = EDGE_LOOP ( 'NONE', ( #950, #1808, #964, #580 ) ) ;
#1576 = DIRECTION ( 'NONE',  ( 0.000000000000000000, 0.000000000000000000, 1.000000000000000000 ) ) ;
#1577 = CARTESIAN_POINT ( 'NONE',  ( 1.004999999999999893, 1.419999999999999929, 0.6199999999999999956 ) ) ;
#1578 = CARTESIAN_POINT ( 'NONE',  ( -13.57499999999993712, 0.7199999999999988631, -0.5999999999999999778 ) ) ;
#1579 = CARTESIAN_POINT ( 'NONE',  ( -0.6050000000000003153, 0.7199999999999988631, -4.591774807899560578E-38 ) ) ;
#1580 = EDGE_LOOP ( 'NONE', ( #111, #1194, #201, #1057, #105, #1229, #1429, #1089, #1638, #378 ) ) ;
#1581 = CARTESIAN_POINT ( 'NONE',  ( 0.6240122133641300417, 0.0003876191417806102726, -0.6045146930444543765 ) ) ;
#1582 = ORIENTED_EDGE ( 'NONE', *, *, #1788, .F. ) ;
#1583 = SURFACE_STYLE_USAGE ( .BOTH. , #1121 ) ;
#1584 = B_SPLINE_CURVE_WITH_KNOTS ( 'NONE', 3,
 ( #1579, #1263, #1, #321 ),
 .UNSPECIFIED., .F., .F.,
 ( 4, 4 ),
 ( -2.277718445857438697E-05, 0.0008969210579906642051 ),
 .UNSPECIFIED. ) ;
#1585 = DIRECTION ( 'NONE',  ( -2.488480662004158202E-14, 0.000000000000000000, -1.000000000000000000 ) ) ;
#1586 =( GEOMETRIC_REPRESENTATION_CONTEXT ( 3 ) GLOBAL_UNCERTAINTY_ASSIGNED_CONTEXT ( ( #446 ) ) GLOBAL_UNIT_ASSIGNED_CONTEXT ( ( #768, #621, #1175 ) ) REPRESENTATION_CONTEXT ( 'NONE', 'WORKASPACE' ) );
#1587 = VECTOR ( 'NONE', #1750, 1000.000000000000000 ) ;
#1588 = CARTESIAN_POINT ( 'NONE',  ( 0.9849999999999997646, 1.419999999999999929, 0.6000000000000000888 ) ) ;
#1589 = ADVANCED_FACE ( 'NONE', ( #1724 ), #18, .T. ) ;
#1590 = DIRECTION ( 'NONE',  ( -0.000000000000000000, -0.000000000000000000, -1.000000000000000000 ) ) ;
#1591 = EDGE_CURVE ( 'NONE', #840, #167, #1623, .T. ) ;
#1592 = CARTESIAN_POINT ( 'NONE',  ( 0.6246100715387365998, 0.005621220293167985237, -0.6139329229422981760 ) ) ;
#1593 = ORIENTED_EDGE ( 'NONE', *, *, #889, .T. ) ;
#1594 = CARTESIAN_POINT ( 'NONE',  ( 0.9849999999999997646, 1.419999999999999929, -0.6000000000000000888 ) ) ;
#1595 = CARTESIAN_POINT ( 'NONE',  ( -0.6240246476833928302, 0.01775897260051437915, 0.6199999999999999956 ) ) ;
#1596 = SURFACE_STYLE_USAGE ( .BOTH. , #1762 ) ;
#1597 = CYLINDRICAL_SURFACE ( 'NONE', #1331, 0.02000000000000005246 ) ;
#1598 = EDGE_CURVE ( 'NONE', #1351, #1417, #856, .T. ) ;
#1599 = DIRECTION ( 'NONE',  ( 0.000000000000000000, 0.000000000000000000, 1.000000000000000000 ) ) ;
#1600 = EDGE_CURVE ( 'NONE', #224, #520, #683, .T. ) ;
#1601 = EDGE_LOOP ( 'NONE', ( #53, #1496, #100, #847 ) ) ;
#1602 =( GEOMETRIC_REPRESENTATION_CONTEXT ( 3 ) GLOBAL_UNCERTAINTY_ASSIGNED_CONTEXT ( ( #865 ) ) GLOBAL_UNIT_ASSIGNED_CONTEXT ( ( #1819, #546, #508 ) ) REPRESENTATION_CONTEXT ( 'NONE', 'WORKASPACE' ) );
#1603 = AXIS2_PLACEMENT_3D ( 'NONE', #1578, #1271, #711 ) ;
#1604 = AXIS2_PLACEMENT_3D ( 'NONE', #462, #1467, #1169 ) ;
#1605 = DIRECTION ( 'NONE',  ( -1.000000000000000000, 0.000000000000000000, 0.000000000000000000 ) ) ;
#1606 = CIRCLE ( 'NONE', #819, 12.96999999999993669 ) ;
#1607 = ORIENTED_EDGE ( 'NONE', *, *, #1207, .F. ) ;
#1608 =( NAMED_UNIT ( * ) PLANE_ANGLE_UNIT ( ) SI_UNIT ( $, .RADIAN. ) );
#1609 = CARTESIAN_POINT ( 'NONE',  ( -0.6246510961073509227, 0.006303098334870024973, 0.6145737738686921636 ) ) ;
#1610 = DIRECTION ( 'NONE',  ( 0.000000000000000000, 0.000000000000000000, -1.000000000000000000 ) ) ;
#1611 = DIRECTION ( 'NONE',  ( -1.000000000000000000, 0.000000000000000000, 0.000000000000000000 ) ) ;
#1612 = DIRECTION ( 'NONE',  ( 0.000000000000000000, 1.000000000000000000, 0.000000000000000000 ) ) ;
#1613 = ORIENTED_EDGE ( 'NONE', *, *, #832, .T. ) ;
#1614 = CARTESIAN_POINT ( 'NONE',  ( 0.6242634413637425661, 0.01337238321567548426, 0.6188699416261678188 ) ) ;
#1615 = CIRCLE ( 'NONE', #1287, 12.96999999999993669 ) ;
#1616 = CARTESIAN_POINT ( 'NONE',  ( -0.6115447805915245061, 1.195876955440825284, -0.4098380575943305071 ) ) ;
#1617 = DIRECTION ( 'NONE',  ( -0.000000000000000000, -1.000000000000000000, -0.000000000000000000 ) ) ;
#1618 = CARTESIAN_POINT ( 'NONE',  ( 0.6244355458917367763, 1.436720213698832849, -0.6112005660875672319 ) ) ;
#1619 = AXIS2_PLACEMENT_3D ( 'NONE', #679, #131, #117 ) ;
#1620 = ORIENTED_EDGE ( 'NONE', *, *, #1008, .T. ) ;
#1621 = ORIENTED_EDGE ( 'NONE', *, *, #1254, .T. ) ;
#1622 = ORIENTED_EDGE ( 'NONE', *, *, #1399, .T. ) ;
#1623 = B_SPLINE_CURVE_WITH_KNOTS ( 'NONE', 3,
 ( #1151, #1015, #1570, #40, #603, #312, #883, #1161, #1435, #1734 ),
 .UNSPECIFIED., .F., .F.,
 ( 4, 3, 3, 4 ),
 ( 7.877406409464993153E-20, 6.728558078336459291E-06, 1.345674316953790706E-05, 1.502063486816446720E-05 ),
 .UNSPECIFIED. ) ;
#1624 = EDGE_CURVE ( 'NONE', #121, #520, #257, .T. ) ;
#1625 = ORIENTED_EDGE ( 'NONE', *, *, #1307, .F. ) ;
#1626 = CARTESIAN_POINT ( 'NONE',  ( -0.6242634413637424551, 1.426627616784324371, -0.6188699416261678188 ) ) ;
#1627 = DIRECTION ( 'NONE',  ( -0.000000000000000000, 0.000000000000000000, 1.000000000000000000 ) ) ;
#1628 = CARTESIAN_POINT ( 'NONE',  ( 0.6246510961073512558, 1.433696901665133749, -0.6145737738686855023 ) ) ;
#1629 = ORIENTED_EDGE ( 'NONE', *, *, #1075, .T. ) ;
#1630 = EDGE_LOOP ( 'NONE', ( #1511, #1113, #231, #141, #144 ) ) ;
#1631 = ORIENTED_EDGE ( 'NONE', *, *, #1026, .F. ) ;
#1632 = AXIS2_PLACEMENT_3D ( 'NONE', #844, #1516, #1369 ) ;
#1633 = ADVANCED_FACE ( 'NONE', ( #501 ), #57, .F. ) ;
#1634 = SPHERICAL_SURFACE ( 'NONE', #1832, 0.02000000000000000042 ) ;
#1635 = DIRECTION ( 'NONE',  ( 0.000000000000000000, 1.000000000000000000, 0.000000000000000000 ) ) ;
#1636 = CARTESIAN_POINT ( 'NONE',  ( 1.004999999999999893, 0.000000000000000000, 0.6000000000000000888 ) ) ;
#1637 = LINE ( 'NONE', #52, #1587 ) ;
#1638 = ORIENTED_EDGE ( 'NONE', *, *, #1024, .T. ) ;
#1639 = ORIENTED_EDGE ( 'NONE', *, *, #635, .T. ) ;
#1640 = AXIS2_PLACEMENT_3D ( 'NONE', #585, #1143, #443 ) ;
#1641 = FACE_OUTER_BOUND ( 'NONE', #2, .T. ) ;
#1642 = CARTESIAN_POINT ( 'NONE',  ( -0.6243435963873953387, 1.428095131725165556, 0.6182884893726747766 ) ) ;
#1643 = AXIS2_PLACEMENT_3D ( 'NONE', #849, #1576, #1410 ) ;
#1644 = DIRECTION ( 'NONE',  ( -0.000000000000000000, -1.000000000000000000, 0.000000000000000000 ) ) ;
#1645 = ADVANCED_FACE ( 'NONE', ( #939 ), #1342, .F. ) ;
#1646 = CARTESIAN_POINT ( 'NONE',  ( -0.6237292507710219258, 0.02000000000000005246, 0.5999999999999997558 ) ) ;
#1647 = ORIENTED_EDGE ( 'NONE', *, *, #757, .F. ) ;
#1648 = EDGE_LOOP ( 'NONE', ( #1689, #1204, #1650, #488, #447 ) ) ;
#1649 = CARTESIAN_POINT ( 'NONE',  ( 1.004999999999999893, 1.439999999999999947, 0.6000000000000000888 ) ) ;
#1650 = ORIENTED_EDGE ( 'NONE', *, *, #1293, .F. ) ;
#1651 = AXIS2_PLACEMENT_3D ( 'NONE', #253, #826, #1813 ) ;
#1652 = AXIS2_PLACEMENT_3D ( 'NONE', #1552, #1670, #399 ) ;
#1653 = CARTESIAN_POINT ( 'NONE',  ( -0.6050000000000003153, 0.4820613778792913195, -0.2049191097898788727 ) ) ;
#1654 = CARTESIAN_POINT ( 'NONE',  ( -1.004999999999999893, 1.439999999999999947, -0.5999999999999999778 ) ) ;
#1655 = CIRCLE ( 'NONE', #1098, 9.619999999999974349 ) ;
#1656 = MANIFOLD_SOLID_BREP ( 'Fillet3', #861 ) ;
#1657 = EDGE_CURVE ( 'NONE', #616, #224, #81, .T. ) ;
#1658 = CARTESIAN_POINT ( 'NONE',  ( 0.6244355458917382196, 0.003279786301171286507, 0.6112005660875735602 ) ) ;
#1659 = ADVANCED_FACE ( 'NONE', ( #1743 ), #1465, .F. ) ;
#1660 = CARTESIAN_POINT ( 'NONE',  ( -0.9849999999999997646, 0.02000000000000005246, 0.6000000000000000888 ) ) ;
#1661 = VECTOR ( 'NONE', #1612, 1000.000000000000000 ) ;
#1662 = ORIENTED_EDGE ( 'NONE', *, *, #1022, .F. ) ;
#1663 = AXIS2_PLACEMENT_3D ( 'NONE', #281, #182, #565 ) ;
#1664 = CARTESIAN_POINT ( 'NONE',  ( -0.6244077110550507737, 0.002994025626380392418, -0.6107624556919571956 ) ) ;
#1665 = FACE_OUTER_BOUND ( 'NONE', #1553, .T. ) ;
#1666 = CARTESIAN_POINT ( 'NONE',  ( 1.004999999999999893, 1.439999999999999947, 0.6199999999999999956 ) ) ;
#1667 = ADVANCED_FACE ( 'NONE', ( #191 ), #1188, .F. ) ;
#1668 = CARTESIAN_POINT ( 'NONE',  ( 0.6246510961073509227, 0.006303098334870024973, 0.6145737738686921636 ) ) ;
#1669 = ORIENTED_EDGE ( 'NONE', *, *, #230, .T. ) ;
#1670 = DIRECTION ( 'NONE',  ( 0.000000000000000000, 0.000000000000000000, -1.000000000000000000 ) ) ;
#1671 = EDGE_CURVE ( 'NONE', #560, #235, #626, .T. ) ;
#1672 = EDGE_CURVE ( 'NONE', #762, #213, #1474, .T. ) ;
#1673 = CARTESIAN_POINT ( 'NONE',  ( -0.6238470493928134353, 1.439933368960215843, -0.6018827868036300544 ) ) ;
#1674 = DIRECTION ( 'NONE',  ( 0.000000000000000000, 0.000000000000000000, -1.000000000000000000 ) ) ;
#1675 = EDGE_CURVE ( 'NONE', #235, #591, #581, .T. ) ;
#1676 = LINE ( 'NONE', #1654, #37 ) ;
#1677 = B_SPLINE_CURVE_WITH_KNOTS ( 'NONE', 3,
 ( #1006, #874, #991, #1028 ),
 .UNSPECIFIED., .F., .F.,
 ( 4, 4 ),
 ( -2.277718445857433276E-05, 0.0009192734721023801577 ),
 .UNSPECIFIED. ) ;
#1678 = B_SPLINE_CURVE_WITH_KNOTS ( 'NONE', 3,
 ( #433, #170, #130, #319, #1004, #1270, #735, #1556, #850, #989 ),
 .UNSPECIFIED., .F., .F.,
 ( 4, 3, 3, 4 ),
 ( 0.000000000000000000, 6.731069968851455442E-06, 1.346158963403620249E-05, 1.625463472156533630E-05 ),
 .UNSPECIFIED. ) ;
#1679 = FACE_OUTER_BOUND ( 'NONE', #1601, .T. ) ;
#1680 = EDGE_LOOP ( 'NONE', ( #14, #1156, #1373, #1340 ) ) ;
#1681 =( GEOMETRIC_REPRESENTATION_CONTEXT ( 3 ) GLOBAL_UNCERTAINTY_ASSIGNED_CONTEXT ( ( #156 ) ) GLOBAL_UNIT_ASSIGNED_CONTEXT ( ( #1778, #1608, #498 ) ) REPRESENTATION_CONTEXT ( 'NONE', 'WORKASPACE' ) );
#1682 = DIRECTION ( 'NONE',  ( 0.000000000000000000, -1.000000000000000000, 0.000000000000000000 ) ) ;
#1683 = AXIS2_PLACEMENT_3D ( 'NONE', #140, #1688, #1282 ) ;
#1684 = AXIS2_PLACEMENT_3D ( 'NONE', #1501, #1251, #1830 ) ;
#1685 = CARTESIAN_POINT ( 'NONE',  ( 13.57499999999993712, 0.7199999999999988631, -0.5999999999999999778 ) ) ;
#1686 = CARTESIAN_POINT ( 'NONE',  ( -0.6245659384841991679, 1.435017034532960922, 0.6132425011882014498 ) ) ;
#1687 = DIRECTION ( 'NONE',  ( 1.000000000000000000, -0.000000000000000000, -0.000000000000000000 ) ) ;
#1688 = DIRECTION ( 'NONE',  ( 0.000000000000000000, -1.000000000000000000, 0.000000000000000000 ) ) ;
#1689 = ORIENTED_EDGE ( 'NONE', *, *, #370, .T. ) ;
#1690 = PLANE ( 'NONE',  #63 ) ;
#1691 = MANIFOLD_SOLID_BREP ( 'Combine1', #88 ) ;
#1692 = STYLED_ITEM ( 'NONE', ( #374 ), #1691 ) ;
#1693 = CIRCLE ( 'NONE', #449, 0.02000000000000005246 ) ;
#1694 = CARTESIAN_POINT ( 'NONE',  ( -0.9849999999999997646, 0.02000000000000005246, 0.6199999999999999956 ) ) ;
#1695 = CARTESIAN_POINT ( 'NONE',  ( 0.6237292507710219258, -1.240161279834199215, -0.5999999999999997558 ) ) ;
#1696 = CARTESIAN_POINT ( 'NONE',  ( 0.9849999999999997646, 1.419999999999999929, 0.6199999999999999956 ) ) ;
#1697 = DIRECTION ( 'NONE',  ( 0.000000000000000000, -0.000000000000000000, -1.000000000000000000 ) ) ;
#1698 = CARTESIAN_POINT ( 'NONE',  ( 0.6237292507710219258, 1.419999999999999929, -0.5999999999999997558 ) ) ;
#1699 = ORIENTED_EDGE ( 'NONE', *, *, #612, .F. ) ;
#1700 = LINE ( 'NONE', #972, #782 ) ;
#1701 = ORIENTED_EDGE ( 'NONE', *, *, #1671, .T. ) ;
#1702 = LINE ( 'NONE', #1441, #1327 ) ;
#1703 = CARTESIAN_POINT ( 'NONE',  ( 0.6244555933594105879, 1.430143492514315051, 0.6173818124968032395 ) ) ;
#1704 = CARTESIAN_POINT ( 'NONE',  ( -0.6237292507710219258, -1.240161279834199215, -0.5999999999999997558 ) ) ;
#1705 = COLOUR_RGB ( '',0.7921568627450980005, 0.8196078431372548767, 0.9333333333333333481 ) ;
#1706 = LINE ( 'NONE', #12, #1413 ) ;
#1707 = EDGE_CURVE ( 'NONE', #213, #478, #142, .T. ) ;
#1708 = ORIENTED_EDGE ( 'NONE', *, *, #1385, .F. ) ;
#1709 = CARTESIAN_POINT ( 'NONE',  ( 10.22499999999997300, 1.439999999999999947, 0.000000000000000000 ) ) ;
#1710 = ORIENTED_EDGE ( 'NONE', *, *, #1657, .T. ) ;
#1711 = PRESENTATION_LAYER_ASSIGNMENT (  '', '', ( #1061 ) ) ;
#1712 = CIRCLE ( 'NONE', #1619, 0.02000000000000005246 ) ;
#1713 = CARTESIAN_POINT ( 'NONE',  ( -0.6237292507710193723, 0.02323176007672957816, 0.5999999999999998668 ) ) ;
#1714 = CARTESIAN_POINT ( 'NONE',  ( 0.6241100423321983559, 1.423814111154072526, 0.6197602625186253711 ) ) ;
#1715 = SPHERICAL_SURFACE ( 'NONE', #309, 0.02000000000000000042 ) ;
#1716 = DIRECTION ( 'NONE',  ( 1.000000000000000000, 0.000000000000000000, 0.000000000000000000 ) ) ;
#1717 = ORIENTED_EDGE ( 'NONE', *, *, #771, .T. ) ;
#1718 = DIRECTION ( 'NONE',  ( 0.000000000000000000, 0.000000000000000000, 1.000000000000000000 ) ) ;
#1719 = EDGE_CURVE ( 'NONE', #752, #75, #1456, .T. ) ;
#1720 = ORIENTED_EDGE ( 'NONE', *, *, #342, .T. ) ;
#1721 = DIRECTION ( 'NONE',  ( 0.000000000000000000, -0.000000000000000000, 1.000000000000000000 ) ) ;
#1722 = DIRECTION ( 'NONE',  ( 0.000000000000000000, 0.000000000000000000, 1.000000000000000000 ) ) ;
#1723 = VECTOR ( 'NONE', #194, 1000.000000000000000 ) ;
#1724 = FACE_OUTER_BOUND ( 'NONE', #778, .T. ) ;
#1725 = CARTESIAN_POINT ( 'NONE',  ( -0.6249999999999998890, 0.02000000000000005246, 0.6199999999999999956 ) ) ;
#1726 = ADVANCED_FACE ( 'NONE', ( #1109 ), #1634, .T. ) ;
#1727 = ORIENTED_EDGE ( 'NONE', *, *, #980, .F. ) ;
#1728 = CARTESIAN_POINT ( 'NONE',  ( -1.004999999999999893, 0.02000000000000005246, -0.6000000000000000888 ) ) ;
#1729 = VERTEX_POINT ( 'NONE', #666 ) ;
#1730 = CARTESIAN_POINT ( 'NONE',  ( -0.9849999999999997646, 0.02000000000000005246, -0.6000000000000000888 ) ) ;
#1731 = SURFACE_STYLE_USAGE ( .BOTH. , #1159 ) ;
#1732 = ADVANCED_FACE ( 'NONE', ( #1641 ), #96, .T. ) ;
#1733 = EDGE_CURVE ( 'NONE', #224, #1439, #474, .T. ) ;
#1734 = CARTESIAN_POINT ( 'NONE',  ( 0.6239035213229937593, 0.02000000000000005246, -0.6199999999999999956 ) ) ;
#1735 = FACE_OUTER_BOUND ( 'NONE', #1000, .T. ) ;
#1736 = ORIENTED_EDGE ( 'NONE', *, *, #1075, .F. ) ;
#1737 = CARTESIAN_POINT ( 'NONE',  ( 0.9849999999999997646, 0.000000000000000000, 0.6000000000000000888 ) ) ;
#1738 = VERTEX_POINT ( 'NONE', #1218 ) ;
#1739 = CARTESIAN_POINT ( 'NONE',  ( 0.6239035213229937593, 1.419999999999999929, -0.6199999999999999956 ) ) ;
#1740 = PRESENTATION_LAYER_ASSIGNMENT (  '', '', ( #617 ) ) ;
#1741 = EDGE_CURVE ( 'NONE', #520, #919, #1547, .T. ) ;
#1742 = LINE ( 'NONE', #1649, #949 ) ;
#1743 = FACE_OUTER_BOUND ( 'NONE', #787, .T. ) ;
#1744 = DIRECTION ( 'NONE',  ( 0.000000000000000000, 0.000000000000000000, -1.000000000000000000 ) ) ;
#1745 = VECTOR ( 'NONE', #1127, 1000.000000000000000 ) ;
#1746 = CARTESIAN_POINT ( 'NONE',  ( 0.9849999999999997646, 1.419999999999999929, -0.6000000000000000888 ) ) ;
#1747 = VERTEX_POINT ( 'NONE', #825 ) ;
#1748 = VECTOR ( 'NONE', #1249, 1000.000000000000000 ) ;
#1749 = DIRECTION ( 'NONE',  ( 0.000000000000000000, 0.000000000000000000, 1.000000000000000000 ) ) ;
#1750 = DIRECTION ( 'NONE',  ( -0.000000000000000000, 1.000000000000000000, -0.000000000000000000 ) ) ;
#1751 = AXIS2_PLACEMENT_3D ( 'NONE', #707, #1239, #1406 ) ;
#1752 = DIRECTION ( 'NONE',  ( -1.000000000000000000, -0.000000000000000000, -0.000000000000000000 ) ) ;
#1753 = PRODUCT ( '100R07X105KV4T', '100R07X105KV4T', '', ( #1195 ) ) ;
#1754 = CARTESIAN_POINT ( 'NONE',  ( -0.6245856248240051478, 1.432507902578037617, -0.6156061646261407061 ) ) ;
#1755 = CARTESIAN_POINT ( 'NONE',  ( -0.6243435963873948946, 0.01190486827483132337, -0.6182884893726735553 ) ) ;
#1756 = CYLINDRICAL_SURFACE ( 'NONE', #1604, 0.02000000000000005246 ) ;
#1757 = ORIENTED_EDGE ( 'NONE', *, *, #26, .F. ) ;
#1758 = AXIS2_PLACEMENT_3D ( 'NONE', #1224, #402, #1084 ) ;
#1759 = ORIENTED_EDGE ( 'NONE', *, *, #1024, .F. ) ;
#1760 = EDGE_LOOP ( 'NONE', ( #465, #1283, #867 ) ) ;
#1761 = DIRECTION ( 'NONE',  ( -1.000000000000000000, 0.000000000000000000, 0.000000000000000000 ) ) ;
#1762 = SURFACE_SIDE_STYLE ('',( #218 ) ) ;
#1763 = DIRECTION ( 'NONE',  ( -1.000000000000000000, 0.000000000000000000, 0.000000000000000000 ) ) ;
#1764 = CARTESIAN_POINT ( 'NONE',  ( -0.6237292507710219258, -1.240161279834199215, 0.5999999999999997558 ) ) ;
#1765 = ORIENTED_EDGE ( 'NONE', *, *, #1350, .T. ) ;
#1766 = ADVANCED_FACE ( 'NONE', ( #113 ), #555, .T. ) ;
#1767 = EDGE_LOOP ( 'NONE', ( #697, #1460, #794, #674, #1202 ) ) ;
#1768 = VERTEX_POINT ( 'NONE', #842 ) ;
#1769 = EDGE_LOOP ( 'NONE', ( #863, #60, #853, #1560, #1736 ) ) ;
#1770 =( NAMED_UNIT ( * ) SI_UNIT ( $, .STERADIAN. ) SOLID_ANGLE_UNIT ( ) );
#1771 = CIRCLE ( 'NONE', #740, 0.02000000000000005246 ) ;
#1772 = CARTESIAN_POINT ( 'NONE',  ( -0.6241480581618866763, 1.424512928064223027, -0.6196126755854255430 ) ) ;
#1773 = FACE_OUTER_BOUND ( 'NONE', #1308, .T. ) ;
#1774 = DIRECTION ( 'NONE',  ( 0.000000000000000000, 0.000000000000000000, -1.000000000000000000 ) ) ;
#1775 = EDGE_LOOP ( 'NONE', ( #748, #811, #1002, #1701 ) ) ;
#1776 = EDGE_LOOP ( 'NONE', ( #259, #1231, #341, #907 ) ) ;
#1777 = ADVANCED_FACE ( 'NONE', ( #1544 ), #1115, .T. ) ;
#1778 =( LENGTH_UNIT ( ) NAMED_UNIT ( * ) SI_UNIT ( .MILLI., .METRE. ) );
#1779 = ORIENTED_EDGE ( 'NONE', *, *, #1800, .F. ) ;
#1780 = CARTESIAN_POINT ( 'NONE',  ( -0.6241458817351931421, 0.001130965936330553291, -0.6066302002024791529 ) ) ;
#1781 = DIRECTION ( 'NONE',  ( -1.000000000000000000, 0.000000000000000000, 0.000000000000000000 ) ) ;
#1782 = DIRECTION ( 'NONE',  ( 1.000000000000000000, -0.000000000000000000, -0.000000000000000000 ) ) ;
#1783 = CARTESIAN_POINT ( 'NONE',  ( -0.6050000000000013145, 0.7199999999999988631, 0.6199999999999999956 ) ) ;
#1784 = VERTEX_POINT ( 'NONE', #755 ) ;
#1785 = ORIENTED_EDGE ( 'NONE', *, *, #828, .F. ) ;
#1786 = VECTOR ( 'NONE', #1067, 1000.000000000000000 ) ;
#1787 = ORIENTED_EDGE ( 'NONE', *, *, #767, .T. ) ;
#1788 = EDGE_CURVE ( 'NONE', #1542, #44, #888, .T. ) ;
#1789 = CARTESIAN_POINT ( 'NONE',  ( -0.6050000000000003153, 0.7199999999999988631, 4.591774807899560578E-38 ) ) ;
#1790 = CARTESIAN_POINT ( 'NONE',  ( -0.6246510961073498125, 1.433696901665127532, 0.6145737738686939400 ) ) ;
#1791 = DIRECTION ( 'NONE',  ( 1.000000000000000000, 0.000000000000000000, -0.000000000000000000 ) ) ;
#1792 = EDGE_CURVE ( 'NONE', #591, #523, #116, .T. ) ;
#1793 = B_SPLINE_CURVE_WITH_KNOTS ( 'NONE', 3,
 ( #1110, #1653, #1499, #1368 ),
 .UNSPECIFIED., .F., .F.,
 ( 4, 4 ),
 ( -2.277718445857433276E-05, 0.0009192734721023801577 ),
 .UNSPECIFIED. ) ;
#1794 = DIRECTION ( 'NONE',  ( 0.000000000000000000, 1.000000000000000000, 0.000000000000000000 ) ) ;
#1795 = ORIENTED_EDGE ( 'NONE', *, *, #69, .T. ) ;
#1796 = VERTEX_POINT ( 'NONE', #1309 ) ;
#1797 = EDGE_CURVE ( 'NONE', #101, #992, #1771, .T. ) ;
#1798 = CARTESIAN_POINT ( 'NONE',  ( -0.6244355458917367763, 1.436720213698832849, -0.6112005660875672319 ) ) ;
#1799 = DIRECTION ( 'NONE',  ( 1.000000000000000000, 2.575502616366889251E-14, 0.000000000000000000 ) ) ;
#1800 = EDGE_CURVE ( 'NONE', #1738, #764, #1289, .T. ) ;
#1801 = CARTESIAN_POINT ( 'NONE',  ( -0.6050000000000003153, 0.7199999999999988631, -4.591774807899560578E-38 ) ) ;
#1802 = CARTESIAN_POINT ( 'NONE',  ( 0.6239035213229937593, 0.02000000000000005246, -0.6199999999999999956 ) ) ;
#1803 = ORIENTED_EDGE ( 'NONE', *, *, #26, .T. ) ;
#1804 = B_SPLINE_CURVE_WITH_KNOTS ( 'NONE', 3,
 ( #1628, #906, #1618, #494, #1345, #761, #358, #369, #1037, #629 ),
 .UNSPECIFIED., .F., .F.,
 ( 4, 3, 3, 4 ),
 ( 0.000000000000000000, 6.731069968851083595E-06, 1.346158963403546388E-05, 1.625463472155716413E-05 ),
 .UNSPECIFIED. ) ;
#1805 = ADVANCED_FACE ( 'NONE', ( #1408 ), #608, .T. ) ;
#1806 = CARTESIAN_POINT ( 'NONE',  ( 0.000000000000000000, 0.000000000000000000, 0.000000000000000000 ) ) ;
#1807 = VECTOR ( 'NONE', #1436, 1000.000000000000000 ) ;
#1808 = ORIENTED_EDGE ( 'NONE', *, *, #1374, .F. ) ;
#1809 = AXIS2_PLACEMENT_3D ( 'NONE', #790, #1617, #1343 ) ;
#1810 = ADVANCED_FACE ( 'NONE', ( #717 ), #1248, .T. ) ;
#1811 = AXIS2_PLACEMENT_3D ( 'NONE', #965, #250, #1050 ) ;
#1812 = CARTESIAN_POINT ( 'NONE',  ( -0.6246100715387365998, 0.005621220293167985237, -0.6139329229422981760 ) ) ;
#1813 = DIRECTION ( 'NONE',  ( 0.000000000000000000, 0.000000000000000000, -1.000000000000000000 ) ) ;
#1814 = FACE_OUTER_BOUND ( 'NONE', #1775, .T. ) ;
#1815 = VECTOR ( 'NONE', #1209, 1000.000000000000000 ) ;
#1816 = DIRECTION ( 'NONE',  ( 0.000000000000000000, -1.000000000000000000, 0.000000000000000000 ) ) ;
#1817 = VERTEX_POINT ( 'NONE', #1694 ) ;
#1818 = DIRECTION ( 'NONE',  ( 1.000000000000000000, -0.000000000000000000, -0.000000000000000000 ) ) ;
#1819 =( LENGTH_UNIT ( ) NAMED_UNIT ( * ) SI_UNIT ( .MILLI., .METRE. ) );
#1820 = CARTESIAN_POINT ( 'NONE',  ( -0.6239320387894065068, 0.01947238220164093647, -0.6200000000000001066 ) ) ;
#1821 = CARTESIAN_POINT ( 'NONE',  ( -0.6246510961073509227, 0.006303098334870358907, -0.6145737738686918306 ) ) ;
#1822 = DIRECTION ( 'NONE',  ( 1.000000000000000000, 0.000000000000000000, 0.000000000000000000 ) ) ;
#1823 = ORIENTED_EDGE ( 'NONE', *, *, #417, .T. ) ;
#1824 = CARTESIAN_POINT ( 'NONE',  ( 0.6237292507710219258, 0.02000000000000005246, 0.5999999999999997558 ) ) ;
#1825 = ADVANCED_BREP_SHAPE_REPRESENTATION ( '100R07X105KV4T', ( #1072, #1656, #1691, #895 ), #1586 ) ;
#1826 = CARTESIAN_POINT ( 'NONE',  ( 0.6246081574890162136, 1.432917452209437670, -0.6152779221006297039 ) ) ;
#1827 = CARTESIAN_POINT ( 'NONE',  ( -2.848908891458576509, 1.419999999999999929, 0.5999999999999999778 ) ) ;
#1828 = CYLINDRICAL_SURFACE ( 'NONE', #756, 12.96999999999993669 ) ;
#1829 = AXIS2_PLACEMENT_3D ( 'NONE', #709, #1259, #744 ) ;
#1830 = DIRECTION ( 'NONE',  ( 0.000000000000000000, 0.000000000000000000, -1.000000000000000000 ) ) ;
#1831 = ORIENTED_EDGE ( 'NONE', *, *, #676, .F. ) ;
#1832 = AXIS2_PLACEMENT_3D ( 'NONE', #252, #1359, #261 ) ;
#1833 = CARTESIAN_POINT ( 'NONE',  ( -2.848908891458576509, 0.02000000000000000042, -0.5999999999999999778 ) ) ;
#1834 = FILL_AREA_STYLE_COLOUR ( '', #1554 ) ;
#1835 = DIRECTION ( 'NONE',  ( 0.000000000000000000, 0.000000000000000000, 1.000000000000000000 ) ) ;
#1836 = LINE ( 'NONE', #434, #160 ) ;
ENDSEC;
END-ISO-10303-21;
