ISO-10303-21;
HEADER;
FILE_DESCRIPTION (( 'STEP AP214' ),
    '1' );
FILE_NAME ('0.60.30.330.1.STEP',
    '2024-08-12T13:38:18',
    ( 'LENOVO' ),
    ( '' ),
    'SwSTEP 2.0',
    'SolidWorks 2021',
    '' );
FILE_SCHEMA (( 'AUTOMOTIVE_DESIGN' ));
ENDSEC;

DATA;
#1 = ADVANCED_FACE ( 'NONE', ( #642 ), #56, .F. ) ;
#2 = EDGE_LOOP ( 'NONE', ( #989, #600, #38, #1094 ) ) ;
#3 = FILL_AREA_STYLE ('',( #451 ) ) ;
#4 = DIRECTION ( 'NONE',  ( -1.000000000000000000, 0.000000000000000000, 0.000000000000000000 ) ) ;
#5 = CARTESIAN_POINT ( 'NONE',  ( -0.1999999999999999278, 0.000000000000000000, -0.1499999999999999389 ) ) ;
#6 = CARTESIAN_POINT ( 'NONE',  ( 0.2000000000066393113, 0.3150000000000000022, 0.1449999999999998790 ) ) ;
#7 = ORIENTED_EDGE ( 'NONE', *, *, #484, .T. ) ;
#8 =( GEOMETRIC_REPRESENTATION_CONTEXT ( 3 ) GLOBAL_UNCERTAINTY_ASSIGNED_CONTEXT ( ( #853 ) ) GLOBAL_UNIT_ASSIGNED_CONTEXT ( ( #398, #485, #542 ) ) REPRESENTATION_CONTEXT ( 'NONE', 'WORKASPACE' ) );
#9 = DIRECTION ( 'NONE',  ( 1.000000000000000000, 0.000000000000000000, 0.000000000000000000 ) ) ;
#10 = ORIENTED_EDGE ( 'NONE', *, *, #767, .T. ) ;
#11 = PLANE ( 'NONE',  #917 ) ;
#12 = CARTESIAN_POINT ( 'NONE',  ( -0.2849999999999999201, 0.000000000000000000, 0.1349999999999999811 ) ) ;
#13 = ORIENTED_EDGE ( 'NONE', *, *, #256, .T. ) ;
#14 = UNCERTAINTY_MEASURE_WITH_UNIT (LENGTH_MEASURE( 1.000000000000000082E-05 ), #541, 'distance_accuracy_value', 'NONE');
#15 = ORIENTED_EDGE ( 'NONE', *, *, #217, .F. ) ;
#16 = ORIENTED_EDGE ( 'NONE', *, *, #936, .F. ) ;
#17 = PRESENTATION_LAYER_ASSIGNMENT (  '', '', ( #855 ) ) ;
#18 = CARTESIAN_POINT ( 'NONE',  ( 0.2999999999999999889, 0.3300000000000000155, -0.1349999999999999256 ) ) ;
#19 = ORIENTED_EDGE ( 'NONE', *, *, #415, .T. ) ;
#20 = ORIENTED_EDGE ( 'NONE', *, *, #1282, .F. ) ;
#21 = PRODUCT_CONTEXT ( 'NONE', #1267, 'mechanical' ) ;
#22 = CARTESIAN_POINT ( 'NONE',  ( 500000.0000000000582, 0.3250000000000000111, -0.1350000000433680403 ) ) ;
#23 = PLANE ( 'NONE',  #811 ) ;
#24 = EDGE_CURVE ( 'NONE', #103, #205, #1108, .T. ) ;
#25 = ORIENTED_EDGE ( 'NONE', *, *, #770, .T. ) ;
#26 = AXIS2_PLACEMENT_3D ( 'NONE', #899, #1269, #1363 ) ;
#27 = CARTESIAN_POINT ( 'NONE',  ( 0.1999999999999999278, 0.3150000000000000022, 0.1349999999999999811 ) ) ;
#28 = ORIENTED_EDGE ( 'NONE', *, *, #434, .T. ) ;
#29 = DIRECTION ( 'NONE',  ( 0.000000000000000000, -1.000000000000000000, 0.000000000000000000 ) ) ;
#30 = DIRECTION ( 'NONE',  ( -0.000000000000000000, 0.000000000000000000, 1.000000000000000000 ) ) ;
#31 = EDGE_CURVE ( 'NONE', #160, #580, #618, .T. ) ;
#32 = ORIENTED_EDGE ( 'NONE', *, *, #787, .F. ) ;
#33 =( NAMED_UNIT ( * ) PLANE_ANGLE_UNIT ( ) SI_UNIT ( $, .RADIAN. ) );
#34 = CARTESIAN_POINT ( 'NONE',  ( 0.1999999999999999278, 0.01499999999999998557, 0.1499999999999999667 ) ) ;
#35 = DIRECTION ( 'NONE',  ( -1.000000000000000000, 0.000000000000000000, 0.000000000000000000 ) ) ;
#36 = ORIENTED_EDGE ( 'NONE', *, *, #1212, .T. ) ;
#37 = DIRECTION ( 'NONE',  ( 0.000000000000000000, 0.000000000000000000, -1.000000000000000000 ) ) ;
#38 = ORIENTED_EDGE ( 'NONE', *, *, #658, .F. ) ;
#39 = DIRECTION ( 'NONE',  ( -1.000000000000000000, -0.000000000000000000, 8.673617379884036705E-17 ) ) ;
#40 = FILL_AREA_STYLE ('',( #1375 ) ) ;
#41 = MANIFOLD_SOLID_BREP ( 'Fillet1', #107 ) ;
#42 = EDGE_CURVE ( 'NONE', #460, #637, #1114, .T. ) ;
#43 = ORIENTED_EDGE ( 'NONE', *, *, #286, .T. ) ;
#44 = SURFACE_SIDE_STYLE ('',( #843 ) ) ;
#45 = ORIENTED_EDGE ( 'NONE', *, *, #872, .F. ) ;
#46 = ORIENTED_EDGE ( 'NONE', *, *, #1351, .T. ) ;
#47 = SURFACE_SIDE_STYLE ('',( #1386 ) ) ;
#48 = VERTEX_POINT ( 'NONE', #283 ) ;
#49 = FILL_AREA_STYLE ('',( #1184 ) ) ;
#50 = EDGE_LOOP ( 'NONE', ( #1115, #610, #652 ) ) ;
#51 = ORIENTED_EDGE ( 'NONE', *, *, #770, .F. ) ;
#52 = DIRECTION ( 'NONE',  ( 1.000000000000000000, 0.000000000000000000, 0.000000000000000000 ) ) ;
#53 = DIRECTION ( 'NONE',  ( 0.000000000000000000, 0.000000000000000000, -1.000000000000000000 ) ) ;
#54 = DIRECTION ( 'NONE',  ( -1.000000000000000000, 0.000000000000000000, 0.000000000000000000 ) ) ;
#55 = ORIENTED_EDGE ( 'NONE', *, *, #1117, .F. ) ;
#56 = PLANE ( 'NONE',  #1092 ) ;
#57 = EDGE_CURVE ( 'NONE', #452, #136, #724, .T. ) ;
#58 = AXIS2_PLACEMENT_3D ( 'NONE', #786, #880, #1238 ) ;
#59 = ORIENTED_EDGE ( 'NONE', *, *, #677, .T. ) ;
#60 = VERTEX_POINT ( 'NONE', #34 ) ;
#61 = ORIENTED_EDGE ( 'NONE', *, *, #1233, .T. ) ;
#62 =( NAMED_UNIT ( * ) SI_UNIT ( $, .STERADIAN. ) SOLID_ANGLE_UNIT ( ) );
#63 = ORIENTED_EDGE ( 'NONE', *, *, #725, .F. ) ;
#64 = DIRECTION ( 'NONE',  ( 0.000000000000000000, 0.000000000000000000, 1.000000000000000000 ) ) ;
#65 = EDGE_LOOP ( 'NONE', ( #159, #1124, #138, #198 ) ) ;
#66 = ORIENTED_EDGE ( 'NONE', *, *, #1212, .F. ) ;
#67 = ORIENTED_EDGE ( 'NONE', *, *, #240, .T. ) ;
#68 = AXIS2_PLACEMENT_3D ( 'NONE', #628, #1044, #410 ) ;
#69 = VERTEX_POINT ( 'NONE', #301 ) ;
#70 = ORIENTED_EDGE ( 'NONE', *, *, #677, .F. ) ;
#71 = VERTEX_POINT ( 'NONE', #1146 ) ;
#72 = PLANE ( 'NONE',  #927 ) ;
#73 = ORIENTED_EDGE ( 'NONE', *, *, #876, .T. ) ;
#74 = ORIENTED_EDGE ( 'NONE', *, *, #379, .T. ) ;
#75 = CARTESIAN_POINT ( 'NONE',  ( -0.1999999999999999278, 0.3250000000000000111, 0.1349999999999998146 ) ) ;
#77 = VERTEX_POINT ( 'NONE', #1008 ) ;
#76 = AXIS2_PLACEMENT_3D ( 'NONE', #1160, #823, #920 ) ;
#78 = ORIENTED_EDGE ( 'NONE', *, *, #123, .T. ) ;
#79 = ORIENTED_EDGE ( 'NONE', *, *, #847, .F. ) ;
#80 = CARTESIAN_POINT ( 'NONE',  ( -0.2849999999999999201, 0.3150000000000000022, 0.1349999999999999811 ) ) ;
#81 = VERTEX_POINT ( 'NONE', #488 ) ;
#82 = PLANE ( 'NONE',  #1393 ) ;
#83 = EDGE_LOOP ( 'NONE', ( #183, #514, #1069, #1130 ) ) ;
#84 = ORIENTED_EDGE ( 'NONE', *, *, #1167, .F. ) ;
#85 = CARTESIAN_POINT ( 'NONE',  ( -0.2849999999999999756, 0.3150000000000000022, 5.149960319306147910E-17 ) ) ;
#86 = AXIS2_PLACEMENT_3D ( 'NONE', #403, #477, #1265 ) ;
#87 = CARTESIAN_POINT ( 'NONE',  ( -0.2999999999999999889, 0.3150000000000000022, -0.1349999999999999256 ) ) ;
#88 = EDGE_LOOP ( 'NONE', ( #975, #997, #624, #520 ) ) ;
#89 = ORIENTED_EDGE ( 'NONE', *, *, #415, .F. ) ;
#90 = AXIS2_PLACEMENT_3D ( 'NONE', #861, #236, #255 ) ;
#91 = ORIENTED_EDGE ( 'NONE', *, *, #372, .T. ) ;
#92 = ORIENTED_EDGE ( 'NONE', *, *, #171, .F. ) ;
#93 = ORIENTED_EDGE ( 'NONE', *, *, #824, .T. ) ;
#94 = DIRECTION ( 'NONE',  ( 0.000000000000000000, -1.000000000000000000, 0.000000000000000000 ) ) ;
#95 = EDGE_LOOP ( 'NONE', ( #1057, #561, #78, #1002 ) ) ;
#96 = FILL_AREA_STYLE ('',( #867 ) ) ;
#97 = ORIENTED_EDGE ( 'NONE', *, *, #865, .T. ) ;
#98 = EDGE_LOOP ( 'NONE', ( #1145, #179, #633 ) ) ;
#99 = CARTESIAN_POINT ( 'NONE',  ( 0.2999999999999999889, 0.3300000000000000155, -0.1499999999999999389 ) ) ;
#100 = DIRECTION ( 'NONE',  ( -1.807003620809174632E-16, 0.000000000000000000, 1.000000000000000000 ) ) ;
#101 = AXIS2_PLACEMENT_3D ( 'NONE', #306, #474, #583 ) ;
#102 = VERTEX_POINT ( 'NONE', #12 ) ;
#103 = VERTEX_POINT ( 'NONE', #1175 ) ;
#104 = DIRECTION ( 'NONE',  ( 1.000000000000000000, 0.000000000000000000, 0.000000000000000000 ) ) ;
#105 = VERTEX_POINT ( 'NONE', #186 ) ;
#106 = EDGE_CURVE ( 'NONE', #1415, #523, #1170, .T. ) ;
#107 = CLOSED_SHELL ( 'NONE', ( #366, #941, #1319, #524, #475, #241, #1394, #435, #444, #711, #1221, #358, #1010, #587, #1341, #436, #950, #1180 ) ) ;
#108 = ORIENTED_EDGE ( 'NONE', *, *, #123, .F. ) ;
#109 = AXIS2_PLACEMENT_3D ( 'NONE', #1407, #248, #344 ) ;
#110 = CARTESIAN_POINT ( 'NONE',  ( 0.2849999999999999756, 0.01499999999999998557, -0.1499999999999999389 ) ) ;
#111 = EDGE_LOOP ( 'NONE', ( #1091, #606, #155 ) ) ;
#112 = DIRECTION ( 'NONE',  ( 0.000000000000000000, 0.000000000000000000, 1.000000000000000000 ) ) ;
#113 = ORIENTED_EDGE ( 'NONE', *, *, #1410, .F. ) ;
#114 = DIRECTION ( 'NONE',  ( -1.807003620809174632E-16, 0.000000000000000000, -1.000000000000000000 ) ) ;
#115 = CIRCLE ( 'NONE', #402, 0.01499999999999998557 ) ;
#116 = ORIENTED_EDGE ( 'NONE', *, *, #936, .T. ) ;
#117 = AXIS2_PLACEMENT_3D ( 'NONE', #838, #538, #511 ) ;
#118 = EDGE_LOOP ( 'NONE', ( #1052, #563, #175, #1022 ) ) ;
#119 = FACE_OUTER_BOUND ( 'NONE', #1073, .T. ) ;
#120 = VERTEX_POINT ( 'NONE', #1353 ) ;
#121 = VECTOR ( 'NONE', #1372, 1000.000000000000000 ) ;
#122 = ORIENTED_EDGE ( 'NONE', *, *, #1016, .T. ) ;
#123 = EDGE_CURVE ( 'NONE', #957, #571, #281, .T. ) ;
#124 = DIRECTION ( 'NONE',  ( 0.000000000000000000, 0.000000000000000000, 1.000000000000000000 ) ) ;
#126 = EDGE_LOOP ( 'NONE', ( #79, #116, #550, #577 ) ) ;
#125 = MECHANICAL_DESIGN_GEOMETRIC_PRESENTATION_REPRESENTATION (  '', ( #526 ), #8 ) ;
#127 = DIRECTION ( 'NONE',  ( -1.807003620809174632E-16, 0.000000000000000000, 1.000000000000000000 ) ) ;
#128 = ADVANCED_FACE ( 'NONE', ( #675 ), #273, .T. ) ;
#129 = DIRECTION ( 'NONE',  ( 0.000000000000000000, -0.000000000000000000, -1.000000000000000000 ) ) ;
#130 = LINE ( 'NONE', #970, #182 ) ;
#131 = ORIENTED_EDGE ( 'NONE', *, *, #1338, .F. ) ;
#132 = ORIENTED_EDGE ( 'NONE', *, *, #780, .F. ) ;
#133 = AXIS2_PLACEMENT_3D ( 'NONE', #765, #1304, #1369 ) ;
#134 = CARTESIAN_POINT ( 'NONE',  ( -0.1999999999999999278, 0.3150000000000000022, -0.1499999999999999389 ) ) ;
#135 = VECTOR ( 'NONE', #776, 1000.000000000000000 ) ;
#136 = VERTEX_POINT ( 'NONE', #712 ) ;
#137 = VERTEX_POINT ( 'NONE', #481 ) ;
#138 = ORIENTED_EDGE ( 'NONE', *, *, #1400, .T. ) ;
#139 = ORIENTED_EDGE ( 'NONE', *, *, #1424, .F. ) ;
#140 = DIRECTION ( 'NONE',  ( 0.000000000000000000, -1.000000000000000000, -0.000000000000000000 ) ) ;
#141 = PRESENTATION_STYLE_ASSIGNMENT (( #705 ) ) ;
#142 = EDGE_LOOP ( 'NONE', ( #91, #152, #1107, #1047 ) ) ;
#143 =( NAMED_UNIT ( * ) SI_UNIT ( $, .STERADIAN. ) SOLID_ANGLE_UNIT ( ) );
#144 = ORIENTED_EDGE ( 'NONE', *, *, #1424, .T. ) ;
#145 = DIRECTION ( 'NONE',  ( -1.000000000000000000, 0.000000000000000000, 0.000000000000000000 ) ) ;
#146 = DIRECTION ( 'NONE',  ( 1.000000000000000000, 0.000000000000000000, -0.000000000000000000 ) ) ;
#147 = CIRCLE ( 'NONE', #535, 0.01499999999999999944 ) ;
#148 = ORIENTED_EDGE ( 'NONE', *, *, #754, .T. ) ;
#149 = EDGE_LOOP ( 'NONE', ( #660, #192, #512 ) ) ;
#150 = ORIENTED_EDGE ( 'NONE', *, *, #1016, .F. ) ;
#151 = COLOUR_RGB ( '',0.7294117647058823151, 0.3568627450980392246, 0.02352941176470588203 ) ;
#152 = ORIENTED_EDGE ( 'NONE', *, *, #226, .T. ) ;
#153 = CIRCLE ( 'NONE', #573, 0.01499999999999999944 ) ;
#154 = ORIENTED_EDGE ( 'NONE', *, *, #824, .F. ) ;
#155 = ORIENTED_EDGE ( 'NONE', *, *, #1194, .F. ) ;
#156 = DIRECTION ( 'NONE',  ( -0.000000000000000000, -1.000000000000000000, -0.000000000000000000 ) ) ;
#157 = EDGE_CURVE ( 'NONE', #567, #137, #1189, .T. ) ;
#158 = PRESENTATION_LAYER_ASSIGNMENT (  '', '', ( #526 ) ) ;
#159 = ORIENTED_EDGE ( 'NONE', *, *, #539, .F. ) ;
#160 = VERTEX_POINT ( 'NONE', #1024 ) ;
#161 = CARTESIAN_POINT ( 'NONE',  ( 0.2849999999999999201, 0.01499999999999999944, 0.1349999999999999811 ) ) ;
#162 = ORIENTED_EDGE ( 'NONE', *, *, #968, .F. ) ;
#163 = CARTESIAN_POINT ( 'NONE',  ( -0.2849999999999999756, 0.000000000000000000, 5.149960319306147910E-17 ) ) ;
#164 = CARTESIAN_POINT ( 'NONE',  ( 0.000000000000000000, 0.000000000000000000, 0.000000000000000000 ) ) ;
#165 = VECTOR ( 'NONE', #1345, 1000.000000000000000 ) ;
#166 = ORIENTED_EDGE ( 'NONE', *, *, #658, .T. ) ;
#167 =( LENGTH_UNIT ( ) NAMED_UNIT ( * ) SI_UNIT ( .MILLI., .METRE. ) );
#168 = ORIENTED_EDGE ( 'NONE', *, *, #454, .T. ) ;
#169 = DIRECTION ( 'NONE',  ( 1.000000000000000000, 0.000000000000000000, -8.673617379884036705E-17 ) ) ;
#170 = ORIENTED_EDGE ( 'NONE', *, *, #509, .F. ) ;
#171 = EDGE_CURVE ( 'NONE', #476, #957, #733, .T. ) ;
#172 = ORIENTED_EDGE ( 'NONE', *, *, #884, .F. ) ;
#173 = UNCERTAINTY_MEASURE_WITH_UNIT (LENGTH_MEASURE( 1.000000000000000082E-05 ), #167, 'distance_accuracy_value', 'NONE');
#174 = ORIENTED_EDGE ( 'NONE', *, *, #710, .F. ) ;
#175 = ORIENTED_EDGE ( 'NONE', *, *, #1306, .T. ) ;
#176 = AXIS2_PLACEMENT_3D ( 'NONE', #318, #486, #734 ) ;
#177 = CIRCLE ( 'NONE', #1417, 0.01499999999999998557 ) ;
#178 = ORIENTED_EDGE ( 'NONE', *, *, #256, .F. ) ;
#179 = ORIENTED_EDGE ( 'NONE', *, *, #539, .T. ) ;
#180 = FILL_AREA_STYLE_COLOUR ( '', #1300 ) ;
#181 = VERTEX_POINT ( 'NONE', #201 ) ;
#182 = VECTOR ( 'NONE', #1420, 1000.000000000000000 ) ;
#183 = ORIENTED_EDGE ( 'NONE', *, *, #286, .F. ) ;
#184 = SURFACE_STYLE_FILL_AREA ( #49 ) ;
#185 = ORIENTED_EDGE ( 'NONE', *, *, #1362, .F. ) ;
#186 = CARTESIAN_POINT ( 'NONE',  ( -0.2999999999999999334, 0.3150000000000000022, 0.1349999999999999811 ) ) ;
#187 = DIRECTION ( 'NONE',  ( -1.807003620809174632E-16, -0.000000000000000000, -1.000000000000000000 ) ) ;
#188 = ADVANCED_FACE ( 'NONE', ( #275 ), #728, .T. ) ;
#189 = VERTEX_POINT ( 'NONE', #699 ) ;
#190 = DIRECTION ( 'NONE',  ( 0.000000000000000000, 0.000000000000000000, 1.000000000000000000 ) ) ;
#191 = ORIENTED_EDGE ( 'NONE', *, *, #1351, .F. ) ;
#192 = ORIENTED_EDGE ( 'NONE', *, *, #942, .T. ) ;
#193 = STYLED_ITEM ( 'NONE', ( #1183 ), #264 ) ;
#194 = FILL_AREA_STYLE ('',( #1316 ) ) ;
#195 = LINE ( 'NONE', #1216, #605 ) ;
#196 = ORIENTED_EDGE ( 'NONE', *, *, #1177, .T. ) ;
#197 = SURFACE_STYLE_USAGE ( .BOTH. , #1374 ) ;
#198 = ORIENTED_EDGE ( 'NONE', *, *, #1117, .T. ) ;
#199 = ORIENTED_EDGE ( 'NONE', *, *, #1384, .F. ) ;
#200 = EDGE_LOOP ( 'NONE', ( #1036, #545, #1079, #43, #1012, #46, #74, #518 ) ) ;
#201 = CARTESIAN_POINT ( 'NONE',  ( -0.2849999999999999756, 0.3150000000000000022, -0.1499999999999999389 ) ) ;
#202 =( NAMED_UNIT ( * ) SI_UNIT ( $, .STERADIAN. ) SOLID_ANGLE_UNIT ( ) );
#203 = COLOUR_RGB ( '',0.7294117647058823151, 0.3568627450980392246, 0.02352941176470588203 ) ;
#204 = VECTOR ( 'NONE', #842, 1000.000000000000000 ) ;
#205 = VERTEX_POINT ( 'NONE', #833 ) ;
#206 = DIRECTION ( 'NONE',  ( 1.000000000000000000, 0.000000000000000000, 0.000000000000000000 ) ) ;
#207 = PRESENTATION_STYLE_ASSIGNMENT (( #931 ) ) ;
#208 = ORIENTED_EDGE ( 'NONE', *, *, #1306, .F. ) ;
#209 = DIRECTION ( 'NONE',  ( 1.000000000000000000, 0.000000000000000000, 0.000000000000000000 ) ) ;
#210 = FACE_OUTER_BOUND ( 'NONE', #142, .T. ) ;
#211 = CARTESIAN_POINT ( 'NONE',  ( 0.2000000000066393113, 0.3149999999999998912, -0.1449999999999999900 ) ) ;
#212 = ORIENTED_EDGE ( 'NONE', *, *, #1400, .F. ) ;
#213 = CARTESIAN_POINT ( 'NONE',  ( 0.2999999999999999889, 0.01499999999999998557, -0.1349999999999999256 ) ) ;
#214 = VECTOR ( 'NONE', #955, 1000.000000000000000 ) ;
#215 = FILL_AREA_STYLE_COLOUR ( '', #1095 ) ;
#216 = ORIENTED_EDGE ( 'NONE', *, *, #702, .T. ) ;
#217 = EDGE_CURVE ( 'NONE', #71, #1109, #1157, .T. ) ;
#218 = CIRCLE ( 'NONE', #68, 0.01499999999999999944 ) ;
#219 = COLOUR_RGB ( '',0.7294117647058823151, 0.3568627450980392246, 0.02352941176470588203 ) ;
#220 = LINE ( 'NONE', #6, #259 ) ;
#221 = CARTESIAN_POINT ( 'NONE',  ( 0.000000000000000000, 0.3150000000000000022, -0.1349999999999999256 ) ) ;
#222 = VECTOR ( 'NONE', #377, 1000.000000000000000 ) ;
#223 = CARTESIAN_POINT ( 'NONE',  ( 500000.0000000000582, 0.3250000000000000111, -0.1350000000433680403 ) ) ;
#224 = CYLINDRICAL_SURFACE ( 'NONE', #796, 0.01499999999999999944 ) ;
#225 = ADVANCED_FACE ( 'NONE', ( #722 ), #1164, .T. ) ;
#226 = EDGE_CURVE ( 'NONE', #1014, #460, #231, .T. ) ;
#227 = FACE_OUTER_BOUND ( 'NONE', #661, .T. ) ;
#228 = CARTESIAN_POINT ( 'NONE',  ( -0.1999999999999999278, 0.3250000000000000111, -0.1349999999999999256 ) ) ;
#229 = CIRCLE ( 'NONE', #1029, 0.009999999999999972453 ) ;
#230 = CARTESIAN_POINT ( 'NONE',  ( 500000.0000000000582, 0.01499999999999998730, -0.1450000000433680214 ) ) ;
#231 = LINE ( 'NONE', #1423, #721 ) ;
#232 = AXIS2_PLACEMENT_3D ( 'NONE', #1179, #483, #599 ) ;
#233 = CYLINDRICAL_SURFACE ( 'NONE', #1185, 0.01499999999999998557 ) ;
#234 = DIRECTION ( 'NONE',  ( -0.000000000000000000, -0.000000000000000000, -1.000000000000000000 ) ) ;
#235 = CIRCLE ( 'NONE', #242, 0.01499999999999998557 ) ;
#236 = DIRECTION ( 'NONE',  ( -1.000000000000000000, 0.000000000000000000, 0.000000000000000000 ) ) ;
#237 = FACE_OUTER_BOUND ( 'NONE', #95, .T. ) ;
#238 = FILL_AREA_STYLE_COLOUR ( '', #1086 ) ;
#239 = FACE_OUTER_BOUND ( 'NONE', #540, .T. ) ;
#240 = EDGE_CURVE ( 'NONE', #590, #105, #251, .T. ) ;
#241 = ADVANCED_FACE ( 'NONE', ( #717 ), #244, .F. ) ;
#242 = AXIS2_PLACEMENT_3D ( 'NONE', #1405, #234, #52 ) ;
#243 = CYLINDRICAL_SURFACE ( 'NONE', #90, 0.01499999999999998557 ) ;
#244 = PLANE ( 'NONE',  #778 ) ;
#245 = CARTESIAN_POINT ( 'NONE',  ( 0.2999999999999999889, 0.01499999999999998557, -0.1349999999999999256 ) ) ;
#246 = LINE ( 'NONE', #424, #693 ) ;
#247 = PRESENTATION_STYLE_ASSIGNMENT (( #517 ) ) ;
#248 = DIRECTION ( 'NONE',  ( -1.000000000000000000, -0.000000000000000000, -0.000000000000000000 ) ) ;
#249 = CIRCLE ( 'NONE', #704, 0.01499999999999998557 ) ;
#250 = AXIS2_PLACEMENT_3D ( 'NONE', #326, #1288, #919 ) ;
#251 = LINE ( 'NONE', #359, #1208 ) ;
#252 =( GEOMETRIC_REPRESENTATION_CONTEXT ( 3 ) GLOBAL_UNCERTAINTY_ASSIGNED_CONTEXT ( ( #300 ) ) GLOBAL_UNIT_ASSIGNED_CONTEXT ( ( #911, #389, #698 ) ) REPRESENTATION_CONTEXT ( 'NONE', 'WORKASPACE' ) );
#253 = FACE_OUTER_BOUND ( 'NONE', #582, .T. ) ;
#254 = ADVANCED_FACE ( 'NONE', ( #227 ), #341, .F. ) ;
#255 = DIRECTION ( 'NONE',  ( 0.000000000000000000, 0.000000000000000000, 1.000000000000000000 ) ) ;
#256 = EDGE_CURVE ( 'NONE', #102, #590, #235, .T. ) ;
#257 = CARTESIAN_POINT ( 'NONE',  ( 500000.0000000000582, 0.3150000000000000022, -0.1350000000433680403 ) ) ;
#258 = EDGE_CURVE ( 'NONE', #571, #544, #1217, .T. ) ;
#259 = VECTOR ( 'NONE', #1166, 1000.000000000000000 ) ;
#260 = MECHANICAL_DESIGN_GEOMETRIC_PRESENTATION_REPRESENTATION (  '', ( #1206 ), #1042 ) ;
#261 = VECTOR ( 'NONE', #140, 1000.000000000000000 ) ;
#262 = PRESENTATION_STYLE_ASSIGNMENT (( #1307 ) ) ;
#263 = DIRECTION ( 'NONE',  ( -1.000000000000000000, 0.000000000000000000, 0.000000000000000000 ) ) ;
#264 = ADVANCED_FACE ( 'NONE', ( #237 ), #285, .T. ) ;
#265 = SURFACE_SIDE_STYLE ('',( #1202 ) ) ;
#266 = DIRECTION ( 'NONE',  ( -1.000000000000000000, -0.000000000000000000, 8.673617379884036705E-17 ) ) ;
#267 = CARTESIAN_POINT ( 'NONE',  ( 0.2000000000066393113, 0.004999999999999999237, 0.1349999999566318387 ) ) ;
#268 = AXIS2_PLACEMENT_3D ( 'NONE', #339, #431, #420 ) ;
#269 = CARTESIAN_POINT ( 'NONE',  ( -0.1999999999999999278, 0.3300000000000000155, -0.1499999999999999389 ) ) ;
#270 = SURFACE_STYLE_FILL_AREA ( #1294 ) ;
#271 = FILL_AREA_STYLE ('',( #1171 ) ) ;
#272 = CARTESIAN_POINT ( 'NONE',  ( -0.2999999999999999889, 0.01499999999999998557, -0.1499999999999999389 ) ) ;
#273 = SPHERICAL_SURFACE ( 'NONE', #761, 0.01499999999999999944 ) ;
#274 = CARTESIAN_POINT ( 'NONE',  ( 0.2999999999999999889, 0.3300000000000000155, -0.1349999999999999256 ) ) ;
#275 = FACE_OUTER_BOUND ( 'NONE', #666, .T. ) ;
#276 = VECTOR ( 'NONE', #1379, 1000.000000000000000 ) ;
#277 = VECTOR ( 'NONE', #1144, 1000.000000000000000 ) ;
#278 = EDGE_CURVE ( 'NONE', #460, #943, #740, .T. ) ;
#279 = DIRECTION ( 'NONE',  ( 0.000000000000000000, 1.000000000000000000, -0.000000000000000000 ) ) ;
#280 = DIRECTION ( 'NONE',  ( 0.000000000000000000, -1.000000000000000000, 0.000000000000000000 ) ) ;
#281 = CIRCLE ( 'NONE', #1298, 0.009999999999999972453 ) ;
#282 = CARTESIAN_POINT ( 'NONE',  ( 0.1999999999999999278, 0.3300000000000000155, -0.1499999999999999389 ) ) ;
#283 = CARTESIAN_POINT ( 'NONE',  ( -0.1999999999999999278, 0.000000000000000000, 0.1349999999999999534 ) ) ;
#284 = CARTESIAN_POINT ( 'NONE',  ( -0.1999999999999999278, 0.3149999999999998912, -0.1449999999999999345 ) ) ;
#285 = CYLINDRICAL_SURFACE ( 'NONE', #1021, 0.009999999999999972453 ) ;
#286 = EDGE_CURVE ( 'NONE', #568, #81, #1153, .T. ) ;
#287 = CARTESIAN_POINT ( 'NONE',  ( 500000.0000000000582, 0.004999999999999999237, 0.1349999999566318387 ) ) ;
#288 = DIRECTION ( 'NONE',  ( 0.000000000000000000, -0.000000000000000000, -1.000000000000000000 ) ) ;
#289 = AXIS2_PLACEMENT_3D ( 'NONE', #836, #1040, #1197 ) ;
#290 = DIRECTION ( 'NONE',  ( 1.000000000000000000, -0.000000000000000000, 0.000000000000000000 ) ) ;
#291 = CIRCLE ( 'NONE', #922, 0.01499999999999999944 ) ;
#292 = PLANE ( 'NONE',  #679 ) ;
#293 = SHAPE_DEFINITION_REPRESENTATION ( #507, #744 ) ;
#294 = DIRECTION ( 'NONE',  ( 0.000000000000000000, -1.000000000000000000, 0.000000000000000000 ) ) ;
#295 = FACE_OUTER_BOUND ( 'NONE', #111, .T. ) ;
#296 = AXIS2_PLACEMENT_3D ( 'NONE', #85, #114, #889 ) ;
#297 = CARTESIAN_POINT ( 'NONE',  ( 0.1999999999999999278, 0.3300000000000000155, -0.1349999999999999256 ) ) ;
#298 = VECTOR ( 'NONE', #94, 1000.000000000000000 ) ;
#299 = APPLICATION_CONTEXT ( 'automotive_design' ) ;
#300 = UNCERTAINTY_MEASURE_WITH_UNIT (LENGTH_MEASURE( 1.000000000000000082E-05 ), #911, 'distance_accuracy_value', 'NONE');
#301 = CARTESIAN_POINT ( 'NONE',  ( 0.2000000000066393113, 0.004999999999999999237, -0.1349999999999998423 ) ) ;
#302 = FACE_OUTER_BOUND ( 'NONE', #88, .T. ) ;
#303 = CARTESIAN_POINT ( 'NONE',  ( -0.2999999999999999889, 0.01499999999999998557, -0.1499999999999999389 ) ) ;
#304 = FACE_OUTER_BOUND ( 'NONE', #654, .T. ) ;
#305 = FACE_OUTER_BOUND ( 'NONE', #575, .T. ) ;
#306 = CARTESIAN_POINT ( 'NONE',  ( 0.000000000000000000, 0.3300000000000000155, 0.000000000000000000 ) ) ;
#307 = DIRECTION ( 'NONE',  ( 0.000000000000000000, 1.000000000000000000, 0.000000000000000000 ) ) ;
#308 = MECHANICAL_DESIGN_GEOMETRIC_PRESENTATION_REPRESENTATION (  '', ( #579 ), #1119 ) ;
#309 =( NAMED_UNIT ( * ) SI_UNIT ( $, .STERADIAN. ) SOLID_ANGLE_UNIT ( ) );
#310 = DIRECTION ( 'NONE',  ( -1.000000000000000000, -0.000000000000000000, 3.614007241618345221E-15 ) ) ;
#311 =( GEOMETRIC_REPRESENTATION_CONTEXT ( 3 ) GLOBAL_UNCERTAINTY_ASSIGNED_CONTEXT ( ( #974 ) ) GLOBAL_UNIT_ASSIGNED_CONTEXT ( ( #428, #695, #143 ) ) REPRESENTATION_CONTEXT ( 'NONE', 'WORKASPACE' ) );
#312 = CIRCLE ( 'NONE', #1278, 0.009999999999999972453 ) ;
#313 = DIRECTION ( 'NONE',  ( 0.000000000000000000, -1.000000000000000000, 0.000000000000000000 ) ) ;
#314 = DIRECTION ( 'NONE',  ( 0.000000000000000000, 0.000000000000000000, 1.000000000000000000 ) ) ;
#315 = STYLED_ITEM ( 'NONE', ( #141 ), #1150 ) ;
#316 =( LENGTH_UNIT ( ) NAMED_UNIT ( * ) SI_UNIT ( .MILLI., .METRE. ) );
#317 = CYLINDRICAL_SURFACE ( 'NONE', #400, 0.01499999999999999944 ) ;
#318 = CARTESIAN_POINT ( 'NONE',  ( 0.000000000000000000, 0.3150000000000000022, -0.1349999999999999256 ) ) ;
#319 = CIRCLE ( 'NONE', #369, 0.01499999999999999944 ) ;
#320 = CARTESIAN_POINT ( 'NONE',  ( 0.2849999999999999201, 0.3300000000000000155, 0.1349999999999999811 ) ) ;
#321 = LINE ( 'NONE', #1226, #764 ) ;
#322 = DIRECTION ( 'NONE',  ( 0.000000000000000000, 0.000000000000000000, -1.000000000000000000 ) ) ;
#323 = DIRECTION ( 'NONE',  ( 0.000000000000000000, 0.000000000000000000, 1.000000000000000000 ) ) ;
#324 = FACE_OUTER_BOUND ( 'NONE', #449, .T. ) ;
#325 = CARTESIAN_POINT ( 'NONE',  ( 0.1999999999999999278, 0.3300000000000000155, 0.1349999999999999811 ) ) ;
#326 = CARTESIAN_POINT ( 'NONE',  ( -0.2849999999999999756, 0.01499999999999999944, -0.1349999999999999256 ) ) ;
#327 = EDGE_CURVE ( 'NONE', #71, #189, #334, .T. ) ;
#328 = FILL_AREA_STYLE ('',( #215 ) ) ;
#329 = VECTOR ( 'NONE', #874, 1000.000000000000000 ) ;
#330 = AXIS2_PLACEMENT_3D ( 'NONE', #614, #1254, #795 ) ;
#331 = CARTESIAN_POINT ( 'NONE',  ( 0.2000000000066393113, 0.01499999999999998557, 0.1349999999999999256 ) ) ;
#332 = DIRECTION ( 'NONE',  ( 0.000000000000000000, -1.000000000000000000, 0.000000000000000000 ) ) ;
#333 = VECTOR ( 'NONE', #1154, 1000.000000000000000 ) ;
#334 = LINE ( 'NONE', #729, #755 ) ;
#335 = CARTESIAN_POINT ( 'NONE',  ( 0.000000000000000000, 0.000000000000000000, 0.1349999999999999811 ) ) ;
#336 = VECTOR ( 'NONE', #1181, 1000.000000000000000 ) ;
#337 =( NAMED_UNIT ( * ) PLANE_ANGLE_UNIT ( ) SI_UNIT ( $, .RADIAN. ) );
#338 =( GEOMETRIC_REPRESENTATION_CONTEXT ( 3 ) GLOBAL_UNCERTAINTY_ASSIGNED_CONTEXT ( ( #351 ) ) GLOBAL_UNIT_ASSIGNED_CONTEXT ( ( #1061, #337, #62 ) ) REPRESENTATION_CONTEXT ( 'NONE', 'WORKASPACE' ) );
#339 = CARTESIAN_POINT ( 'NONE',  ( 0.2849999999999999756, 0.3150000000000000022, -0.1349999999999999256 ) ) ;
#340 = SURFACE_STYLE_USAGE ( .BOTH. , #1100 ) ;
#341 = PLANE ( 'NONE',  #1335 ) ;
#342 = PRODUCT_RELATED_PRODUCT_CATEGORY ( 'part', '', ( #1385 ) ) ;
#343 = CARTESIAN_POINT ( 'NONE',  ( 0.2999999999999999889, 0.3300000000000000155, -0.1499999999999999389 ) ) ;
#344 = DIRECTION ( 'NONE',  ( 0.000000000000000000, 0.000000000000000000, 1.000000000000000000 ) ) ;
#345 = VECTOR ( 'NONE', #54, 1000.000000000000000 ) ;
#346 = CARTESIAN_POINT ( 'NONE',  ( -0.2999999999999999889, 0.3300000000000000155, -0.1349999999999999256 ) ) ;
#347 = DIRECTION ( 'NONE',  ( 0.000000000000000000, 0.000000000000000000, -1.000000000000000000 ) ) ;
#348 = DIRECTION ( 'NONE',  ( -1.000000000000000000, 0.000000000000000000, 0.000000000000000000 ) ) ;
#349 = PRESENTATION_STYLE_ASSIGNMENT (( #1256 ) ) ;
#350 = FACE_OUTER_BOUND ( 'NONE', #530, .T. ) ;
#351 = UNCERTAINTY_MEASURE_WITH_UNIT (LENGTH_MEASURE( 1.000000000000000082E-05 ), #1061, 'distance_accuracy_value', 'NONE');
#352 = CARTESIAN_POINT ( 'NONE',  ( -0.2849999999999999201, 0.3300000000000000155, 0.1349999999999999811 ) ) ;
#353 = DIRECTION ( 'NONE',  ( -1.807003620809174632E-16, 0.000000000000000000, -1.000000000000000000 ) ) ;
#354 = DIRECTION ( 'NONE',  ( 0.000000000000000000, 0.000000000000000000, 1.000000000000000000 ) ) ;
#355 = CARTESIAN_POINT ( 'NONE',  ( 0.1999999999999999278, 0.3150000000000000022, -0.1499999999999999389 ) ) ;
#356 = EDGE_CURVE ( 'NONE', #105, #452, #759, .T. ) ;
#357 = AXIS2_PLACEMENT_3D ( 'NONE', #1292, #913, #1187 ) ;
#358 = ADVANCED_FACE ( 'NONE', ( #766 ), #1243, .T. ) ;
#359 = CARTESIAN_POINT ( 'NONE',  ( -0.2999999999999999334, 0.3300000000000000155, 0.1349999999999999534 ) ) ;
#360 = STYLED_ITEM ( 'NONE', ( #746 ), #422 ) ;
#361 = CARTESIAN_POINT ( 'NONE',  ( 0.2999999999999999334, 0.01499999999999998557, 0.1499999999999999667 ) ) ;
#362 = DIRECTION ( 'NONE',  ( 0.000000000000000000, 1.000000000000000000, 0.000000000000000000 ) ) ;
#363 = DIRECTION ( 'NONE',  ( 1.000000000000000000, 0.000000000000000000, 0.000000000000000000 ) ) ;
#364 = AXIS2_PLACEMENT_3D ( 'NONE', #223, #332, #129 ) ;
#365 = UNCERTAINTY_MEASURE_WITH_UNIT (LENGTH_MEASURE( 1.000000000000000082E-05 ), #1266, 'distance_accuracy_value', 'NONE');
#366 = ADVANCED_FACE ( 'NONE', ( #1239 ), #741, .F. ) ;
#367 = CARTESIAN_POINT ( 'NONE',  ( 500000.0000000000582, 0.005000000000000006176, 0.1349999999566318387 ) ) ;
#368 = CARTESIAN_POINT ( 'NONE',  ( -0.2849999999999999756, 0.01499999999999998557, -0.1499999999999999389 ) ) ;
#369 = AXIS2_PLACEMENT_3D ( 'NONE', #1322, #982, #569 ) ;
#370 = EDGE_CURVE ( 'NONE', #548, #534, #312, .T. ) ;
#371 = DIRECTION ( 'NONE',  ( 0.000000000000000000, 0.000000000000000000, -1.000000000000000000 ) ) ;
#372 = EDGE_CURVE ( 'NONE', #1096, #1014, #291, .T. ) ;
#373 = DIRECTION ( 'NONE',  ( 0.000000000000000000, 0.000000000000000000, -1.000000000000000000 ) ) ;
#374 = DIRECTION ( 'NONE',  ( 0.000000000000000000, 0.000000000000000000, 1.000000000000000000 ) ) ;
#375 = LINE ( 'NONE', #267, #397 ) ;
#376 = AXIS2_PLACEMENT_3D ( 'NONE', #798, #537, #373 ) ;
#377 = DIRECTION ( 'NONE',  ( -1.000000000000000000, -0.000000000000000000, 8.673617379884036705E-17 ) ) ;
#378 = VECTOR ( 'NONE', #834, 1000.000000000000000 ) ;
#379 = EDGE_CURVE ( 'NONE', #578, #1416, #775, .T. ) ;
#380 = LINE ( 'NONE', #303, #845 ) ;
#381 = DIRECTION ( 'NONE',  ( 0.000000000000000000, 0.000000000000000000, -1.000000000000000000 ) ) ;
#382 = PLANE ( 'NONE',  #1426 ) ;
#383 = PRESENTATION_LAYER_ASSIGNMENT (  '', '', ( #944 ) ) ;
#384 = DIRECTION ( 'NONE',  ( 0.000000000000000000, 1.000000000000000000, 0.000000000000000000 ) ) ;
#385 = VECTOR ( 'NONE', #187, 1000.000000000000000 ) ;
#386 = SURFACE_SIDE_STYLE ('',( #1135 ) ) ;
#387 = LINE ( 'NONE', #608, #849 ) ;
#388 = CARTESIAN_POINT ( 'NONE',  ( 0.2849999999999999756, 0.3150000000000000022, 0.1349999999999999811 ) ) ;
#389 =( NAMED_UNIT ( * ) PLANE_ANGLE_UNIT ( ) SI_UNIT ( $, .RADIAN. ) );
#390 = VECTOR ( 'NONE', #100, 1000.000000000000000 ) ;
#391 = CARTESIAN_POINT ( 'NONE',  ( 0.2999999999999999334, 0.3300000000000000155, 0.1499999999999999667 ) ) ;
#392 = FACE_OUTER_BOUND ( 'NONE', #1041, .T. ) ;
#393 = DIRECTION ( 'NONE',  ( -0.000000000000000000, 0.000000000000000000, -1.000000000000000000 ) ) ;
#394 = LINE ( 'NONE', #921, #864 ) ;
#395 = DIRECTION ( 'NONE',  ( 3.614007241618351532E-15, -1.000000000000000000, 0.000000000000000000 ) ) ;
#396 = EDGE_CURVE ( 'NONE', #534, #1011, #784, .T. ) ;
#397 = VECTOR ( 'NONE', #683, 1000.000000000000000 ) ;
#398 =( LENGTH_UNIT ( ) NAMED_UNIT ( * ) SI_UNIT ( .MILLI., .METRE. ) );
#399 = CIRCLE ( 'NONE', #58, 0.01499999999999999944 ) ;
#400 = AXIS2_PLACEMENT_3D ( 'NONE', #990, #866, #438 ) ;
#401 = CARTESIAN_POINT ( 'NONE',  ( -0.2999999999999999889, 0.3150000000000000022, -0.1499999999999999389 ) ) ;
#402 = AXIS2_PLACEMENT_3D ( 'NONE', #980, #715, #395 ) ;
#403 = CARTESIAN_POINT ( 'NONE',  ( -0.1999999999999999278, 0.01499999999999998557, -0.1349999999999999256 ) ) ;
#404 = LINE ( 'NONE', #594, #1320 ) ;
#405 = SURFACE_SIDE_STYLE ('',( #1075 ) ) ;
#406 = PRESENTATION_STYLE_ASSIGNMENT (( #496 ) ) ;
#407 = DIRECTION ( 'NONE',  ( 0.000000000000000000, 1.000000000000000000, 0.000000000000000000 ) ) ;
#408 = EDGE_CURVE ( 'NONE', #641, #120, #321, .T. ) ;
#409 =( GEOMETRIC_REPRESENTATION_CONTEXT ( 3 ) GLOBAL_UNCERTAINTY_ASSIGNED_CONTEXT ( ( #461 ) ) GLOBAL_UNIT_ASSIGNED_CONTEXT ( ( #714, #1252, #533 ) ) REPRESENTATION_CONTEXT ( 'NONE', 'WORKASPACE' ) );
#410 = DIRECTION ( 'NONE',  ( 0.000000000000000000, 0.000000000000000000, 1.000000000000000000 ) ) ;
#411 = DIRECTION ( 'NONE',  ( 0.000000000000000000, -0.000000000000000000, 1.000000000000000000 ) ) ;
#412 = EDGE_CURVE ( 'NONE', #956, #181, #319, .T. ) ;
#413 = VECTOR ( 'NONE', #1273, 1000.000000000000000 ) ;
#414 = SURFACE_STYLE_USAGE ( .BOTH. , #405 ) ;
#415 = EDGE_CURVE ( 'NONE', #105, #589, #1264, .T. ) ;
#416 = CIRCLE ( 'NONE', #376, 0.009999999999999998473 ) ;
#417 =( GEOMETRIC_REPRESENTATION_CONTEXT ( 3 ) GLOBAL_UNCERTAINTY_ASSIGNED_CONTEXT ( ( #1277 ) ) GLOBAL_UNIT_ASSIGNED_CONTEXT ( ( #421, #947, #647 ) ) REPRESENTATION_CONTEXT ( 'NONE', 'WORKASPACE' ) );
#418 = SURFACE_SIDE_STYLE ('',( #270 ) ) ;
#419 = CIRCLE ( 'NONE', #914, 0.01499999999999999944 ) ;
#420 = DIRECTION ( 'NONE',  ( 1.000000000000000000, 0.000000000000000000, 0.000000000000000000 ) ) ;
#421 =( LENGTH_UNIT ( ) NAMED_UNIT ( * ) SI_UNIT ( .MILLI., .METRE. ) );
#422 = ADVANCED_FACE ( 'NONE', ( #305 ), #1331, .F. ) ;
#423 = LINE ( 'NONE', #1348, #888 ) ;
#424 = CARTESIAN_POINT ( 'NONE',  ( 0.1999999999999999278, 0.3300000000000000155, -0.1499999999999999389 ) ) ;
#425 = CARTESIAN_POINT ( 'NONE',  ( -0.2849999999999999201, 0.01499999999999999944, 0.1349999999999999811 ) ) ;
#426 = LINE ( 'NONE', #439, #897 ) ;
#427 = ADVANCED_FACE ( 'NONE', ( #1232 ), #1249, .T. ) ;
#428 =( LENGTH_UNIT ( ) NAMED_UNIT ( * ) SI_UNIT ( .MILLI., .METRE. ) );
#429 = LINE ( 'NONE', #557, #1356 ) ;
#430 = CARTESIAN_POINT ( 'NONE',  ( 500000.0000000000582, 0.3149999999999998912, -0.1450000000433680492 ) ) ;
#431 = DIRECTION ( 'NONE',  ( -0.000000000000000000, -0.000000000000000000, 1.000000000000000000 ) ) ;
#432 = EDGE_CURVE ( 'NONE', #601, #1109, #742, .T. ) ;
#433 = CARTESIAN_POINT ( 'NONE',  ( 0.2849999999999999756, 0.01499999999999999944, -0.1349999999999999256 ) ) ;
#434 = EDGE_CURVE ( 'NONE', #77, #60, #779, .T. ) ;
#435 = ADVANCED_FACE ( 'NONE', ( #771 ), #1253, .T. ) ;
#436 = ADVANCED_FACE ( 'NONE', ( #295 ), #1240, .T. ) ;
#437 = STYLED_ITEM ( 'NONE', ( #1105 ), #41 ) ;
#438 = DIRECTION ( 'NONE',  ( 0.000000000000000000, 0.000000000000000000, -1.000000000000000000 ) ) ;
#439 = CARTESIAN_POINT ( 'NONE',  ( 0.1999999999999999278, 0.000000000000000000, -0.1499999999999999389 ) ) ;
#440 = DIRECTION ( 'NONE',  ( 0.000000000000000000, 0.000000000000000000, 1.000000000000000000 ) ) ;
#441 = AXIS2_PLACEMENT_3D ( 'NONE', #1382, #156, #458 ) ;
#442 = VECTOR ( 'NONE', #910, 1000.000000000000000 ) ;
#443 = DIRECTION ( 'NONE',  ( 0.000000000000000000, 1.000000000000000000, 0.000000000000000000 ) ) ;
#444 = ADVANCED_FACE ( 'NONE', ( #324 ), #317, .T. ) ;
#445 = CARTESIAN_POINT ( 'NONE',  ( 0.2000000000066393113, 0.01499999999999998557, -0.1449999999999999623 ) ) ;
#446 = UNCERTAINTY_MEASURE_WITH_UNIT (LENGTH_MEASURE( 1.000000000000000082E-05 ), #1027, 'distance_accuracy_value', 'NONE');
#447 = CARTESIAN_POINT ( 'NONE',  ( -0.2849999999999999201, 0.01499999999999998557, 0.1499999999999999667 ) ) ;
#448 = EDGE_CURVE ( 'NONE', #1034, #510, #751, .T. ) ;
#449 = EDGE_LOOP ( 'NONE', ( #199, #45, #986, #170 ) ) ;
#450 = AXIS2_PLACEMENT_3D ( 'NONE', #459, #443, #887 ) ;
#451 = FILL_AREA_STYLE_COLOUR ( '', #1255 ) ;
#452 = VERTEX_POINT ( 'NONE', #967 ) ;
#453 = DIRECTION ( 'NONE',  ( 1.000000000000000000, 0.000000000000000000, 0.000000000000000000 ) ) ;
#454 = EDGE_CURVE ( 'NONE', #490, #1415, #1259, .T. ) ;
#455 = AXIS2_PLACEMENT_3D ( 'NONE', #433, #549, #1428 ) ;
#456 = DIRECTION ( 'NONE',  ( -1.000000000000000000, -0.000000000000000000, -0.000000000000000000 ) ) ;
#457 = MECHANICAL_DESIGN_GEOMETRIC_PRESENTATION_REPRESENTATION (  '', ( #1227 ), #1408 ) ;
#458 = DIRECTION ( 'NONE',  ( 0.000000000000000000, 0.000000000000000000, 1.000000000000000000 ) ) ;
#459 = CARTESIAN_POINT ( 'NONE',  ( -0.2849999999999999756, 0.3150000000000000022, -0.1349999999999999256 ) ) ;
#460 = VERTEX_POINT ( 'NONE', #110 ) ;
#461 = UNCERTAINTY_MEASURE_WITH_UNIT (LENGTH_MEASURE( 1.000000000000000082E-05 ), #714, 'distance_accuracy_value', 'NONE');
#462 = ORIENTED_EDGE ( 'NONE', *, *, #999, .T. ) ;
#463 = EDGE_CURVE ( 'NONE', #568, #1050, #781, .T. ) ;
#464 = CARTESIAN_POINT ( 'NONE',  ( -0.1999999999999999278, 0.3150000000000000022, 0.1349999999999999811 ) ) ;
#465 = CARTESIAN_POINT ( 'NONE',  ( 0.1999999999999999278, 0.3300000000000000155, -0.1499999999999999389 ) ) ;
#466 = AXIS2_PLACEMENT_3D ( 'NONE', #1037, #1250, #503 ) ;
#467 = EDGE_LOOP ( 'NONE', ( #648, #1039, #981, #500 ) ) ;
#468 = CARTESIAN_POINT ( 'NONE',  ( 0.000000000000000000, 0.000000000000000000, 0.000000000000000000 ) ) ;
#469 = CARTESIAN_POINT ( 'NONE',  ( 500000.0000000000582, 0.01499999999999998557, -0.1450000000433680214 ) ) ;
#470 = CARTESIAN_POINT ( 'NONE',  ( -0.1999999999999999278, 0.3300000000000000155, -0.1499999999999999389 ) ) ;
#471 = AXIS2_PLACEMENT_3D ( 'NONE', #1336, #1324, #1235 ) ;
#472 = DIRECTION ( 'NONE',  ( 0.000000000000000000, 0.000000000000000000, 1.000000000000000000 ) ) ;
#473 = ORIENTED_EDGE ( 'NONE', *, *, #379, .F. ) ;
#474 = DIRECTION ( 'NONE',  ( 0.000000000000000000, 1.000000000000000000, 0.000000000000000000 ) ) ;
#475 = ADVANCED_FACE ( 'NONE', ( #302 ), #494, .T. ) ;
#476 = VERTEX_POINT ( 'NONE', #732 ) ;
#477 = DIRECTION ( 'NONE',  ( 1.000000000000000000, 0.000000000000000000, -8.673617379884036705E-17 ) ) ;
#478 = DIRECTION ( 'NONE',  ( -1.000000000000000000, 0.000000000000000000, 0.000000000000000000 ) ) ;
#479 = DIRECTION ( 'NONE',  ( -1.000000000000000000, 0.000000000000000000, 0.000000000000000000 ) ) ;
#480 =( GEOMETRIC_REPRESENTATION_CONTEXT ( 3 ) GLOBAL_UNCERTAINTY_ASSIGNED_CONTEXT ( ( #446 ) ) GLOBAL_UNIT_ASSIGNED_CONTEXT ( ( #1027, #482, #1389 ) ) REPRESENTATION_CONTEXT ( 'NONE', 'WORKASPACE' ) );
#481 = CARTESIAN_POINT ( 'NONE',  ( 0.2849999999999999756, 0.3300000000000000155, 0.1349999999999999811 ) ) ;
#482 =( NAMED_UNIT ( * ) PLANE_ANGLE_UNIT ( ) SI_UNIT ( $, .RADIAN. ) );
#483 = DIRECTION ( 'NONE',  ( -1.000000000000000000, -0.000000000000000000, 8.673617379884036705E-17 ) ) ;
#484 = EDGE_CURVE ( 'NONE', #1045, #160, #757, .T. ) ;
#485 =( NAMED_UNIT ( * ) PLANE_ANGLE_UNIT ( ) SI_UNIT ( $, .RADIAN. ) );
#486 = DIRECTION ( 'NONE',  ( -1.000000000000000000, 0.000000000000000000, 0.000000000000000000 ) ) ;
#487 = EDGE_LOOP ( 'NONE', ( #1120, #51, #139, #604 ) ) ;
#488 = CARTESIAN_POINT ( 'NONE',  ( -0.1999999999999999278, 0.3300000000000000155, -0.1349999999999999256 ) ) ;
#489 = FILL_AREA_STYLE_COLOUR ( '', #1325 ) ;
#490 = VERTEX_POINT ( 'NONE', #211 ) ;
#491 = CARTESIAN_POINT ( 'NONE',  ( -0.2849999999999999756, 0.3150000000000000022, 0.1349999999999999811 ) ) ;
#492 = CARTESIAN_POINT ( 'NONE',  ( -0.1999999999999999278, 0.01499999999999998557, 0.1349999999999999811 ) ) ;
#493 = EDGE_CURVE ( 'NONE', #81, #956, #1293, .T. ) ;
#494 = PLANE ( 'NONE',  #663 ) ;
#495 = ORIENTED_EDGE ( 'NONE', *, *, #1167, .T. ) ;
#496 = SURFACE_STYLE_USAGE ( .BOTH. , #47 ) ;
#497 = EDGE_LOOP ( 'NONE', ( #208, #1139, #609, #113, #1106, #1080, #108, #63 ) ) ;
#498 = VERTEX_POINT ( 'NONE', #1287 ) ;
#499 = DIRECTION ( 'NONE',  ( 1.000000000000000000, 0.000000000000000000, 0.000000000000000000 ) ) ;
#500 = ORIENTED_EDGE ( 'NONE', *, *, #509, .T. ) ;
#501 = MECHANICAL_DESIGN_GEOMETRIC_PRESENTATION_REPRESENTATION (  '', ( #949 ), #620 ) ;
#502 = DIRECTION ( 'NONE',  ( 0.000000000000000000, 0.000000000000000000, 1.000000000000000000 ) ) ;
#503 = DIRECTION ( 'NONE',  ( 0.000000000000000000, 0.000000000000000000, 1.000000000000000000 ) ) ;
#504 = ORIENTED_EDGE ( 'NONE', *, *, #434, .F. ) ;
#505 = DIRECTION ( 'NONE',  ( 3.614007241618348376E-15, 0.000000000000000000, 1.000000000000000000 ) ) ;
#506 = ORIENTED_EDGE ( 'NONE', *, *, #774, .T. ) ;
#507 = PRODUCT_DEFINITION_SHAPE ( 'NONE', 'NONE',  #621 ) ;
#508 = FILL_AREA_STYLE_COLOUR ( '', #1210 ) ;
#509 = EDGE_CURVE ( 'NONE', #48, #102, #1295, .T. ) ;
#510 = VERTEX_POINT ( 'NONE', #297 ) ;
#511 = DIRECTION ( 'NONE',  ( 1.000000000000000000, 0.000000000000000000, 1.807003620809173399E-16 ) ) ;
#512 = ORIENTED_EDGE ( 'NONE', *, *, #702, .F. ) ;
#513 = CARTESIAN_POINT ( 'NONE',  ( 0.1999999999999999278, 0.01499999999999998557, -0.1499999999999999389 ) ) ;
#514 = ORIENTED_EDGE ( 'NONE', *, *, #1087, .F. ) ;
#515 = EDGE_LOOP ( 'NONE', ( #615, #1148, #55, #174 ) ) ;
#516 = ADVANCED_FACE ( 'NONE', ( #816 ), #799, .T. ) ;
#517 = SURFACE_STYLE_USAGE ( .BOTH. , #418 ) ;
#518 = ORIENTED_EDGE ( 'NONE', *, *, #1384, .T. ) ;
#519 = DIRECTION ( 'NONE',  ( 0.000000000000000000, 0.000000000000000000, 1.000000000000000000 ) ) ;
#520 = ORIENTED_EDGE ( 'NONE', *, *, #57, .T. ) ;
#521 = DIRECTION ( 'NONE',  ( 1.807003620809174632E-16, 0.000000000000000000, -1.000000000000000000 ) ) ;
#522 = EDGE_CURVE ( 'NONE', #137, #1034, #802, .T. ) ;
#523 = VERTEX_POINT ( 'NONE', #228 ) ;
#524 = ADVANCED_FACE ( 'NONE', ( #350 ), #382, .F. ) ;
#525 = DIRECTION ( 'NONE',  ( 0.000000000000000000, 0.000000000000000000, -1.000000000000000000 ) ) ;
#526 = STYLED_ITEM ( 'NONE', ( #822 ), #552 ) ;
#527 = DIRECTION ( 'NONE',  ( -1.000000000000000000, -0.000000000000000000, 8.673617379884036705E-17 ) ) ;
#528 = CLOSED_SHELL ( 'NONE', ( #965, #793, #1430, #1333, #225, #1312, #1373, #188, #1260, #128, #516, #892, #1404, #859, #1368, #817, #998, #427 ) ) ;
#529 = ADVANCED_FACE ( 'NONE', ( #1290 ), #810, .T. ) ;
#530 = EDGE_LOOP ( 'NONE', ( #1098, #506, #1056, #953 ) ) ;
#531 = ORIENTED_EDGE ( 'NONE', *, *, #240, .F. ) ;
#532 = CARTESIAN_POINT ( 'NONE',  ( -0.1999999999999999278, 0.005000000000000006176, 0.1349999999999999534 ) ) ;
#533 =( NAMED_UNIT ( * ) SI_UNIT ( $, .STERADIAN. ) SOLID_ANGLE_UNIT ( ) );
#534 = VERTEX_POINT ( 'NONE', #1350 ) ;
#535 = AXIS2_PLACEMENT_3D ( 'NONE', #828, #1015, #908 ) ;
#536 = CARTESIAN_POINT ( 'NONE',  ( 0.1999999999999999278, 0.3300000000000000155, -0.1499999999999999389 ) ) ;
#537 = DIRECTION ( 'NONE',  ( 1.000000000000000000, 0.000000000000000000, 0.000000000000000000 ) ) ;
#538 = DIRECTION ( 'NONE',  ( 1.807003620809174632E-16, 0.000000000000000000, -1.000000000000000000 ) ) ;
#539 = EDGE_CURVE ( 'NONE', #641, #137, #1308, .T. ) ;
#540 = EDGE_LOOP ( 'NONE', ( #191, #1058, #1065, #595 ) ) ;
#541 =( LENGTH_UNIT ( ) NAMED_UNIT ( * ) SI_UNIT ( .MILLI., .METRE. ) );
#542 =( NAMED_UNIT ( * ) SI_UNIT ( $, .STERADIAN. ) SOLID_ANGLE_UNIT ( ) );
#543 = ORIENTED_EDGE ( 'NONE', *, *, #31, .T. ) ;
#544 = VERTEX_POINT ( 'NONE', #1272 ) ;
#545 = ORIENTED_EDGE ( 'NONE', *, *, #804, .T. ) ;
#546 = ORIENTED_EDGE ( 'NONE', *, *, #872, .T. ) ;
#547 =( NAMED_UNIT ( * ) PLANE_ANGLE_UNIT ( ) SI_UNIT ( $, .RADIAN. ) );
#548 = VERTEX_POINT ( 'NONE', #588 ) ;
#549 = DIRECTION ( 'NONE',  ( 0.000000000000000000, -1.000000000000000000, 0.000000000000000000 ) ) ;
#550 = ORIENTED_EDGE ( 'NONE', *, *, #1297, .T. ) ;
#551 = ORIENTED_EDGE ( 'NONE', *, *, #432, .T. ) ;
#552 = ADVANCED_FACE ( 'NONE', ( #820 ), #292, .T. ) ;
#553 = ORIENTED_EDGE ( 'NONE', *, *, #725, .T. ) ;
#554 = EDGE_LOOP ( 'NONE', ( #66, #1127, #89, #531 ) ) ;
#555 =( GEOMETRIC_REPRESENTATION_CONTEXT ( 3 ) GLOBAL_UNCERTAINTY_ASSIGNED_CONTEXT ( ( #763 ) ) GLOBAL_UNIT_ASSIGNED_CONTEXT ( ( #645, #760, #743 ) ) REPRESENTATION_CONTEXT ( 'NONE', 'WORKASPACE' ) );
#556 = MANIFOLD_SOLID_BREP ( 'Mirror2', #528 ) ;
#557 = CARTESIAN_POINT ( 'NONE',  ( -0.2999999999999999334, 0.01499999999999998557, 0.1499999999999999667 ) ) ;
#558 = VERTEX_POINT ( 'NONE', #701 ) ;
#559 = ORIENTED_EDGE ( 'NONE', *, *, #1338, .T. ) ;
#560 = CARTESIAN_POINT ( 'NONE',  ( -0.2849999999999999201, 0.3150000000000000022, 0.1499999999999999667 ) ) ;
#561 = ORIENTED_EDGE ( 'NONE', *, *, #171, .T. ) ;
#562 = EDGE_CURVE ( 'NONE', #48, #189, #801, .T. ) ;
#563 = ORIENTED_EDGE ( 'NONE', *, *, #884, .T. ) ;
#564 = VERTEX_POINT ( 'NONE', #809 ) ;
#565 =( GEOMETRIC_REPRESENTATION_CONTEXT ( 3 ) GLOBAL_UNCERTAINTY_ASSIGNED_CONTEXT ( ( #173 ) ) GLOBAL_UNIT_ASSIGNED_CONTEXT ( ( #167, #593, #995 ) ) REPRESENTATION_CONTEXT ( 'NONE', 'WORKASPACE' ) );
#566 = DIRECTION ( 'NONE',  ( 1.000000000000000000, 0.000000000000000000, -8.673617379884036705E-17 ) ) ;
#567 = VERTEX_POINT ( 'NONE', #906 ) ;
#568 = VERTEX_POINT ( 'NONE', #134 ) ;
#569 = DIRECTION ( 'NONE',  ( -3.614007241618348376E-15, 0.000000000000000000, 1.000000000000000000 ) ) ;
#570 = CARTESIAN_POINT ( 'NONE',  ( -0.1999999999999999278, 0.004999999999999999237, 0.1349999999999999534 ) ) ;
#571 = VERTEX_POINT ( 'NONE', #972 ) ;
#572 = DIRECTION ( 'NONE',  ( -1.000000000000000000, 0.000000000000000000, 0.000000000000000000 ) ) ;
#573 = AXIS2_PLACEMENT_3D ( 'NONE', #681, #362, #1237 ) ;
#574 = EDGE_LOOP ( 'NONE', ( #961, #632, #185, #132 ) ) ;
#575 = EDGE_LOOP ( 'NONE', ( #70, #1032, #1013, #16 ) ) ;
#576 = CARTESIAN_POINT ( 'NONE',  ( 0.2999999999999999334, 0.01499999999999998557, 0.1349999999999999811 ) ) ;
#577 = ORIENTED_EDGE ( 'NONE', *, *, #484, .F. ) ;
#578 = VERTEX_POINT ( 'NONE', #890 ) ;
#580 = VERTEX_POINT ( 'NONE', #284 ) ;
#579 = STYLED_ITEM ( 'NONE', ( #831 ), #772 ) ;
#581 = VERTEX_POINT ( 'NONE', #355 ) ;
#582 = EDGE_LOOP ( 'NONE', ( #963, #1104, #1121, #1111 ) ) ;
#583 = DIRECTION ( 'NONE',  ( 0.000000000000000000, 0.000000000000000000, 1.000000000000000000 ) ) ;
#584 = MECHANICAL_DESIGN_GEOMETRIC_PRESENTATION_REPRESENTATION (  '', ( #360 ), #311 ) ;
#585 =( NAMED_UNIT ( * ) SI_UNIT ( $, .STERADIAN. ) SOLID_ANGLE_UNIT ( ) );
#586 = EDGE_LOOP ( 'NONE', ( #168, #1112, #97, #656, #1043, #59, #1048, #495 ) ) ;
#587 = ADVANCED_FACE ( 'NONE', ( #858 ), #1318, .T. ) ;
#588 = CARTESIAN_POINT ( 'NONE',  ( 0.2000000000066393113, 0.01500000000000009312, 0.1449999999999998790 ) ) ;
#589 = VERTEX_POINT ( 'NONE', #560 ) ;
#590 = VERTEX_POINT ( 'NONE', #1116 ) ;
#591 = AXIS2_PLACEMENT_3D ( 'NONE', #1391, #1358, #479 ) ;
#592 = LINE ( 'NONE', #923, #121 ) ;
#593 =( NAMED_UNIT ( * ) PLANE_ANGLE_UNIT ( ) SI_UNIT ( $, .RADIAN. ) );
#594 = CARTESIAN_POINT ( 'NONE',  ( -0.2849999999999999756, 0.3300000000000000155, -0.1499999999999999389 ) ) ;
#595 = ORIENTED_EDGE ( 'NONE', *, *, #639, .F. ) ;
#596 = VERTEX_POINT ( 'NONE', #368 ) ;
#597 = EDGE_LOOP ( 'NONE', ( #634, #1023, #935, #626 ) ) ;
#598 = FILL_AREA_STYLE_COLOUR ( '', #219 ) ;
#599 = DIRECTION ( 'NONE',  ( 0.000000000000000000, 0.000000000000000000, 1.000000000000000000 ) ) ;
#600 = ORIENTED_EDGE ( 'NONE', *, *, #754, .F. ) ;
#601 = VERTEX_POINT ( 'NONE', #87 ) ;
#602 =( NAMED_UNIT ( * ) PLANE_ANGLE_UNIT ( ) SI_UNIT ( $, .RADIAN. ) );
#603 = ORIENTED_EDGE ( 'NONE', *, *, #1263, .T. ) ;
#604 = ORIENTED_EDGE ( 'NONE', *, *, #226, .F. ) ;
#605 = VECTOR ( 'NONE', #1309, 1000.000000000000000 ) ;
#606 = ORIENTED_EDGE ( 'NONE', *, *, #412, .T. ) ;
#607 = DIRECTION ( 'NONE',  ( 0.000000000000000000, -1.000000000000000000, 0.000000000000000000 ) ) ;
#608 = CARTESIAN_POINT ( 'NONE',  ( 0.2849999999999999201, 0.3300000000000000155, 0.1499999999999999667 ) ) ;
#609 = ORIENTED_EDGE ( 'NONE', *, *, #1297, .F. ) ;
#610 = ORIENTED_EDGE ( 'NONE', *, *, #278, .T. ) ;
#611 = LINE ( 'NONE', #812, #165 ) ;
#612 = ORIENTED_EDGE ( 'NONE', *, *, #1321, .F. ) ;
#613 = CIRCLE ( 'NONE', #1001, 0.01499999999999999944 ) ;
#614 = CARTESIAN_POINT ( 'NONE',  ( -0.1999999999999999278, 0.3150000000000000022, -0.1349999999999999256 ) ) ;
#615 = ORIENTED_EDGE ( 'NONE', *, *, #448, .F. ) ;
#616 = ORIENTED_EDGE ( 'NONE', *, *, #1313, .T. ) ;
#617 = ORIENTED_EDGE ( 'NONE', *, *, #1205, .T. ) ;
#618 = LINE ( 'NONE', #993, #204 ) ;
#619 = ORIENTED_EDGE ( 'NONE', *, *, #157, .T. ) ;
#620 =( GEOMETRIC_REPRESENTATION_CONTEXT ( 3 ) GLOBAL_UNCERTAINTY_ASSIGNED_CONTEXT ( ( #14 ) ) GLOBAL_UNIT_ASSIGNED_CONTEXT ( ( #541, #1131, #1412 ) ) REPRESENTATION_CONTEXT ( 'NONE', 'WORKASPACE' ) );
#621 = PRODUCT_DEFINITION ( 'UNKNOWN', '', #1054, #1247 ) ;
#622 = EDGE_LOOP ( 'NONE', ( #969, #61, #619, #966 ) ) ;
#623 = FACE_OUTER_BOUND ( 'NONE', #50, .T. ) ;
#624 = ORIENTED_EDGE ( 'NONE', *, *, #960, .T. ) ;
#625 = EDGE_LOOP ( 'NONE', ( #84, #7, #543, #172 ) ) ;
#626 = ORIENTED_EDGE ( 'NONE', *, *, #396, .F. ) ;
#627 = DIRECTION ( 'NONE',  ( 1.000000000000000000, -0.000000000000000000, -0.000000000000000000 ) ) ;
#628 = CARTESIAN_POINT ( 'NONE',  ( 0.1999999999999999278, 0.3150000000000000022, -0.1349999999999999256 ) ) ;
#629 = VERTEX_POINT ( 'NONE', #674 ) ;
#630 = ORIENTED_EDGE ( 'NONE', *, *, #1233, .F. ) ;
#631 = CARTESIAN_POINT ( 'NONE',  ( 0.000000000000000000, 0.3300000000000000155, 0.000000000000000000 ) ) ;
#632 = ORIENTED_EDGE ( 'NONE', *, *, #960, .F. ) ;
#633 = ORIENTED_EDGE ( 'NONE', *, *, #157, .F. ) ;
#634 = ORIENTED_EDGE ( 'NONE', *, *, #370, .F. ) ;
#635 = DIRECTION ( 'NONE',  ( 0.000000000000000000, -1.000000000000000000, 9.035018104045874392E-17 ) ) ;
#636 = SPHERICAL_SURFACE ( 'NONE', #455, 0.01499999999999999944 ) ;
#637 = VERTEX_POINT ( 'NONE', #794 ) ;
#638 = VERTEX_POINT ( 'NONE', #447 ) ;
#639 = EDGE_CURVE ( 'NONE', #578, #589, #1343, .T. ) ;
#640 = FACE_OUTER_BOUND ( 'NONE', #574, .T. ) ;
#641 = VERTEX_POINT ( 'NONE', #1328 ) ;
#642 = FACE_OUTER_BOUND ( 'NONE', #625, .T. ) ;
#643 = DIRECTION ( 'NONE',  ( -1.000000000000000000, 0.000000000000000000, 8.673617379884036705E-17 ) ) ;
#644 = PRESENTATION_STYLE_ASSIGNMENT (( #340 ) ) ;
#645 =( LENGTH_UNIT ( ) NAMED_UNIT ( * ) SI_UNIT ( .MILLI., .METRE. ) );
#646 = EDGE_LOOP ( 'NONE', ( #212, #1076, #1090 ) ) ;
#647 =( NAMED_UNIT ( * ) SI_UNIT ( $, .STERADIAN. ) SOLID_ANGLE_UNIT ( ) );
#648 = ORIENTED_EDGE ( 'NONE', *, *, #815, .T. ) ;
#649 = ORIENTED_EDGE ( 'NONE', *, *, #886, .T. ) ;
#650 = LINE ( 'NONE', #1231, #1113 ) ;
#651 = EDGE_LOOP ( 'NONE', ( #13, #150, #15, #987 ) ) ;
#652 = ORIENTED_EDGE ( 'NONE', *, *, #1349, .F. ) ;
#653 = FACE_OUTER_BOUND ( 'NONE', #597, .T. ) ;
#654 = EDGE_LOOP ( 'NONE', ( #154, #1132, #1066, #20, #1088, #131, #616, #992 ) ) ;
#655 = ORIENTED_EDGE ( 'NONE', *, *, #1349, .T. ) ;
#656 = ORIENTED_EDGE ( 'NONE', *, *, #1285, .T. ) ;
#657 = SURFACE_STYLE_USAGE ( .BOTH. , #1398 ) ;
#658 = EDGE_CURVE ( 'NONE', #943, #926, #835, .T. ) ;
#659 = DIRECTION ( 'NONE',  ( 0.000000000000000000, -0.000000000000000000, 1.000000000000000000 ) ) ;
#660 = ORIENTED_EDGE ( 'NONE', *, *, #1149, .F. ) ;
#661 = EDGE_LOOP ( 'NONE', ( #1143, #1035, #1020, #1049 ) ) ;
#662 = CIRCLE ( 'NONE', #109, 0.01499999999999998557 ) ;
#663 = AXIS2_PLACEMENT_3D ( 'NONE', #631, #937, #411 ) ;
#664 = ORIENTED_EDGE ( 'NONE', *, *, #24, .T. ) ;
#665 = CYLINDRICAL_SURFACE ( 'NONE', #857, 0.01499999999999999944 ) ;
#666 = EDGE_LOOP ( 'NONE', ( #216, #148, #603, #1142 ) ) ;
#667 = AXIS2_PLACEMENT_3D ( 'NONE', #939, #53, #348 ) ;
#668 = DIRECTION ( 'NONE',  ( 0.000000000000000000, -1.000000000000000000, 0.000000000000000000 ) ) ;
#669 = CARTESIAN_POINT ( 'NONE',  ( 0.2850000000000000311, 0.3150000000000000022, -0.1349999999999999256 ) ) ;
#670 = CIRCLE ( 'NONE', #985, 0.01499999999999998557 ) ;
#671 = DIRECTION ( 'NONE',  ( -1.000000000000000000, 0.000000000000000000, 0.000000000000000000 ) ) ;
#672 = EDGE_LOOP ( 'NONE', ( #19, #196, #973 ) ) ;
#673 = CARTESIAN_POINT ( 'NONE',  ( 0.2000000000066393113, 0.3150000000000000022, 0.1449999999999998790 ) ) ;
#674 = CARTESIAN_POINT ( 'NONE',  ( 0.1999999999999999278, 0.3150000000000000022, 0.1499999999999999667 ) ) ;
#675 = FACE_OUTER_BOUND ( 'NONE', #98, .T. ) ;
#676 = CIRCLE ( 'NONE', #441, 0.01499999999999998557 ) ;
#677 = EDGE_CURVE ( 'NONE', #534, #69, #375, .T. ) ;
#678 = DIRECTION ( 'NONE',  ( 0.000000000000000000, 0.000000000000000000, -1.000000000000000000 ) ) ;
#679 = AXIS2_PLACEMENT_3D ( 'NONE', #465, #1317, #996 ) ;
#680 = FACE_OUTER_BOUND ( 'NONE', #487, .T. ) ;
#681 = CARTESIAN_POINT ( 'NONE',  ( 0.2849999999999999756, 0.3150000000000000022, -0.1349999999999999256 ) ) ;
#682 = UNCERTAINTY_MEASURE_WITH_UNIT (LENGTH_MEASURE( 1.000000000000000082E-05 ), #877, 'distance_accuracy_value', 'NONE');
#683 = DIRECTION ( 'NONE',  ( 0.000000000000000000, 0.000000000000000000, -1.000000000000000000 ) ) ;
#684 = FACE_OUTER_BOUND ( 'NONE', #65, .T. ) ;
#685 = AXIS2_PLACEMENT_3D ( 'NONE', #425, #691, #1241 ) ;
#686 = SURFACE_STYLE_FILL_AREA ( #1190 ) ;
#687 = DIRECTION ( 'NONE',  ( 0.000000000000000000, -1.000000000000000000, 0.000000000000000000 ) ) ;
#688 = PRESENTATION_LAYER_ASSIGNMENT (  '', '', ( #1227 ) ) ;
#689 = LINE ( 'NONE', #18, #1172 ) ;
#690 =( NAMED_UNIT ( * ) SI_UNIT ( $, .STERADIAN. ) SOLID_ANGLE_UNIT ( ) );
#691 = DIRECTION ( 'NONE',  ( -1.000000000000000000, 0.000000000000000000, 0.000000000000000000 ) ) ;
#692 = CIRCLE ( 'NONE', #86, 0.009999999999999998473 ) ;
#693 = VECTOR ( 'NONE', #1302, 1000.000000000000000 ) ;
#694 =( GEOMETRIC_REPRESENTATION_CONTEXT ( 3 ) GLOBAL_UNCERTAINTY_ASSIGNED_CONTEXT ( ( #1367 ) ) GLOBAL_UNIT_ASSIGNED_CONTEXT ( ( #1360, #33, #1377 ) ) REPRESENTATION_CONTEXT ( 'NONE', 'WORKASPACE' ) );
#695 =( NAMED_UNIT ( * ) PLANE_ANGLE_UNIT ( ) SI_UNIT ( $, .RADIAN. ) );
#696 = CARTESIAN_POINT ( 'NONE',  ( 0.2000000000066393113, 0.3150000000000000022, 0.1349999999999999256 ) ) ;
#697 = FACE_OUTER_BOUND ( 'NONE', #200, .T. ) ;
#698 =( NAMED_UNIT ( * ) SI_UNIT ( $, .STERADIAN. ) SOLID_ANGLE_UNIT ( ) );
#699 = CARTESIAN_POINT ( 'NONE',  ( -0.1999999999999999278, 0.000000000000000000, -0.1349999999999999256 ) ) ;
#700 = VECTOR ( 'NONE', #1192, 1000.000000000000000 ) ;
#701 = CARTESIAN_POINT ( 'NONE',  ( -0.1999999999999999278, 0.004999999999999999237, -0.1349999999999997868 ) ) ;
#702 = EDGE_CURVE ( 'NONE', #77, #926, #399, .T. ) ;
#703 = CIRCLE ( 'NONE', #1314, 0.01499999999999998557 ) ;
#704 = AXIS2_PLACEMENT_3D ( 'NONE', #27, #209, #323 ) ;
#705 = SURFACE_STYLE_USAGE ( .BOTH. , #386 ) ;
#706 = CARTESIAN_POINT ( 'NONE',  ( 0.2849999999999999756, 0.3300000000000000155, -0.1349999999999999256 ) ) ;
#707 = DIRECTION ( 'NONE',  ( 1.000000000000000000, -0.000000000000000000, 0.000000000000000000 ) ) ;
#708 = CYLINDRICAL_SURFACE ( 'NONE', #117, 0.01499999999999998557 ) ;
#709 = CARTESIAN_POINT ( 'NONE',  ( -0.1999999999999999278, 0.01499999999999998557, 0.1499999999999999667 ) ) ;
#710 = EDGE_CURVE ( 'NONE', #510, #564, #1337, .T. ) ;
#711 = ADVANCED_FACE ( 'NONE', ( #1329 ), #839, .T. ) ;
#712 = CARTESIAN_POINT ( 'NONE',  ( -0.1999999999999999278, 0.3300000000000000155, 0.1349999999999999534 ) ) ;
#713 = FACE_OUTER_BOUND ( 'NONE', #1083, .T. ) ;
#714 =( LENGTH_UNIT ( ) NAMED_UNIT ( * ) SI_UNIT ( .MILLI., .METRE. ) );
#715 = DIRECTION ( 'NONE',  ( -1.000000000000000000, -3.614007241618351532E-15, 0.000000000000000000 ) ) ;
#716 = CARTESIAN_POINT ( 'NONE',  ( -0.2999999999999999889, 0.3300000000000000155, -0.1499999999999999389 ) ) ;
#717 = FACE_OUTER_BOUND ( 'NONE', #467, .T. ) ;
#718 = DIRECTION ( 'NONE',  ( 1.000000000000000000, 0.000000000000000000, -8.673617379884036705E-17 ) ) ;
#719 = AXIS2_PLACEMENT_3D ( 'NONE', #731, #294, #1140 ) ;
#720 = PLANE ( 'NONE',  #1365 ) ;
#721 = VECTOR ( 'NONE', #104, 1000.000000000000000 ) ;
#722 = FACE_OUTER_BOUND ( 'NONE', #515, .T. ) ;
#723 =( NAMED_UNIT ( * ) PLANE_ANGLE_UNIT ( ) SI_UNIT ( $, .RADIAN. ) );
#724 = LINE ( 'NONE', #912, #1215 ) ;
#725 = EDGE_CURVE ( 'NONE', #523, #957, #856, .T. ) ;
#726 = DIRECTION ( 'NONE',  ( 0.000000000000000000, -1.000000000000000000, 0.000000000000000000 ) ) ;
#727 = DIRECTION ( 'NONE',  ( 1.000000000000000000, 0.000000000000000000, 0.000000000000000000 ) ) ;
#728 = CYLINDRICAL_SURFACE ( 'NONE', #837, 0.01499999999999999944 ) ;
#729 = CARTESIAN_POINT ( 'NONE',  ( 0.000000000000000000, 0.000000000000000000, -0.1349999999999999256 ) ) ;
#730 = MECHANICAL_DESIGN_GEOMETRIC_PRESENTATION_REPRESENTATION (  '', ( #193 ), #338 ) ;
#731 = CARTESIAN_POINT ( 'NONE',  ( -0.2849999999999999756, 0.3300000000000000155, -0.1349999999999999256 ) ) ;
#732 = CARTESIAN_POINT ( 'NONE',  ( 0.2000000000066393113, 0.3250000000000000111, 0.1349999999999997591 ) ) ;
#733 = LINE ( 'NONE', #1186, #276 ) ;
#734 = DIRECTION ( 'NONE',  ( 0.000000000000000000, 0.000000000000000000, -1.000000000000000000 ) ) ;
#735 = PRESENTATION_STYLE_ASSIGNMENT (( #1258 ) ) ;
#736 = PRESENTATION_LAYER_ASSIGNMENT (  '', '', ( #949 ) ) ;
#737 = DIRECTION ( 'NONE',  ( 0.000000000000000000, 0.000000000000000000, -1.000000000000000000 ) ) ;
#738 = DIRECTION ( 'NONE',  ( -0.000000000000000000, 1.000000000000000000, -0.000000000000000000 ) ) ;
#739 = MECHANICAL_DESIGN_GEOMETRIC_PRESENTATION_REPRESENTATION (  '', ( #1137 ), #555 ) ;
#740 = CIRCLE ( 'NONE', #133, 0.01499999999999998557 ) ;
#741 = PLANE ( 'NONE',  #289 ) ;
#742 = LINE ( 'NONE', #346, #298 ) ;
#743 =( NAMED_UNIT ( * ) SI_UNIT ( $, .STERADIAN. ) SOLID_ANGLE_UNIT ( ) );
#744 = ADVANCED_BREP_SHAPE_REPRESENTATION ( '0.60.30.330.1', ( #41, #556, #1074, #1396 ), #252 ) ;
#745 = DIRECTION ( 'NONE',  ( 0.000000000000000000, 0.000000000000000000, 1.000000000000000000 ) ) ;
#746 = PRESENTATION_STYLE_ASSIGNMENT (( #1418 ) ) ;
#747 = EDGE_CURVE ( 'NONE', #1055, #571, #1311, .T. ) ;
#748 = VECTOR ( 'NONE', #773, 1000.000000000000000 ) ;
#749 = COLOUR_RGB ( '',0.7921568627450980005, 0.8196078431372548767, 0.9333333333333333481 ) ;
#750 = CARTESIAN_POINT ( 'NONE',  ( -0.1999999999999999278, 0.3150000000000000022, 0.1449999999999999345 ) ) ;
#751 = LINE ( 'NONE', #536, #329 ) ;
#752 = CARTESIAN_POINT ( 'NONE',  ( -0.1999999999999999278, 0.3300000000000000155, -0.1499999999999999389 ) ) ;
#753 = VECTOR ( 'NONE', #1005, 1000.000000000000000 ) ;
#754 = EDGE_CURVE ( 'NONE', #926, #641, #394, .T. ) ;
#755 = VECTOR ( 'NONE', #627, 1000.000000000000000 ) ;
#756 = AXIS2_PLACEMENT_3D ( 'NONE', #1427, #127, #4 ) ;
#757 = LINE ( 'NONE', #469, #758 ) ;
#758 = VECTOR ( 'NONE', #39, 1000.000000000000000 ) ;
#759 = CIRCLE ( 'NONE', #1173, 0.01499999999999998557 ) ;
#760 =( NAMED_UNIT ( * ) PLANE_ANGLE_UNIT ( ) SI_UNIT ( $, .RADIAN. ) );
#761 = AXIS2_PLACEMENT_3D ( 'NONE', #1279, #726, #572 ) ;
#762 = EDGE_CURVE ( 'NONE', #596, #181, #404, .T. ) ;
#763 = UNCERTAINTY_MEASURE_WITH_UNIT (LENGTH_MEASURE( 1.000000000000000082E-05 ), #645, 'distance_accuracy_value', 'NONE');
#764 = VECTOR ( 'NONE', #1126, 1000.000000000000000 ) ;
#765 = CARTESIAN_POINT ( 'NONE',  ( 0.2849999999999999756, 0.01499999999999998557, -0.1349999999999999256 ) ) ;
#766 = FACE_OUTER_BOUND ( 'NONE', #83, .T. ) ;
#767 = EDGE_CURVE ( 'NONE', #596, #71, #830, .T. ) ;
#768 = DIRECTION ( 'NONE',  ( 1.000000000000000000, 0.000000000000000000, 0.000000000000000000 ) ) ;
#769 = CARTESIAN_POINT ( 'NONE',  ( 0.1999999999999999278, 0.3300000000000000155, 0.1349999999999999534 ) ) ;
#770 = EDGE_CURVE ( 'NONE', #498, #581, #1315, .T. ) ;
#771 = FACE_OUTER_BOUND ( 'NONE', #554, .T. ) ;
#772 = ADVANCED_FACE ( 'NONE', ( #841 ), #720, .F. ) ;
#773 = DIRECTION ( 'NONE',  ( -1.000000000000000000, -0.000000000000000000, 8.673617379884036705E-17 ) ) ;
#774 = EDGE_CURVE ( 'NONE', #1050, #596, #380, .T. ) ;
#775 = LINE ( 'NONE', #1246, #333 ) ;
#776 = DIRECTION ( 'NONE',  ( 1.807003620809174632E-16, -0.000000000000000000, 1.000000000000000000 ) ) ;
#777 = CARTESIAN_POINT ( 'NONE',  ( -0.2999999999999999334, 0.3150000000000000022, 0.1499999999999999667 ) ) ;
#778 = AXIS2_PLACEMENT_3D ( 'NONE', #1051, #407, #945 ) ;
#779 = LINE ( 'NONE', #361, #1224 ) ;
#780 = EDGE_CURVE ( 'NONE', #105, #601, #1332, .T. ) ;
#781 = LINE ( 'NONE', #269, #1262 ) ;
#782 =( GEOMETRIC_REPRESENTATION_CONTEXT ( 3 ) GLOBAL_UNCERTAINTY_ASSIGNED_CONTEXT ( ( #1274 ) ) GLOBAL_UNIT_ASSIGNED_CONTEXT ( ( #316, #723, #585 ) ) REPRESENTATION_CONTEXT ( 'NONE', 'WORKASPACE' ) );
#783 = SURFACE_SIDE_STYLE ('',( #1229 ) ) ;
#784 = LINE ( 'NONE', #367, #748 ) ;
#785 = PLANE ( 'NONE',  #1213 ) ;
#786 = CARTESIAN_POINT ( 'NONE',  ( 0.2849999999999999201, 0.01499999999999998557, 0.1349999999999999811 ) ) ;
#787 = EDGE_CURVE ( 'NONE', #567, #77, #387, .T. ) ;
#788 = DIRECTION ( 'NONE',  ( 1.000000000000000000, 0.000000000000000000, 0.000000000000000000 ) ) ;
#789 = AXIS2_PLACEMENT_3D ( 'NONE', #1355, #384, #727 ) ;
#790 = APPLICATION_PROTOCOL_DEFINITION ( 'draft international standard', 'automotive_design', 1998, #299 ) ;
#791 = MECHANICAL_DESIGN_GEOMETRIC_PRESENTATION_REPRESENTATION (  '', ( #944 ), #480 ) ;
#792 = DIRECTION ( 'NONE',  ( -1.000000000000000000, 0.000000000000000000, -1.807003620809174632E-16 ) ) ;
#793 = ADVANCED_FACE ( 'NONE', ( #392 ), #23, .F. ) ;
#794 = CARTESIAN_POINT ( 'NONE',  ( 0.2849999999999999756, 0.000000000000000000, -0.1349999999999999256 ) ) ;
#795 = DIRECTION ( 'NONE',  ( 0.000000000000000000, 0.000000000000000000, -1.000000000000000000 ) ) ;
#796 = AXIS2_PLACEMENT_3D ( 'NONE', #576, #1284, #371 ) ;
#797 = DIRECTION ( 'NONE',  ( 0.000000000000000000, 1.000000000000000000, 0.000000000000000000 ) ) ;
#798 = CARTESIAN_POINT ( 'NONE',  ( 0.2000000000066393113, 0.01499999999999998557, -0.1349999999999999811 ) ) ;
#799 = SPHERICAL_SURFACE ( 'NONE', #898, 0.01499999999999999944 ) ;
#800 = SURFACE_SIDE_STYLE ('',( #1211 ) ) ;
#801 = LINE ( 'NONE', #5, #1286 ) ;
#802 = LINE ( 'NONE', #325, #345 ) ;
#803 = VECTOR ( 'NONE', #1003, 1000.000000000000000 ) ;
#804 = EDGE_CURVE ( 'NONE', #189, #1050, #1388, .T. ) ;
#805 = AXIS2_PLACEMENT_3D ( 'NONE', #388, #1357, #478 ) ;
#806 = CARTESIAN_POINT ( 'NONE',  ( 0.2849999999999999756, 0.3300000000000000155, -0.1499999999999999389 ) ) ;
#807 = DIRECTION ( 'NONE',  ( 1.000000000000000000, -0.000000000000000000, -0.000000000000000000 ) ) ;
#808 = CARTESIAN_POINT ( 'NONE',  ( 0.1999999999999999278, 0.3150000000000000022, -0.1499999999999999389 ) ) ;
#809 = CARTESIAN_POINT ( 'NONE',  ( 0.2850000000000000311, 0.3300000000000000155, -0.1349999999999999256 ) ) ;
#810 = CYLINDRICAL_SURFACE ( 'NONE', #466, 0.009999999999999998473 ) ;
#811 = AXIS2_PLACEMENT_3D ( 'NONE', #391, #1347, #9 ) ;
#812 = CARTESIAN_POINT ( 'NONE',  ( 0.2000000000066393113, 0.01499999999999998730, -0.1449999999999999623 ) ) ;
#813 = SURFACE_STYLE_FILL_AREA ( #1201 ) ;
#814 = DIRECTION ( 'NONE',  ( 0.000000000000000000, 0.000000000000000000, -1.000000000000000000 ) ) ;
#815 = EDGE_CURVE ( 'NONE', #102, #71, #871, .T. ) ;
#816 = FACE_OUTER_BOUND ( 'NONE', #149, .T. ) ;
#817 = ADVANCED_FACE ( 'NONE', ( #1392 ), #1401, .T. ) ;
#818 = MECHANICAL_DESIGN_GEOMETRIC_PRESENTATION_REPRESENTATION (  '', ( #1310 ), #694 ) ;
#819 = DIRECTION ( 'NONE',  ( 0.000000000000000000, -1.000000000000000000, 0.000000000000000000 ) ) ;
#820 = FACE_OUTER_BOUND ( 'NONE', #586, .T. ) ;
#821 = FILL_AREA_STYLE_COLOUR ( '', #1275 ) ;
#822 = PRESENTATION_STYLE_ASSIGNMENT (( #197 ) ) ;
#823 = DIRECTION ( 'NONE',  ( -1.000000000000000000, 3.614007241618351532E-15, -0.000000000000000000 ) ) ;
#824 = EDGE_CURVE ( 'NONE', #103, #1096, #426, .T. ) ;
#825 = FILL_AREA_STYLE ('',( #489 ) ) ;
#826 = PRESENTATION_STYLE_ASSIGNMENT (( #984 ) ) ;
#827 = DIRECTION ( 'NONE',  ( 1.000000000000000000, 0.000000000000000000, 0.000000000000000000 ) ) ;
#828 = CARTESIAN_POINT ( 'NONE',  ( -0.2849999999999999756, 0.3150000000000000022, -0.1349999999999999256 ) ) ;
#829 = CARTESIAN_POINT ( 'NONE',  ( -0.2999999999999999889, 0.3300000000000000155, -0.1349999999999999256 ) ) ;
#830 = CIRCLE ( 'NONE', #357, 0.01499999999999999944 ) ;
#831 = PRESENTATION_STYLE_ASSIGNMENT (( #1280 ) ) ;
#832 = EDGE_CURVE ( 'NONE', #60, #103, #1366, .T. ) ;
#833 = CARTESIAN_POINT ( 'NONE',  ( 0.2849999999999999201, 0.000000000000000000, 0.1349999999999999811 ) ) ;
#834 = DIRECTION ( 'NONE',  ( -1.000000000000000000, -0.000000000000000000, -0.000000000000000000 ) ) ;
#835 = LINE ( 'NONE', #1421, #390 ) ;
#836 = CARTESIAN_POINT ( 'NONE',  ( -0.2999999999999999889, 0.3300000000000000155, -0.1499999999999999389 ) ) ;
#837 = AXIS2_PLACEMENT_3D ( 'NONE', #320, #607, #737 ) ;
#838 = CARTESIAN_POINT ( 'NONE',  ( 0.2849999999999999756, 0.3150000000000000022, 5.149960319306147910E-17 ) ) ;
#839 = SPHERICAL_SURFACE ( 'NONE', #789, 0.01499999999999999944 ) ;
#840 = DIRECTION ( 'NONE',  ( 1.000000000000000000, 0.000000000000000000, -0.000000000000000000 ) ) ;
#841 = FACE_OUTER_BOUND ( 'NONE', #497, .T. ) ;
#842 = DIRECTION ( 'NONE',  ( 0.000000000000000000, 1.000000000000000000, -9.035018104045873159E-17 ) ) ;
#843 = SURFACE_STYLE_FILL_AREA ( #825 ) ;
#844 = DIRECTION ( 'NONE',  ( 0.000000000000000000, 0.000000000000000000, 1.000000000000000000 ) ) ;
#845 = VECTOR ( 'NONE', #35, 1000.000000000000000 ) ;
#846 = CARTESIAN_POINT ( 'NONE',  ( 0.2999999999999999334, 0.01499999999999998557, 0.1349999999999999811 ) ) ;
#847 = EDGE_CURVE ( 'NONE', #69, #1045, #416, .T. ) ;
#848 = PRESENTATION_LAYER_ASSIGNMENT (  '', '', ( #579 ) ) ;
#849 = VECTOR ( 'NONE', #313, 1000.000000000000000 ) ;
#850 = AXIS2_PLACEMENT_3D ( 'NONE', #287, #797, #895 ) ;
#851 = DIRECTION ( 'NONE',  ( 1.000000000000000000, -0.000000000000000000, -0.000000000000000000 ) ) ;
#852 = DIRECTION ( 'NONE',  ( -1.000000000000000000, 0.000000000000000000, 0.000000000000000000 ) ) ;
#853 = UNCERTAINTY_MEASURE_WITH_UNIT (LENGTH_MEASURE( 1.000000000000000082E-05 ), #398, 'distance_accuracy_value', 'NONE');
#854 = CARTESIAN_POINT ( 'NONE',  ( -0.1999999999999999278, 0.3150000000000000022, -0.1499999999999999389 ) ) ;
#855 = STYLED_ITEM ( 'NONE', ( #644 ), #1074 ) ;
#856 = LINE ( 'NONE', #1025, #1327 ) ;
#857 = AXIS2_PLACEMENT_3D ( 'NONE', #245, #1228, #519 ) ;
#858 = FACE_OUTER_BOUND ( 'NONE', #651, .T. ) ;
#859 = ADVANCED_FACE ( 'NONE', ( #1359 ), #1383, .T. ) ;
#860 = DIRECTION ( 'NONE',  ( 0.000000000000000000, -1.000000000000000000, 0.000000000000000000 ) ) ;
#861 = CARTESIAN_POINT ( 'NONE',  ( 0.000000000000000000, 0.3150000000000000022, 0.1349999999999999811 ) ) ;
#862 = FILL_AREA_STYLE ('',( #238 ) ) ;
#863 = STYLED_ITEM ( 'NONE', ( #826 ), #556 ) ;
#864 = VECTOR ( 'NONE', #738, 1000.000000000000000 ) ;
#865 = EDGE_CURVE ( 'NONE', #476, #1055, #878, .T. ) ;
#866 = DIRECTION ( 'NONE',  ( 1.000000000000000000, -0.000000000000000000, 0.000000000000000000 ) ) ;
#867 = FILL_AREA_STYLE_COLOUR ( '', #1178 ) ;
#868 = VECTOR ( 'NONE', #363, 1000.000000000000000 ) ;
#869 = CARTESIAN_POINT ( 'NONE',  ( -0.2849999999999999756, 0.01499999999999998557, -0.1349999999999999256 ) ) ;
#870 = MECHANICAL_DESIGN_GEOMETRIC_PRESENTATION_REPRESENTATION (  '', ( #855 ), #417 ) ;
#871 = LINE ( 'NONE', #163, #1352 ) ;
#872 = EDGE_CURVE ( 'NONE', #638, #1416, #429, .T. ) ;
#873 = CYLINDRICAL_SURFACE ( 'NONE', #1354, 0.009999999999999998473 ) ;
#874 = DIRECTION ( 'NONE',  ( 0.000000000000000000, -0.000000000000000000, -1.000000000000000000 ) ) ;
#875 = CARTESIAN_POINT ( 'NONE',  ( 0.2849999999999999756, 0.3150000000000000022, -0.1349999999999999256 ) ) ;
#876 = EDGE_CURVE ( 'NONE', #205, #637, #1397, .T. ) ;
#877 =( LENGTH_UNIT ( ) NAMED_UNIT ( * ) SI_UNIT ( .MILLI., .METRE. ) );
#878 = CIRCLE ( 'NONE', #1289, 0.009999999999999972453 ) ;
#879 = DIRECTION ( 'NONE',  ( 0.000000000000000000, 1.000000000000000000, 0.000000000000000000 ) ) ;
#880 = DIRECTION ( 'NONE',  ( -0.000000000000000000, 1.000000000000000000, -0.000000000000000000 ) ) ;
#881 = CYLINDRICAL_SURFACE ( 'NONE', #176, 0.01499999999999998557 ) ;
#882 = PRESENTATION_LAYER_ASSIGNMENT (  '', '', ( #193 ) ) ;
#883 = SPHERICAL_SURFACE ( 'NONE', #250, 0.01499999999999999944 ) ;
#884 = EDGE_CURVE ( 'NONE', #490, #580, #1376, .T. ) ;
#885 = FACE_OUTER_BOUND ( 'NONE', #1138, .T. ) ;
#886 = EDGE_CURVE ( 'NONE', #564, #498, #419, .T. ) ;
#887 = DIRECTION ( 'NONE',  ( 1.000000000000000000, 0.000000000000000000, 0.000000000000000000 ) ) ;
#888 = VECTOR ( 'NONE', #30, 1000.000000000000000 ) ;
#889 = DIRECTION ( 'NONE',  ( -1.000000000000000000, 0.000000000000000000, 1.807003620809173399E-16 ) ) ;
#890 = CARTESIAN_POINT ( 'NONE',  ( -0.1999999999999999278, 0.3150000000000000022, 0.1499999999999999667 ) ) ;
#891 = FACE_OUTER_BOUND ( 'NONE', #118, .T. ) ;
#892 = ADVANCED_FACE ( 'NONE', ( #885 ), #881, .T. ) ;
#893 = CIRCLE ( 'NONE', #591, 0.01499999999999998557 ) ;
#894 = EDGE_CURVE ( 'NONE', #1415, #476, #423, .T. ) ;
#895 = DIRECTION ( 'NONE',  ( 0.000000000000000000, -0.000000000000000000, 1.000000000000000000 ) ) ;
#896 = DIRECTION ( 'NONE',  ( 1.000000000000000000, 0.000000000000000000, 0.000000000000000000 ) ) ;
#897 = VECTOR ( 'NONE', #288, 1000.000000000000000 ) ;
#898 = AXIS2_PLACEMENT_3D ( 'NONE', #161, #29, #1018 ) ;
#899 = CARTESIAN_POINT ( 'NONE',  ( 0.2849999999999999756, 0.01499999999999998557, -0.1349999999999999256 ) ) ;
#900 = FILL_AREA_STYLE ('',( #1134 ) ) ;
#901 = COLOUR_RGB ( '',0.7294117647058823151, 0.3568627450980392246, 0.02352941176470588203 ) ;
#902 = CARTESIAN_POINT ( 'NONE',  ( -0.2849999999999999201, 0.01499999999999999944, 0.1349999999999999811 ) ) ;
#903 = LINE ( 'NONE', #924, #413 ) ;
#904 = DIRECTION ( 'NONE',  ( 0.000000000000000000, 0.000000000000000000, 1.000000000000000000 ) ) ;
#905 = DIRECTION ( 'NONE',  ( 8.673617379884036705E-17, 9.035018104045874392E-17, 1.000000000000000000 ) ) ;
#906 = CARTESIAN_POINT ( 'NONE',  ( 0.2849999999999999201, 0.3150000000000000022, 0.1499999999999999667 ) ) ;
#907 = VECTOR ( 'NONE', #991, 1000.000000000000000 ) ;
#908 = DIRECTION ( 'NONE',  ( 0.000000000000000000, 0.000000000000000000, 1.000000000000000000 ) ) ;
#909 = FACE_OUTER_BOUND ( 'NONE', #1147, .T. ) ;
#910 = DIRECTION ( 'NONE',  ( -0.000000000000000000, -0.000000000000000000, -1.000000000000000000 ) ) ;
#911 =( LENGTH_UNIT ( ) NAMED_UNIT ( * ) SI_UNIT ( .MILLI., .METRE. ) );
#912 = CARTESIAN_POINT ( 'NONE',  ( -0.1999999999999999278, 0.3300000000000000155, 0.1349999999999999811 ) ) ;
#913 = DIRECTION ( 'NONE',  ( -1.000000000000000000, -0.000000000000000000, -0.000000000000000000 ) ) ;
#914 = AXIS2_PLACEMENT_3D ( 'NONE', #669, #310, #505 ) ;
#915 = CARTESIAN_POINT ( 'NONE',  ( 0.2999999999999999334, 0.3150000000000000022, 0.1499999999999999667 ) ) ;
#916 = ORIENTED_EDGE ( 'NONE', *, *, #432, .F. ) ;
#917 = AXIS2_PLACEMENT_3D ( 'NONE', #282, #146, #112 ) ;
#918 = FILL_AREA_STYLE ('',( #821 ) ) ;
#919 = DIRECTION ( 'NONE',  ( 1.000000000000000000, 0.000000000000000000, 0.000000000000000000 ) ) ;
#920 = DIRECTION ( 'NONE',  ( -3.614007241618351532E-15, -1.000000000000000000, 0.000000000000000000 ) ) ;
#921 = CARTESIAN_POINT ( 'NONE',  ( 0.2999999999999999334, 0.3300000000000000155, 0.1349999999999999534 ) ) ;
#922 = AXIS2_PLACEMENT_3D ( 'NONE', #1093, #788, #124 ) ;
#923 = CARTESIAN_POINT ( 'NONE',  ( -0.2849999999999999201, 0.3300000000000000155, 0.1499999999999999667 ) ) ;
#924 = CARTESIAN_POINT ( 'NONE',  ( 500000.0000000000582, 0.004999999999999999237, -0.1350000000433679015 ) ) ;
#925 = CARTESIAN_POINT ( 'NONE',  ( -0.2849999999999999756, 0.01499999999999999944, -0.1349999999999999256 ) ) ;
#926 = VERTEX_POINT ( 'NONE', #846 ) ;
#927 = AXIS2_PLACEMENT_3D ( 'NONE', #752, #1390, #502 ) ;
#928 = CARTESIAN_POINT ( 'NONE',  ( 0.000000000000000000, 0.000000000000000000, 0.1349999999999999811 ) ) ;
#929 = CARTESIAN_POINT ( 'NONE',  ( -0.2999999999999999334, 0.3300000000000000155, 0.1499999999999999667 ) ) ;
#930 = EDGE_CURVE ( 'NONE', #136, #81, #1395, .T. ) ;
#931 = SURFACE_STYLE_USAGE ( .BOTH. , #1276 ) ;
#932 = DIRECTION ( 'NONE',  ( -0.000000000000000000, 1.000000000000000000, -0.000000000000000000 ) ) ;
#933 = AXIS2_PLACEMENT_3D ( 'NONE', #925, #1291, #1218 ) ;
#934 = CARTESIAN_POINT ( 'NONE',  ( -0.1999999999999999278, 0.01499999999999998557, 0.1349999999999999811 ) ) ;
#935 = ORIENTED_EDGE ( 'NONE', *, *, #1299, .T. ) ;
#936 = EDGE_CURVE ( 'NONE', #69, #558, #903, .T. ) ;
#937 = DIRECTION ( 'NONE',  ( 0.000000000000000000, 1.000000000000000000, 0.000000000000000000 ) ) ;
#938 = CARTESIAN_POINT ( 'NONE',  ( 500000.0000000000582, 0.3150000000000000022, 0.1449999999566318198 ) ) ;
#939 = CARTESIAN_POINT ( 'NONE',  ( -0.2849999999999999756, 0.3150000000000000022, -0.1349999999999999256 ) ) ;
#940 = DIRECTION ( 'NONE',  ( 1.000000000000000000, -0.000000000000000000, -0.000000000000000000 ) ) ;
#941 = ADVANCED_FACE ( 'NONE', ( #909 ), #1019, .F. ) ;
#942 = EDGE_CURVE ( 'NONE', #205, #926, #893, .T. ) ;
#943 = VERTEX_POINT ( 'NONE', #213 ) ;
#944 = STYLED_ITEM ( 'NONE', ( #247 ), #254 ) ;
#945 = DIRECTION ( 'NONE',  ( 0.000000000000000000, -0.000000000000000000, 1.000000000000000000 ) ) ;
#946 = CARTESIAN_POINT ( 'NONE',  ( 0.2849999999999999756, 0.01499999999999999944, -0.1349999999999999256 ) ) ;
#947 =( NAMED_UNIT ( * ) PLANE_ANGLE_UNIT ( ) SI_UNIT ( $, .RADIAN. ) );
#948 = EDGE_LOOP ( 'NONE', ( #1429, #551, #122, #67 ) ) ;
#949 = STYLED_ITEM ( 'NONE', ( #406 ), #951 ) ;
#950 = ADVANCED_FACE ( 'NONE', ( #1371 ), #883, .T. ) ;
#951 = ADVANCED_FACE ( 'NONE', ( #891 ), #873, .T. ) ;
#952 = ORIENTED_EDGE ( 'NONE', *, *, #278, .F. ) ;
#953 = ORIENTED_EDGE ( 'NONE', *, *, #1087, .T. ) ;
#954 = DIRECTION ( 'NONE',  ( 0.000000000000000000, 0.000000000000000000, -1.000000000000000000 ) ) ;
#955 = DIRECTION ( 'NONE',  ( -1.000000000000000000, -0.000000000000000000, -0.000000000000000000 ) ) ;
#956 = VERTEX_POINT ( 'NONE', #1340 ) ;
#957 = VERTEX_POINT ( 'NONE', #75 ) ;
#958 = CARTESIAN_POINT ( 'NONE',  ( -0.1999999999999999278, 0.01499999999999998557, -0.1499999999999999389 ) ) ;
#959 = DIRECTION ( 'NONE',  ( -0.000000000000000000, -0.000000000000000000, -1.000000000000000000 ) ) ;
#960 = EDGE_CURVE ( 'NONE', #956, #452, #130, .T. ) ;
#961 = ORIENTED_EDGE ( 'NONE', *, *, #356, .T. ) ;
#962 = MECHANICAL_DESIGN_GEOMETRIC_PRESENTATION_REPRESENTATION (  '', ( #863 ), #409 ) ;
#963 = ORIENTED_EDGE ( 'NONE', *, *, #804, .F. ) ;
#964 = EDGE_CURVE ( 'NONE', #548, #544, #650, .T. ) ;
#965 = ADVANCED_FACE ( 'NONE', ( #1070 ), #785, .F. ) ;
#966 = ORIENTED_EDGE ( 'NONE', *, *, #522, .T. ) ;
#967 = CARTESIAN_POINT ( 'NONE',  ( -0.2849999999999999756, 0.3300000000000000155, 0.1349999999999999811 ) ) ;
#968 = EDGE_CURVE ( 'NONE', #120, #498, #153, .T. ) ;
#969 = ORIENTED_EDGE ( 'NONE', *, *, #1282, .T. ) ;
#970 = CARTESIAN_POINT ( 'NONE',  ( -0.2849999999999999756, 0.3300000000000000155, 0.1499999999999999667 ) ) ;
#971 = AXIS2_PLACEMENT_3D ( 'NONE', #1419, #671, #1326 ) ;
#972 = CARTESIAN_POINT ( 'NONE',  ( -0.1999999999999999278, 0.3150000000000000022, 0.1449999999999999345 ) ) ;
#973 = ORIENTED_EDGE ( 'NONE', *, *, #356, .F. ) ;
#974 = UNCERTAINTY_MEASURE_WITH_UNIT (LENGTH_MEASURE( 1.000000000000000082E-05 ), #428, 'distance_accuracy_value', 'NONE');
#975 = ORIENTED_EDGE ( 'NONE', *, *, #930, .T. ) ;
#976 = DIRECTION ( 'NONE',  ( -0.000000000000000000, -1.000000000000000000, -0.000000000000000000 ) ) ;
#977 = ORIENTED_EDGE ( 'NONE', *, *, #999, .F. ) ;
#978 = DIRECTION ( 'NONE',  ( 0.000000000000000000, 0.000000000000000000, -1.000000000000000000 ) ) ;
#979 = AXIS2_PLACEMENT_3D ( 'NONE', #221, #827, #322 ) ;
#980 = CARTESIAN_POINT ( 'NONE',  ( -0.2849999999999999201, 0.3150000000000000022, 0.1349999999999999811 ) ) ;
#981 = ORIENTED_EDGE ( 'NONE', *, *, #562, .F. ) ;
#982 = DIRECTION ( 'NONE',  ( -1.000000000000000000, 0.000000000000000000, -3.614007241618345221E-15 ) ) ;
#983 = CARTESIAN_POINT ( 'NONE',  ( 0.2849999999999999756, 0.000000000000000000, 5.149960319306147910E-17 ) ) ;
#984 = SURFACE_STYLE_USAGE ( .BOTH. , #1342 ) ;
#985 = AXIS2_PLACEMENT_3D ( 'NONE', #934, #1411, #64 ) ;
#986 = ORIENTED_EDGE ( 'NONE', *, *, #1067, .F. ) ;
#987 = ORIENTED_EDGE ( 'NONE', *, *, #815, .F. ) ;
#988 = DIRECTION ( 'NONE',  ( 1.000000000000000000, 0.000000000000000000, 0.000000000000000000 ) ) ;
#989 = ORIENTED_EDGE ( 'NONE', *, *, #408, .F. ) ;
#990 = CARTESIAN_POINT ( 'NONE',  ( -0.2999999999999999334, 0.01499999999999998557, 0.1349999999999999811 ) ) ;
#991 = DIRECTION ( 'NONE',  ( 1.807003620809174632E-16, -0.000000000000000000, -1.000000000000000000 ) ) ;
#992 = ORIENTED_EDGE ( 'NONE', *, *, #372, .F. ) ;
#993 = CARTESIAN_POINT ( 'NONE',  ( -0.1999999999999999278, 0.01499999999999998730, -0.1449999999999999067 ) ) ;
#994 = AXIS2_PLACEMENT_3D ( 'NONE', #1381, #851, #314 ) ;
#995 =( NAMED_UNIT ( * ) SI_UNIT ( $, .STERADIAN. ) SOLID_ANGLE_UNIT ( ) );
#996 = DIRECTION ( 'NONE',  ( 0.000000000000000000, 0.000000000000000000, 1.000000000000000000 ) ) ;
#997 = ORIENTED_EDGE ( 'NONE', *, *, #493, .T. ) ;
#998 = ADVANCED_FACE ( 'NONE', ( #623 ), #636, .T. ) ;
#999 = EDGE_CURVE ( 'NONE', #596, #1109, #177, .T. ) ;
#1000 = CARTESIAN_POINT ( 'NONE',  ( 0.1999999999999999278, 0.3300000000000000155, 0.1499999999999999667 ) ) ;
#1001 = AXIS2_PLACEMENT_3D ( 'NONE', #1271, #1152, #37 ) ;
#1002 = ORIENTED_EDGE ( 'NONE', *, *, #747, .F. ) ;
#1003 = DIRECTION ( 'NONE',  ( -1.000000000000000000, 0.000000000000000000, 0.000000000000000000 ) ) ;
#1004 = ORIENTED_EDGE ( 'NONE', *, *, #639, .T. ) ;
#1005 = DIRECTION ( 'NONE',  ( -0.000000000000000000, 1.000000000000000000, -0.000000000000000000 ) ) ;
#1006 = EDGE_LOOP ( 'NONE', ( #1030, #1046, #553, #92 ) ) ;
#1007 = EDGE_LOOP ( 'NONE', ( #10, #1128, #977 ) ) ;
#1008 = CARTESIAN_POINT ( 'NONE',  ( 0.2849999999999999201, 0.01499999999999998557, 0.1499999999999999667 ) ) ;
#1009 = DIRECTION ( 'NONE',  ( -8.673617379884036705E-17, 0.000000000000000000, -1.000000000000000000 ) ) ;
#1010 = ADVANCED_FACE ( 'NONE', ( #640 ), #1097, .T. ) ;
#1011 = VERTEX_POINT ( 'NONE', #532 ) ;
#1012 = ORIENTED_EDGE ( 'NONE', *, *, #930, .F. ) ;
#1013 = ORIENTED_EDGE ( 'NONE', *, *, #1410, .T. ) ;
#1014 = VERTEX_POINT ( 'NONE', #513 ) ;
#1015 = DIRECTION ( 'NONE',  ( -0.000000000000000000, -1.000000000000000000, -0.000000000000000000 ) ) ;
#1016 = EDGE_CURVE ( 'NONE', #1109, #590, #1122, .T. ) ;
#1017 = ORIENTED_EDGE ( 'NONE', *, *, #1149, .T. ) ;
#1018 = DIRECTION ( 'NONE',  ( -1.000000000000000000, 0.000000000000000000, 0.000000000000000000 ) ) ;
#1019 = PLANE ( 'NONE',  #1199 ) ;
#1020 = ORIENTED_EDGE ( 'NONE', *, *, #258, .T. ) ;
#1021 = AXIS2_PLACEMENT_3D ( 'NONE', #1283, #1214, #190 ) ;
#1022 = ORIENTED_EDGE ( 'NONE', *, *, #106, .F. ) ;
#1023 = ORIENTED_EDGE ( 'NONE', *, *, #964, .T. ) ;
#1024 = CARTESIAN_POINT ( 'NONE',  ( -0.1999999999999999278, 0.01499999999999998557, -0.1449999999999999067 ) ) ;
#1025 = CARTESIAN_POINT ( 'NONE',  ( -0.1999999999999999278, 0.3250000000000000111, -0.1349999999999999256 ) ) ;
#1026 = ORIENTED_EDGE ( 'NONE', *, *, #24, .F. ) ;
#1027 =( LENGTH_UNIT ( ) NAMED_UNIT ( * ) SI_UNIT ( .MILLI., .METRE. ) );
#1028 = ORIENTED_EDGE ( 'NONE', *, *, #710, .T. ) ;
#1029 = AXIS2_PLACEMENT_3D ( 'NONE', #492, #566, #381 ) ;
#1030 = ORIENTED_EDGE ( 'NONE', *, *, #894, .F. ) ;
#1031 = DIRECTION ( 'NONE',  ( 0.000000000000000000, 1.000000000000000000, 0.000000000000000000 ) ) ;
#1032 = ORIENTED_EDGE ( 'NONE', *, *, #396, .T. ) ;
#1033 = DIRECTION ( 'NONE',  ( 0.000000000000000000, 0.000000000000000000, -1.000000000000000000 ) ) ;
#1034 = VERTEX_POINT ( 'NONE', #769 ) ;
#1035 = ORIENTED_EDGE ( 'NONE', *, *, #747, .T. ) ;
#1036 = ORIENTED_EDGE ( 'NONE', *, *, #562, .T. ) ;
#1037 = CARTESIAN_POINT ( 'NONE',  ( 500000.0000000000582, 0.01499999999999998557, -0.1350000000433680403 ) ) ;
#1038 = DIRECTION ( 'NONE',  ( -0.000000000000000000, 1.000000000000000000, -0.000000000000000000 ) ) ;
#1039 = ORIENTED_EDGE ( 'NONE', *, *, #327, .T. ) ;
#1040 = DIRECTION ( 'NONE',  ( 1.000000000000000000, 0.000000000000000000, -1.807003620809174632E-16 ) ) ;
#1041 = EDGE_LOOP ( 'NONE', ( #32, #630, #1085, #504 ) ) ;
#1043 = ORIENTED_EDGE ( 'NONE', *, *, #370, .T. ) ;
#1042 =( GEOMETRIC_REPRESENTATION_CONTEXT ( 3 ) GLOBAL_UNCERTAINTY_ASSIGNED_CONTEXT ( ( #365 ) ) GLOBAL_UNIT_ASSIGNED_CONTEXT ( ( #1266, #602, #309 ) ) REPRESENTATION_CONTEXT ( 'NONE', 'WORKASPACE' ) );
#1044 = DIRECTION ( 'NONE',  ( 1.000000000000000000, 0.000000000000000000, 0.000000000000000000 ) ) ;
#1045 = VERTEX_POINT ( 'NONE', #445 ) ;
#1046 = ORIENTED_EDGE ( 'NONE', *, *, #106, .T. ) ;
#1047 = ORIENTED_EDGE ( 'NONE', *, *, #1321, .T. ) ;
#1048 = ORIENTED_EDGE ( 'NONE', *, *, #847, .T. ) ;
#1049 = ORIENTED_EDGE ( 'NONE', *, *, #964, .F. ) ;
#1050 = VERTEX_POINT ( 'NONE', #958 ) ;
#1051 = CARTESIAN_POINT ( 'NONE',  ( 0.000000000000000000, 0.000000000000000000, 0.000000000000000000 ) ) ;
#1052 = ORIENTED_EDGE ( 'NONE', *, *, #454, .F. ) ;
#1053 = DIRECTION ( 'NONE',  ( 1.000000000000000000, -0.000000000000000000, -0.000000000000000000 ) ) ;
#1054 = PRODUCT_DEFINITION_FORMATION_WITH_SPECIFIED_SOURCE ( 'ANY', '', #1385, .NOT_KNOWN. ) ;
#1055 = VERTEX_POINT ( 'NONE', #673 ) ;
#1056 = ORIENTED_EDGE ( 'NONE', *, *, #762, .T. ) ;
#1057 = ORIENTED_EDGE ( 'NONE', *, *, #865, .F. ) ;
#1058 = ORIENTED_EDGE ( 'NONE', *, *, #57, .F. ) ;
#1059 = CYLINDRICAL_SURFACE ( 'NONE', #232, 0.009999999999999972453 ) ;
#1060 = EDGE_LOOP ( 'NONE', ( #1089, #36, #178 ) ) ;
#1061 =( LENGTH_UNIT ( ) NAMED_UNIT ( * ) SI_UNIT ( .MILLI., .METRE. ) );
#1062 = CYLINDRICAL_SURFACE ( 'NONE', #719, 0.01499999999999998557 ) ;
#1063 = PRESENTATION_LAYER_ASSIGNMENT (  '', '', ( #437 ) ) ;
#1064 = EDGE_LOOP ( 'NONE', ( #1141, #1026, #93, #612 ) ) ;
#1065 = ORIENTED_EDGE ( 'NONE', *, *, #1177, .F. ) ;
#1066 = ORIENTED_EDGE ( 'NONE', *, *, #1242, .F. ) ;
#1067 = EDGE_CURVE ( 'NONE', #102, #638, #1118, .T. ) ;
#1068 = CARTESIAN_POINT ( 'NONE',  ( 0.1999999999999999278, 0.000000000000000000, -0.1349999999999999256 ) ) ;
#1069 = ORIENTED_EDGE ( 'NONE', *, *, #412, .F. ) ;
#1070 = FACE_OUTER_BOUND ( 'NONE', #2, .T. ) ;
#1071 = VECTOR ( 'NONE', #807, 1000.000000000000000 ) ;
#1072 = CLOSED_SHELL ( 'NONE', ( #552, #772, #1, #529, #422, #1150, #254, #264, #1409, #951 ) ) ;
#1073 = EDGE_LOOP ( 'NONE', ( #1136, #1081, #462, #916 ) ) ;
#1074 = MANIFOLD_SOLID_BREP ( 'Boss-Extrude2', #1072 ) ;
#1075 = SURFACE_STYLE_FILL_AREA ( #328 ) ;
#1076 = ORIENTED_EDGE ( 'NONE', *, *, #968, .T. ) ;
#1077 = DIRECTION ( 'NONE',  ( -8.673617379884036705E-17, 0.000000000000000000, -1.000000000000000000 ) ) ;
#1078 = LINE ( 'NONE', #854, #1129 ) ;
#1079 = ORIENTED_EDGE ( 'NONE', *, *, #463, .F. ) ;
#1080 = ORIENTED_EDGE ( 'NONE', *, *, #258, .F. ) ;
#1081 = ORIENTED_EDGE ( 'NONE', *, *, #762, .F. ) ;
#1082 = CARTESIAN_POINT ( 'NONE',  ( -0.1999999999999999278, 0.3150000000000000022, 0.1349999999999999811 ) ) ;
#1083 = EDGE_LOOP ( 'NONE', ( #1101, #664, #1017, #28 ) ) ;
#1084 = CARTESIAN_POINT ( 'NONE',  ( -0.2999999999999999889, 0.01499999999999998557, -0.1349999999999999256 ) ) ;
#1085 = ORIENTED_EDGE ( 'NONE', *, *, #1242, .T. ) ;
#1086 = COLOUR_RGB ( '',0.7294117647058823151, 0.3568627450980392246, 0.02352941176470588203 ) ;
#1087 = EDGE_CURVE ( 'NONE', #181, #568, #1078, .T. ) ;
#1088 = ORIENTED_EDGE ( 'NONE', *, *, #448, .T. ) ;
#1089 = ORIENTED_EDGE ( 'NONE', *, *, #1067, .T. ) ;
#1090 = ORIENTED_EDGE ( 'NONE', *, *, #886, .F. ) ;
#1091 = ORIENTED_EDGE ( 'NONE', *, *, #1362, .T. ) ;
#1092 = AXIS2_PLACEMENT_3D ( 'NONE', #230, #905, #635 ) ;
#1093 = CARTESIAN_POINT ( 'NONE',  ( 0.1999999999999999278, 0.01499999999999998557, -0.1349999999999999256 ) ) ;
#1094 = ORIENTED_EDGE ( 'NONE', *, *, #1222, .F. ) ;
#1095 = COLOUR_RGB ( '',0.7921568627450980005, 0.8196078431372548767, 0.9333333333333333481 ) ;
#1096 = VERTEX_POINT ( 'NONE', #1068 ) ;
#1097 = CYLINDRICAL_SURFACE ( 'NONE', #296, 0.01499999999999998557 ) ;
#1098 = ORIENTED_EDGE ( 'NONE', *, *, #463, .T. ) ;
#1099 = ORIENTED_EDGE ( 'NONE', *, *, #942, .F. ) ;
#1100 = SURFACE_SIDE_STYLE ('',( #1103 ) ) ;
#1101 = ORIENTED_EDGE ( 'NONE', *, *, #832, .T. ) ;
#1102 = DIRECTION ( 'NONE',  ( 1.000000000000000000, 0.000000000000000000, 0.000000000000000000 ) ) ;
#1103 = SURFACE_STYLE_FILL_AREA ( #862 ) ;
#1104 = ORIENTED_EDGE ( 'NONE', *, *, #327, .F. ) ;
#1105 = PRESENTATION_STYLE_ASSIGNMENT (( #414 ) ) ;
#1106 = ORIENTED_EDGE ( 'NONE', *, *, #1299, .F. ) ;
#1107 = ORIENTED_EDGE ( 'NONE', *, *, #42, .T. ) ;
#1108 = LINE ( 'NONE', #335, #1071 ) ;
#1109 = VERTEX_POINT ( 'NONE', #1084 ) ;
#1110 = CARTESIAN_POINT ( 'NONE',  ( 0.2000000000066393113, 0.3150000000000000022, -0.1349999999999999811 ) ) ;
#1111 = ORIENTED_EDGE ( 'NONE', *, *, #774, .F. ) ;
#1112 = ORIENTED_EDGE ( 'NONE', *, *, #894, .T. ) ;
#1113 = VECTOR ( 'NONE', #266, 1000.000000000000000 ) ;
#1114 = CIRCLE ( 'NONE', #26, 0.01499999999999999944 ) ;
#1115 = ORIENTED_EDGE ( 'NONE', *, *, #42, .F. ) ;
#1116 = CARTESIAN_POINT ( 'NONE',  ( -0.2999999999999999334, 0.01499999999999998557, 0.1349999999999999811 ) ) ;
#1117 = EDGE_CURVE ( 'NONE', #564, #137, #195, .T. ) ;
#1118 = CIRCLE ( 'NONE', #685, 0.01499999999999998557 ) ;
#1119 =( GEOMETRIC_REPRESENTATION_CONTEXT ( 3 ) GLOBAL_UNCERTAINTY_ASSIGNED_CONTEXT ( ( #1204 ) ) GLOBAL_UNIT_ASSIGNED_CONTEXT ( ( #1364, #1380, #202 ) ) REPRESENTATION_CONTEXT ( 'NONE', 'WORKASPACE' ) );
#1120 = ORIENTED_EDGE ( 'NONE', *, *, #1313, .F. ) ;
#1121 = ORIENTED_EDGE ( 'NONE', *, *, #767, .F. ) ;
#1122 = LINE ( 'NONE', #272, #135 ) ;
#1123 = AXIS2_PLACEMENT_3D ( 'NONE', #706, #687, #678 ) ;
#1124 = ORIENTED_EDGE ( 'NONE', *, *, #408, .T. ) ;
#1125 = ORIENTED_EDGE ( 'NONE', *, *, #1222, .T. ) ;
#1126 = DIRECTION ( 'NONE',  ( 1.807003620809174632E-16, -0.000000000000000000, -1.000000000000000000 ) ) ;
#1127 = ORIENTED_EDGE ( 'NONE', *, *, #1205, .F. ) ;
#1128 = ORIENTED_EDGE ( 'NONE', *, *, #217, .T. ) ;
#1129 = VECTOR ( 'NONE', #940, 1000.000000000000000 ) ;
#1130 = ORIENTED_EDGE ( 'NONE', *, *, #493, .F. ) ;
#1131 =( NAMED_UNIT ( * ) PLANE_ANGLE_UNIT ( ) SI_UNIT ( $, .RADIAN. ) );
#1132 = ORIENTED_EDGE ( 'NONE', *, *, #832, .F. ) ;
#1133 = PRESENTATION_LAYER_ASSIGNMENT (  '', '', ( #315 ) ) ;
#1134 = FILL_AREA_STYLE_COLOUR ( '', #1281 ) ;
#1135 = SURFACE_STYLE_FILL_AREA ( #194 ) ;
#1136 = ORIENTED_EDGE ( 'NONE', *, *, #1194, .T. ) ;
#1137 = STYLED_ITEM ( 'NONE', ( #262 ), #1409 ) ;
#1138 = EDGE_LOOP ( 'NONE', ( #559, #1028, #649, #25 ) ) ;
#1139 = ORIENTED_EDGE ( 'NONE', *, *, #31, .F. ) ;
#1140 = DIRECTION ( 'NONE',  ( 0.000000000000000000, 0.000000000000000000, -1.000000000000000000 ) ) ;
#1141 = ORIENTED_EDGE ( 'NONE', *, *, #876, .F. ) ;
#1142 = ORIENTED_EDGE ( 'NONE', *, *, #787, .T. ) ;
#1143 = ORIENTED_EDGE ( 'NONE', *, *, #1285, .F. ) ;
#1144 = DIRECTION ( 'NONE',  ( 0.000000000000000000, 0.000000000000000000, -1.000000000000000000 ) ) ;
#1145 = ORIENTED_EDGE ( 'NONE', *, *, #1263, .F. ) ;
#1146 = CARTESIAN_POINT ( 'NONE',  ( -0.2849999999999999756, 0.000000000000000000, -0.1349999999999999256 ) ) ;
#1147 = EDGE_LOOP ( 'NONE', ( #617, #546, #473, #1004 ) ) ;
#1148 = ORIENTED_EDGE ( 'NONE', *, *, #522, .F. ) ;
#1149 = EDGE_CURVE ( 'NONE', #205, #77, #662, .T. ) ;
#1150 = ADVANCED_FACE ( 'NONE', ( #653 ), #1059, .T. ) ;
#1151 = CIRCLE ( 'NONE', #1251, 0.01499999999999998557 ) ;
#1152 = DIRECTION ( 'NONE',  ( 0.000000000000000000, -1.000000000000000000, 0.000000000000000000 ) ) ;
#1153 = CIRCLE ( 'NONE', #994, 0.01499999999999999944 ) ;
#1154 = DIRECTION ( 'NONE',  ( -0.000000000000000000, -1.000000000000000000, -0.000000000000000000 ) ) ;
#1155 = CIRCLE ( 'NONE', #330, 0.009999999999999998473 ) ;
#1156 = CARTESIAN_POINT ( 'NONE',  ( -0.1999999999999999278, 0.01499999999999998557, -0.1349999999999999256 ) ) ;
#1157 = CIRCLE ( 'NONE', #933, 0.01499999999999998557 ) ;
#1158 = FACE_OUTER_BOUND ( 'NONE', #1064, .T. ) ;
#1159 = AXIS2_PLACEMENT_3D ( 'NONE', #875, #280, #145 ) ;
#1160 = CARTESIAN_POINT ( 'NONE',  ( 0.2849999999999999201, 0.3150000000000000022, 0.1349999999999999811 ) ) ;
#1161 = CARTESIAN_POINT ( 'NONE',  ( -0.1999999999999999278, 0.3150000000000000022, -0.1349999999999999256 ) ) ;
#1162 = PRESENTATION_LAYER_ASSIGNMENT (  '', '', ( #1137 ) ) ;
#1163 = LINE ( 'NONE', #915, #700 ) ;
#1164 = PLANE ( 'NONE',  #101 ) ;
#1165 = FACE_OUTER_BOUND ( 'NONE', #622, .T. ) ;
#1166 = DIRECTION ( 'NONE',  ( 0.000000000000000000, -1.000000000000000000, 0.000000000000000000 ) ) ;
#1167 = EDGE_CURVE ( 'NONE', #1045, #490, #611, .T. ) ;
#1168 = SURFACE_SIDE_STYLE ('',( #813 ) ) ;
#1169 = CYLINDRICAL_SURFACE ( 'NONE', #971, 0.01499999999999999944 ) ;
#1170 = LINE ( 'NONE', #22, #222 ) ;
#1171 = FILL_AREA_STYLE_COLOUR ( '', #749 ) ;
#1172 = VECTOR ( 'NONE', #819, 1000.000000000000000 ) ;
#1173 = AXIS2_PLACEMENT_3D ( 'NONE', #491, #393, #206 ) ;
#1174 = VECTOR ( 'NONE', #860, 1000.000000000000000 ) ;
#1175 = CARTESIAN_POINT ( 'NONE',  ( 0.1999999999999999278, 0.000000000000000000, 0.1349999999999999534 ) ) ;
#1176 = FACE_OUTER_BOUND ( 'NONE', #1006, .T. ) ;
#1177 = EDGE_CURVE ( 'NONE', #589, #452, #115, .T. ) ;
#1178 = COLOUR_RGB ( '',0.7294117647058823151, 0.3568627450980392246, 0.02352941176470588203 ) ;
#1179 = CARTESIAN_POINT ( 'NONE',  ( 500000.0000000000582, 0.01499999999999998557, 0.1349999999566318665 ) ) ;
#1180 = ADVANCED_FACE ( 'NONE', ( #119 ), #1062, .T. ) ;
#1181 = DIRECTION ( 'NONE',  ( -1.000000000000000000, 0.000000000000000000, -0.000000000000000000 ) ) ;
#1182 = CIRCLE ( 'NONE', #667, 0.01499999999999998557 ) ;
#1183 = PRESENTATION_STYLE_ASSIGNMENT (( #657 ) ) ;
#1184 = FILL_AREA_STYLE_COLOUR ( '', #151 ) ;
#1185 = AXIS2_PLACEMENT_3D ( 'NONE', #1207, #768, #844 ) ;
#1186 = CARTESIAN_POINT ( 'NONE',  ( 500000.0000000000582, 0.3250000000000000111, 0.1349999999566316999 ) ) ;
#1187 = DIRECTION ( 'NONE',  ( 0.000000000000000000, 0.000000000000000000, 1.000000000000000000 ) ) ;
#1188 = LINE ( 'NONE', #1200, #214 ) ;
#1189 = CIRCLE ( 'NONE', #76, 0.01499999999999998557 ) ;
#1190 = FILL_AREA_STYLE ('',( #598 ) ) ;
#1191 = FACE_OUTER_BOUND ( 'NONE', #1060, .T. ) ;
#1192 = DIRECTION ( 'NONE',  ( 1.000000000000000000, -0.000000000000000000, -0.000000000000000000 ) ) ;
#1193 = LINE ( 'NONE', #1000, #261 ) ;
#1194 = EDGE_CURVE ( 'NONE', #601, #181, #147, .T. ) ;
#1195 = CARTESIAN_POINT ( 'NONE',  ( 500000.0000000000582, 0.3150000000000000022, 0.1449999999566318198 ) ) ;
#1196 = CIRCLE ( 'NONE', #268, 0.01499999999999998557 ) ;
#1197 = DIRECTION ( 'NONE',  ( -1.807003620809174632E-16, 0.000000000000000000, -1.000000000000000000 ) ) ;
#1198 = SPHERICAL_SURFACE ( 'NONE', #1268, 0.01499999999999999944 ) ;
#1199 = AXIS2_PLACEMENT_3D ( 'NONE', #929, #1033, #1203 ) ;
#1200 = CARTESIAN_POINT ( 'NONE',  ( 0.000000000000000000, 0.000000000000000000, -0.1349999999999999256 ) ) ;
#1201 = FILL_AREA_STYLE ('',( #180 ) ) ;
#1202 = SURFACE_STYLE_FILL_AREA ( #96 ) ;
#1203 = DIRECTION ( 'NONE',  ( -1.000000000000000000, 0.000000000000000000, -0.000000000000000000 ) ) ;
#1204 = UNCERTAINTY_MEASURE_WITH_UNIT (LENGTH_MEASURE( 1.000000000000000082E-05 ), #1364, 'distance_accuracy_value', 'NONE');
#1205 = EDGE_CURVE ( 'NONE', #589, #638, #592, .T. ) ;
#1206 = STYLED_ITEM ( 'NONE', ( #349 ), #529 ) ;
#1207 = CARTESIAN_POINT ( 'NONE',  ( 0.000000000000000000, 0.3150000000000000022, 0.1349999999999999811 ) ) ;
#1208 = VECTOR ( 'NONE', #932, 1000.000000000000000 ) ;
#1209 = PRESENTATION_LAYER_ASSIGNMENT (  '', '', ( #360 ) ) ;
#1210 = COLOUR_RGB ( '',0.7294117647058823151, 0.3568627450980392246, 0.02352941176470588203 ) ;
#1211 = SURFACE_STYLE_FILL_AREA ( #271 ) ;
#1212 = EDGE_CURVE ( 'NONE', #638, #590, #613, .T. ) ;
#1213 = AXIS2_PLACEMENT_3D ( 'NONE', #99, #792, #521 ) ;
#1214 = DIRECTION ( 'NONE',  ( -1.000000000000000000, -0.000000000000000000, 8.673617379884036705E-17 ) ) ;
#1215 = VECTOR ( 'NONE', #290, 1000.000000000000000 ) ;
#1216 = CARTESIAN_POINT ( 'NONE',  ( 0.2849999999999999756, 0.3300000000000000155, 0.1499999999999999667 ) ) ;
#1217 = LINE ( 'NONE', #750, #1174 ) ;
#1218 = DIRECTION ( 'NONE',  ( -1.000000000000000000, 0.000000000000000000, 0.000000000000000000 ) ) ;
#1219 = AXIS2_PLACEMENT_3D ( 'NONE', #80, #279, #1346 ) ;
#1220 = DIRECTION ( 'NONE',  ( 0.000000000000000000, 0.000000000000000000, 1.000000000000000000 ) ) ;
#1221 = ADVANCED_FACE ( 'NONE', ( #1191 ), #1198, .T. ) ;
#1222 = EDGE_CURVE ( 'NONE', #120, #943, #689, .T. ) ;
#1223 = CARTESIAN_POINT ( 'NONE',  ( -0.2849999999999999756, 0.01499999999999998557, -0.1499999999999999389 ) ) ;
#1224 = VECTOR ( 'NONE', #263, 1000.000000000000000 ) ;
#1225 = LINE ( 'NONE', #806, #753 ) ;
#1226 = CARTESIAN_POINT ( 'NONE',  ( 0.2999999999999999889, 0.3150000000000000022, -0.1499999999999999389 ) ) ;
#1227 = STYLED_ITEM ( 'NONE', ( #735 ), #744 ) ;
#1228 = DIRECTION ( 'NONE',  ( 1.000000000000000000, 0.000000000000000000, 0.000000000000000000 ) ) ;
#1229 = SURFACE_STYLE_FILL_AREA ( #3 ) ;
#1230 = LINE ( 'NONE', #570, #277 ) ;
#1231 = CARTESIAN_POINT ( 'NONE',  ( 500000.0000000000582, 0.01500000000000009312, 0.1449999999566318198 ) ) ;
#1232 = FACE_OUTER_BOUND ( 'NONE', #1422, .T. ) ;
#1233 = EDGE_CURVE ( 'NONE', #629, #567, #1163, .T. ) ;
#1234 = DIRECTION ( 'NONE',  ( 1.000000000000000000, 0.000000000000000000, 0.000000000000000000 ) ) ;
#1235 = DIRECTION ( 'NONE',  ( 0.000000000000000000, 0.000000000000000000, 1.000000000000000000 ) ) ;
#1236 = CARTESIAN_POINT ( 'NONE',  ( 0.2000000000066393113, 0.3250000000000000111, -0.1349999999999999811 ) ) ;
#1237 = DIRECTION ( 'NONE',  ( 0.000000000000000000, 0.000000000000000000, 1.000000000000000000 ) ) ;
#1238 = DIRECTION ( 'NONE',  ( 0.000000000000000000, 0.000000000000000000, -1.000000000000000000 ) ) ;
#1239 = FACE_OUTER_BOUND ( 'NONE', #948, .T. ) ;
#1240 = SPHERICAL_SURFACE ( 'NONE', #450, 0.01499999999999999944 ) ;
#1241 = DIRECTION ( 'NONE',  ( 0.000000000000000000, 0.000000000000000000, 1.000000000000000000 ) ) ;
#1242 = EDGE_CURVE ( 'NONE', #629, #60, #1193, .T. ) ;
#1243 = CYLINDRICAL_SURFACE ( 'NONE', #979, 0.01499999999999998557 ) ;
#1244 = AXIS2_PLACEMENT_3D ( 'NONE', #1110, #1234, #1425 ) ;
#1245 = PLANE ( 'NONE',  #1330 ) ;
#1246 = CARTESIAN_POINT ( 'NONE',  ( -0.1999999999999999278, 0.3300000000000000155, 0.1499999999999999667 ) ) ;
#1247 = PRODUCT_DEFINITION_CONTEXT ( 'detailed design', #299, 'design' ) ;
#1248 = APPLICATION_PROTOCOL_DEFINITION ( 'draft international standard', 'automotive_design', 1998, #1267 ) ;
#1249 = CYLINDRICAL_SURFACE ( 'NONE', #1123, 0.01499999999999998557 ) ;
#1250 = DIRECTION ( 'NONE',  ( -1.000000000000000000, -0.000000000000000000, 8.673617379884036705E-17 ) ) ;
#1251 = AXIS2_PLACEMENT_3D ( 'NONE', #1082, #1053, #1220 ) ;
#1252 =( NAMED_UNIT ( * ) PLANE_ANGLE_UNIT ( ) SI_UNIT ( $, .RADIAN. ) );
#1253 = CYLINDRICAL_SURFACE ( 'NONE', #1370, 0.01499999999999999944 ) ;
#1254 = DIRECTION ( 'NONE',  ( 1.000000000000000000, 0.000000000000000000, -8.673617379884036705E-17 ) ) ;
#1255 = COLOUR_RGB ( '',0.7294117647058823151, 0.3568627450980392246, 0.02352941176470588203 ) ;
#1256 = SURFACE_STYLE_USAGE ( .BOTH. , #1168 ) ;
#1257 = DIRECTION ( 'NONE',  ( 1.000000000000000000, -0.000000000000000000, -0.000000000000000000 ) ) ;
#1258 = SURFACE_STYLE_USAGE ( .BOTH. , #800 ) ;
#1259 = CIRCLE ( 'NONE', #1244, 0.009999999999999998473 ) ;
#1260 = ADVANCED_FACE ( 'NONE', ( #713 ), #224, .T. ) ;
#1261 = AXIS2_PLACEMENT_3D ( 'NONE', #1223, #1413, #1102 ) ;
#1262 = VECTOR ( 'NONE', #976, 1000.000000000000000 ) ;
#1263 = EDGE_CURVE ( 'NONE', #641, #567, #676, .T. ) ;
#1264 = CIRCLE ( 'NONE', #1219, 0.01499999999999998557 ) ;
#1265 = DIRECTION ( 'NONE',  ( 0.000000000000000000, 0.000000000000000000, -1.000000000000000000 ) ) ;
#1266 =( LENGTH_UNIT ( ) NAMED_UNIT ( * ) SI_UNIT ( .MILLI., .METRE. ) );
#1267 = APPLICATION_CONTEXT ( 'automotive_design' ) ;
#1268 = AXIS2_PLACEMENT_3D ( 'NONE', #902, #1031, #988 ) ;
#1269 = DIRECTION ( 'NONE',  ( -1.000000000000000000, 0.000000000000000000, 0.000000000000000000 ) ) ;
#1270 = DIRECTION ( 'NONE',  ( -1.000000000000000000, -0.000000000000000000, 8.673617379884036705E-17 ) ) ;
#1271 = CARTESIAN_POINT ( 'NONE',  ( -0.2849999999999999201, 0.01499999999999998557, 0.1349999999999999811 ) ) ;
#1272 = CARTESIAN_POINT ( 'NONE',  ( -0.1999999999999999278, 0.01500000000000009312, 0.1449999999999999345 ) ) ;
#1273 = DIRECTION ( 'NONE',  ( -1.000000000000000000, -0.000000000000000000, 8.673617379884036705E-17 ) ) ;
#1274 = UNCERTAINTY_MEASURE_WITH_UNIT (LENGTH_MEASURE( 1.000000000000000082E-05 ), #316, 'distance_accuracy_value', 'NONE');
#1275 = COLOUR_RGB ( '',0.7294117647058823151, 0.3568627450980392246, 0.02352941176470588203 ) ;
#1276 = SURFACE_SIDE_STYLE ('',( #184 ) ) ;
#1277 = UNCERTAINTY_MEASURE_WITH_UNIT (LENGTH_MEASURE( 1.000000000000000082E-05 ), #421, 'distance_accuracy_value', 'NONE');
#1278 = AXIS2_PLACEMENT_3D ( 'NONE', #331, #499, #954 ) ;
#1279 = CARTESIAN_POINT ( 'NONE',  ( 0.2849999999999999201, 0.3150000000000000022, 0.1349999999999999811 ) ) ;
#1280 = SURFACE_STYLE_USAGE ( .BOTH. , #44 ) ;
#1281 = COLOUR_RGB ( '',0.7921568627450980005, 0.8196078431372548767, 0.9333333333333333481 ) ;
#1282 = EDGE_CURVE ( 'NONE', #1034, #629, #249, .T. ) ;
#1283 = CARTESIAN_POINT ( 'NONE',  ( 500000.0000000000582, 0.3150000000000000022, 0.1349999999566318665 ) ) ;
#1284 = DIRECTION ( 'NONE',  ( -1.000000000000000000, 0.000000000000000000, 0.000000000000000000 ) ) ;
#1285 = EDGE_CURVE ( 'NONE', #1055, #548, #220, .T. ) ;
#1286 = VECTOR ( 'NONE', #959, 1000.000000000000000 ) ;
#1287 = CARTESIAN_POINT ( 'NONE',  ( 0.2849999999999999756, 0.3150000000000000022, -0.1499999999999999389 ) ) ;
#1288 = DIRECTION ( 'NONE',  ( 0.000000000000000000, 1.000000000000000000, 0.000000000000000000 ) ) ;
#1289 = AXIS2_PLACEMENT_3D ( 'NONE', #696, #453, #347 ) ;
#1290 = FACE_OUTER_BOUND ( 'NONE', #126, .T. ) ;
#1291 = DIRECTION ( 'NONE',  ( 0.000000000000000000, -0.000000000000000000, -1.000000000000000000 ) ) ;
#1292 = CARTESIAN_POINT ( 'NONE',  ( -0.2849999999999999756, 0.01499999999999998557, -0.1349999999999999256 ) ) ;
#1293 = LINE ( 'NONE', #829, #803 ) ;
#1294 = FILL_AREA_STYLE ('',( #508 ) ) ;
#1295 = LINE ( 'NONE', #928, #336 ) ;
#1296 = PLANE ( 'NONE',  #364 ) ;
#1297 = EDGE_CURVE ( 'NONE', #558, #160, #692, .T. ) ;
#1298 = AXIS2_PLACEMENT_3D ( 'NONE', #464, #718, #814 ) ;
#1299 = EDGE_CURVE ( 'NONE', #544, #1011, #229, .T. ) ;
#1300 = COLOUR_RGB ( '',0.7294117647058823151, 0.3568627450980392246, 0.02352941176470588203 ) ;
#1301 = MECHANICAL_DESIGN_GEOMETRIC_PRESENTATION_REPRESENTATION (  '', ( #315 ), #782 ) ;
#1302 = DIRECTION ( 'NONE',  ( 0.000000000000000000, -1.000000000000000000, -0.000000000000000000 ) ) ;
#1303 = SURFACE_STYLE_FILL_AREA ( #900 ) ;
#1304 = DIRECTION ( 'NONE',  ( 0.000000000000000000, -1.000000000000000000, -0.000000000000000000 ) ) ;
#1305 = SURFACE_STYLE_FILL_AREA ( #918 ) ;
#1306 = EDGE_CURVE ( 'NONE', #580, #523, #1155, .T. ) ;
#1307 = SURFACE_STYLE_USAGE ( .BOTH. , #265 ) ;
#1308 = CIRCLE ( 'NONE', #805, 0.01499999999999998557 ) ;
#1309 = DIRECTION ( 'NONE',  ( -1.807003620809174632E-16, 0.000000000000000000, 1.000000000000000000 ) ) ;
#1310 = STYLED_ITEM ( 'NONE', ( #207 ), #1 ) ;
#1311 = LINE ( 'NONE', #1195, #1339 ) ;
#1312 = ADVANCED_FACE ( 'NONE', ( #1158 ), #1245, .F. ) ;
#1313 = EDGE_CURVE ( 'NONE', #581, #1014, #246, .T. ) ;
#1314 = AXIS2_PLACEMENT_3D ( 'NONE', #946, #659, #1406 ) ;
#1315 = LINE ( 'NONE', #808, #378 ) ;
#1316 = FILL_AREA_STYLE_COLOUR ( '', #203 ) ;
#1317 = DIRECTION ( 'NONE',  ( 1.000000000000000000, 0.000000000000000000, -0.000000000000000000 ) ) ;
#1318 = CYLINDRICAL_SURFACE ( 'NONE', #1261, 0.01499999999999998557 ) ;
#1319 = ADVANCED_FACE ( 'NONE', ( #697 ), #72, .F. ) ;
#1320 = VECTOR ( 'NONE', #1038, 1000.000000000000000 ) ;
#1321 = EDGE_CURVE ( 'NONE', #637, #1096, #1188, .T. ) ;
#1322 = CARTESIAN_POINT ( 'NONE',  ( -0.2850000000000000311, 0.3150000000000000022, -0.1349999999999999256 ) ) ;
#1323 = PRESENTATION_LAYER_ASSIGNMENT (  '', '', ( #863 ) ) ;
#1324 = DIRECTION ( 'NONE',  ( 1.000000000000000000, 0.000000000000000000, 0.000000000000000000 ) ) ;
#1325 = COLOUR_RGB ( '',0.7294117647058823151, 0.3568627450980392246, 0.02352941176470588203 ) ;
#1326 = DIRECTION ( 'NONE',  ( 0.000000000000000000, 0.000000000000000000, 1.000000000000000000 ) ) ;
#1327 = VECTOR ( 'NONE', #472, 1000.000000000000000 ) ;
#1328 = CARTESIAN_POINT ( 'NONE',  ( 0.2999999999999999334, 0.3150000000000000022, 0.1349999999999999811 ) ) ;
#1329 = FACE_OUTER_BOUND ( 'NONE', #672, .T. ) ;
#1330 = AXIS2_PLACEMENT_3D ( 'NONE', #468, #307, #440 ) ;
#1331 = PLANE ( 'NONE',  #850 ) ;
#1332 = LINE ( 'NONE', #401, #385 ) ;
#1333 = ADVANCED_FACE ( 'NONE', ( #680 ), #82, .F. ) ;
#1334 = DIRECTION ( 'NONE',  ( -1.000000000000000000, -0.000000000000000000, 8.673617379884036705E-17 ) ) ;
#1335 = AXIS2_PLACEMENT_3D ( 'NONE', #938, #1077, #643 ) ;
#1336 = CARTESIAN_POINT ( 'NONE',  ( 0.1999999999999999278, 0.01499999999999998557, 0.1349999999999999811 ) ) ;
#1337 = LINE ( 'NONE', #274, #868 ) ;
#1338 = EDGE_CURVE ( 'NONE', #581, #510, #218, .T. ) ;
#1339 = VECTOR ( 'NONE', #1270, 1000.000000000000000 ) ;
#1340 = CARTESIAN_POINT ( 'NONE',  ( -0.2850000000000000311, 0.3300000000000000155, -0.1349999999999999256 ) ) ;
#1341 = ADVANCED_FACE ( 'NONE', ( #253 ), #1169, .T. ) ;
#1342 = SURFACE_SIDE_STYLE ('',( #1303 ) ) ;
#1343 = LINE ( 'NONE', #777, #1344 ) ;
#1344 = VECTOR ( 'NONE', #456, 1000.000000000000000 ) ;
#1345 = DIRECTION ( 'NONE',  ( 0.000000000000000000, 1.000000000000000000, -9.035018104045874392E-17 ) ) ;
#1346 = DIRECTION ( 'NONE',  ( 0.000000000000000000, 0.000000000000000000, 1.000000000000000000 ) ) ;
#1347 = DIRECTION ( 'NONE',  ( 0.000000000000000000, 0.000000000000000000, -1.000000000000000000 ) ) ;
#1348 = CARTESIAN_POINT ( 'NONE',  ( 0.2000000000066393113, 0.3250000000000000111, -0.1350000000433680403 ) ) ;
#1349 = EDGE_CURVE ( 'NONE', #637, #943, #703, .T. ) ;
#1350 = CARTESIAN_POINT ( 'NONE',  ( 0.2000000000066393113, 0.005000000000000006176, 0.1349999999999998979 ) ) ;
#1351 = EDGE_CURVE ( 'NONE', #136, #578, #1151, .T. ) ;
#1352 = VECTOR ( 'NONE', #353, 1000.000000000000000 ) ;
#1353 = CARTESIAN_POINT ( 'NONE',  ( 0.2999999999999999889, 0.3150000000000000022, -0.1349999999999999256 ) ) ;
#1354 = AXIS2_PLACEMENT_3D ( 'NONE', #257, #1334, #354 ) ;
#1355 = CARTESIAN_POINT ( 'NONE',  ( -0.2849999999999999201, 0.3150000000000000022, 0.1349999999999999811 ) ) ;
#1356 = VECTOR ( 'NONE', #707, 1000.000000000000000 ) ;
#1357 = DIRECTION ( 'NONE',  ( 0.000000000000000000, 0.000000000000000000, 1.000000000000000000 ) ) ;
#1358 = DIRECTION ( 'NONE',  ( 0.000000000000000000, 0.000000000000000000, 1.000000000000000000 ) ) ;
#1359 = FACE_OUTER_BOUND ( 'NONE', #1403, .T. ) ;
#1360 =( LENGTH_UNIT ( ) NAMED_UNIT ( * ) SI_UNIT ( .MILLI., .METRE. ) );
#1361 = VECTOR ( 'NONE', #527, 1000.000000000000000 ) ;
#1362 = EDGE_CURVE ( 'NONE', #601, #956, #1182, .T. ) ;
#1363 = DIRECTION ( 'NONE',  ( 0.000000000000000000, 0.000000000000000000, 1.000000000000000000 ) ) ;
#1364 =( LENGTH_UNIT ( ) NAMED_UNIT ( * ) SI_UNIT ( .MILLI., .METRE. ) );
#1365 = AXIS2_PLACEMENT_3D ( 'NONE', #1161, #169, #1009 ) ;
#1366 = CIRCLE ( 'NONE', #471, 0.01499999999999998557 ) ;
#1367 = UNCERTAINTY_MEASURE_WITH_UNIT (LENGTH_MEASURE( 1.000000000000000082E-05 ), #1360, 'distance_accuracy_value', 'NONE');
#1368 = ADVANCED_FACE ( 'NONE', ( #210 ), #665, .T. ) ;
#1369 = DIRECTION ( 'NONE',  ( 0.000000000000000000, 0.000000000000000000, -1.000000000000000000 ) ) ;
#1370 = AXIS2_PLACEMENT_3D ( 'NONE', #352, #668, #525 ) ;
#1371 = FACE_OUTER_BOUND ( 'NONE', #1007, .T. ) ;
#1372 = DIRECTION ( 'NONE',  ( 0.000000000000000000, -1.000000000000000000, 0.000000000000000000 ) ) ;
#1373 = ADVANCED_FACE ( 'NONE', ( #1165 ), #233, .T. ) ;
#1374 = SURFACE_SIDE_STYLE ('',( #1305 ) ) ;
#1375 = FILL_AREA_STYLE_COLOUR ( '', #901 ) ;
#1376 = LINE ( 'NONE', #430, #1361 ) ;
#1377 =( NAMED_UNIT ( * ) SI_UNIT ( $, .STERADIAN. ) SOLID_ANGLE_UNIT ( ) );
#1378 = AXIS2_PLACEMENT_3D ( 'NONE', #1156, #1257, #904 ) ;
#1379 = DIRECTION ( 'NONE',  ( -1.000000000000000000, -0.000000000000000000, 8.673617379884036705E-17 ) ) ;
#1380 =( NAMED_UNIT ( * ) PLANE_ANGLE_UNIT ( ) SI_UNIT ( $, .RADIAN. ) );
#1381 = CARTESIAN_POINT ( 'NONE',  ( -0.1999999999999999278, 0.3150000000000000022, -0.1349999999999999256 ) ) ;
#1382 = CARTESIAN_POINT ( 'NONE',  ( 0.2849999999999999201, 0.3150000000000000022, 0.1349999999999999811 ) ) ;
#1383 = CYLINDRICAL_SURFACE ( 'NONE', #756, 0.01499999999999998557 ) ;
#1384 = EDGE_CURVE ( 'NONE', #1416, #48, #670, .T. ) ;
#1385 = PRODUCT ( '0.60.30.330.1', '0.60.30.330.1', '', ( #21 ) ) ;
#1386 = SURFACE_STYLE_FILL_AREA ( #40 ) ;
#1387 = PRESENTATION_LAYER_ASSIGNMENT (  '', '', ( #1206 ) ) ;
#1388 = CIRCLE ( 'NONE', #1378, 0.01499999999999999944 ) ;
#1389 =( NAMED_UNIT ( * ) SI_UNIT ( $, .STERADIAN. ) SOLID_ANGLE_UNIT ( ) );
#1390 = DIRECTION ( 'NONE',  ( -1.000000000000000000, 0.000000000000000000, 0.000000000000000000 ) ) ;
#1391 = CARTESIAN_POINT ( 'NONE',  ( 0.2849999999999999201, 0.01499999999999998557, 0.1349999999999999811 ) ) ;
#1392 = FACE_OUTER_BOUND ( 'NONE', #646, .T. ) ;
#1393 = AXIS2_PLACEMENT_3D ( 'NONE', #343, #1399, #852 ) ;
#1394 = ADVANCED_FACE ( 'NONE', ( #239 ), #243, .T. ) ;
#1395 = LINE ( 'NONE', #470, #442 ) ;
#1396 = AXIS2_PLACEMENT_3D ( 'NONE', #164, #374, #896 ) ;
#1397 = LINE ( 'NONE', #983, #907 ) ;
#1398 = SURFACE_SIDE_STYLE ('',( #686 ) ) ;
#1399 = DIRECTION ( 'NONE',  ( 0.000000000000000000, 0.000000000000000000, 1.000000000000000000 ) ) ;
#1400 = EDGE_CURVE ( 'NONE', #120, #564, #1196, .T. ) ;
#1401 = SPHERICAL_SURFACE ( 'NONE', #1159, 0.01499999999999999944 ) ;
#1402 = PRESENTATION_LAYER_ASSIGNMENT (  '', '', ( #1310 ) ) ;
#1403 = EDGE_LOOP ( 'NONE', ( #1099, #73, #655, #166 ) ) ;
#1404 = ADVANCED_FACE ( 'NONE', ( #684 ), #708, .T. ) ;
#1405 = CARTESIAN_POINT ( 'NONE',  ( -0.2849999999999999201, 0.01499999999999998557, 0.1349999999999999811 ) ) ;
#1406 = DIRECTION ( 'NONE',  ( 1.000000000000000000, 0.000000000000000000, 0.000000000000000000 ) ) ;
#1407 = CARTESIAN_POINT ( 'NONE',  ( 0.2849999999999999201, 0.01499999999999999944, 0.1349999999999999811 ) ) ;
#1408 =( GEOMETRIC_REPRESENTATION_CONTEXT ( 3 ) GLOBAL_UNCERTAINTY_ASSIGNED_CONTEXT ( ( #682 ) ) GLOBAL_UNIT_ASSIGNED_CONTEXT ( ( #877, #547, #690 ) ) REPRESENTATION_CONTEXT ( 'NONE', 'WORKASPACE' ) );
#1409 = ADVANCED_FACE ( 'NONE', ( #1176 ), #1296, .F. ) ;
#1410 = EDGE_CURVE ( 'NONE', #1011, #558, #1230, .T. ) ;
#1411 = DIRECTION ( 'NONE',  ( 1.000000000000000000, -0.000000000000000000, -0.000000000000000000 ) ) ;
#1412 =( NAMED_UNIT ( * ) SI_UNIT ( $, .STERADIAN. ) SOLID_ANGLE_UNIT ( ) );
#1413 = DIRECTION ( 'NONE',  ( 1.807003620809174632E-16, -0.000000000000000000, 1.000000000000000000 ) ) ;
#1414 = MECHANICAL_DESIGN_GEOMETRIC_PRESENTATION_REPRESENTATION (  '', ( #437 ), #565 ) ;
#1415 = VERTEX_POINT ( 'NONE', #1236 ) ;
#1416 = VERTEX_POINT ( 'NONE', #709 ) ;
#1417 = AXIS2_PLACEMENT_3D ( 'NONE', #869, #879, #978 ) ;
#1418 = SURFACE_STYLE_USAGE ( .BOTH. , #783 ) ;
#1419 = CARTESIAN_POINT ( 'NONE',  ( -0.2999999999999999889, 0.01499999999999998557, -0.1349999999999999256 ) ) ;
#1420 = DIRECTION ( 'NONE',  ( 1.807003620809174632E-16, -0.000000000000000000, 1.000000000000000000 ) ) ;
#1421 = CARTESIAN_POINT ( 'NONE',  ( 0.2999999999999999889, 0.01499999999999998557, -0.1499999999999999389 ) ) ;
#1422 = EDGE_LOOP ( 'NONE', ( #162, #1125, #952, #144 ) ) ;
#1423 = CARTESIAN_POINT ( 'NONE',  ( 0.2999999999999999889, 0.01499999999999998557, -0.1499999999999999389 ) ) ;
#1424 = EDGE_CURVE ( 'NONE', #460, #498, #1225, .T. ) ;
#1425 = DIRECTION ( 'NONE',  ( 0.000000000000000000, 0.000000000000000000, -1.000000000000000000 ) ) ;
#1426 = AXIS2_PLACEMENT_3D ( 'NONE', #716, #745, #840 ) ;
#1427 = CARTESIAN_POINT ( 'NONE',  ( 0.2849999999999999756, 0.01499999999999998557, -0.1499999999999999389 ) ) ;
#1428 = DIRECTION ( 'NONE',  ( -1.000000000000000000, 0.000000000000000000, 0.000000000000000000 ) ) ;
#1429 = ORIENTED_EDGE ( 'NONE', *, *, #780, .T. ) ;
#1430 = ADVANCED_FACE ( 'NONE', ( #304 ), #11, .F. ) ;
ENDSEC;
END-ISO-10303-21;
